tema	consulta	cuenta	vistas	min	fecha_aprox	canal	titulo	url
camino	Camino de Santiago historia	True	369679	26	20251102	Crónicas de la Historia	La Historia del CAMINO de SANTIAGO ✅ el origen, las leyendas y la peregrinación que CAMBIÓ EUROPA	https://youtu.be/94PWuzL7eKQ
camino	Camino de Santiago historia	True	458799	2	20201002	AMC Global Media Iberia	The SECRETS and HISTORY of the Camino de Santiago | HISTORY Channel	https://youtu.be/YroDGyp7HAk
camino	Camino de Santiago historia	True	474479	49	20151002	Planet Doc	Camino de Santiago. El Templo de las Estrellas (Documental Completo)	https://youtu.be/iL5EB3zRFRg
camino	Camino de Santiago historia	True	228659	25	20251002	Homo Narrans	La Verdad sobre el Origen del Camino de Santiago	https://youtu.be/QO3m-chKMkY
camino	Camino de Santiago historia	True	46586	29	20251002	Becartlien	Camino de Santiago: Historia, Consejos y Camino Francés desde Sarria	https://youtu.be/4NWNbvLz0H4
camino	Camino de Santiago historia	False	39940	6	20251002	History of Spain	The Way of St. James: History and Origins	https://youtu.be/EFjZLyIPewc
camino	Camino de Santiago historia	True	141540	75	20201002	Fundación Juan March	Los orígenes del Camino de Santiago | Fernando López Alsina	https://youtu.be/5urgcIt6cv0
camino	Camino de Santiago historia	True	6077	8	20251002	Language Teacher on the Camino	The Epic Journey of the Camino de Santiago: A Complete History	https://youtu.be/wJVllOsCI04
camino	Camino de Santiago historia	True	342547	44	20251002	Cultura Fascinante	El CAMINO de SANTIAGO · Ruta Histórica	https://youtu.be/m9yf4sGYk8w
camino	Camino de Santiago historia	True	95012	2	20191002	El Camino con Correos	Historia del Camino de Santiago (1 de 4) | El Camino con Correos	https://youtu.be/ltir6QyhPQw
camino	Camino de Santiago historia	True	63923	103	20251002	El Canal del Coronel	Historia y leyendas del Camino de Santiago	https://youtu.be/Gy2R10GGNcE
camino	Camino de Santiago historia	True	1897	5	20221002	Àlvar Peregrino	La HISTORIA del Camino de Santiago RESUMIDA	https://youtu.be/aoCEZDjJcZE
camino	Camino de Santiago historia	True	43956	110	20191002	Gnosis Video	El Camino de Santiago de Compostela	https://youtu.be/-Naw-i0JbyM
camino	Camino de Santiago historia	True	14131	36	20260102	Cultura Fascinante	¿Cuál es el verdadero significado del Camino de Santiago?	https://youtu.be/YjSve7DP9tw
camino	Camino de Santiago historia	True	71867	12	20251002	Viaje com a História	Descubre la VERDADERA historia detrás de la FAMA de Santiago de Compostela	https://youtu.be/Z8070iX2tGY
camino	Camino de Santiago historia	True	14122	80	20260402	RELATOS AL OIDO 	🔴FALL ASLEEP TO THE TRUE HISTORY AND LEGENDS OF SANTIAGO DE COMPOSTELA YOU DIDN'T KNOW	https://youtu.be/oF6KuPjS49M
camino	Camino de Santiago historia	True	21805	20	20260402	Postales del Pasado	This is what life was like in Santiago de Compostela in 820 AD | The Mystery that Changed Europe ...	https://youtu.be/EiKfdNcd6EA
camino	Camino de Santiago historia	False	238200	8	20211002	ProfeDeELE.es	Everything about the CAMINO DE SANTIAGO 🚶‍♀️🚶‍♂️ | In 8 minutes ⏰	https://youtu.be/_5wBpqi3rYg
camino	Camino de Santiago historia	True	1604	8	20201002	Ośrodek Chopinowski w Szafarni	Camino de Santiago historia i teraźniejszość	https://youtu.be/m5SN1KYkEQg
camino	Camino de Santiago historia	False	54918	4	20201002	unProfesor	History of "The Way of St. James"	https://youtu.be/2Cnz6k4KH8g
camino	Camino de Santiago para dormir	True	6384	7	20231002	Nick Living Life 	Camino de Santiago Tips | HOW TO BOOK YOUR ACCOMMODATION	https://youtu.be/F2fnPb9xws4
camino	Camino de Santiago para dormir	True	21371	20	20211002	Manel Peregrino	🔴 Donde DORMIR, COMER y el PRESUPUESTO del Camino de Santiago 😴	https://youtu.be/cgfOeIViPMQ
camino	Camino de Santiago para dormir	True	87258	3	20241002	Tubuencamino	All about HOSTELS 🏨 Where to rest during the Camino de Santiago? 🌙🛌	https://youtu.be/XRMIHPrgbKE
camino	Camino de Santiago para dormir	False	7092	180	20211002	Meditation Music	3 Hours of Relaxing Music • Camino de Santiago	https://youtu.be/49MdWVM79P4
camino	Camino de Santiago para dormir	True	47507	40	20260202	Relatos Católicos	El Peregrino que No Sabía a dónde iba, pero Dios sí | Santiago de Compostela	https://youtu.be/t82_ejf9jV8
camino	Camino de Santiago para dormir	True	920	7	20260502	The World by Pablo	Which Hostel to Choose on the Camino de Santiago (Complete Guide)	https://youtu.be/zb9qdFrYpBE
camino	Camino de Santiago para dormir	True	15221	8	20221002	Me pone viajar	Last 100 km of the Camino de Santiago from Sarria - Where to sleep, eat, and how to get to Sarria...	https://youtu.be/2RQWrdMOPiI
camino	Camino de Santiago para dormir	True	10526	12	20231002	Caminotellers	La CLAVE para dormir bien en el Camino de Santiago	https://youtu.be/0Wfj4h6uGxU
camino	Camino de Santiago para dormir	True	9874	8	20221002	Manel Peregrino	Which SLEEPING BAG 😴 to choose for the Camino de Santiago	https://youtu.be/lDmqDQhInFM
camino	Camino de Santiago para dormir	True	25	7	20241002	Spanish for the Camino	10. Dónde dormir en el Camino de Santiago	https://youtu.be/WyNdU5jD6Vo
camino	Camino de Santiago para dormir	True	6713	5	20251002	Viajes Camino de Santiago	¿Cómo es un Albergue de Peregrinos? | Te lo contamos TODO | Camino de Santiago 2025	https://youtu.be/euOe6rgNlw8
camino	Camino de Santiago para dormir	True	35380	58	20251002	QNTLC	How to walk the Camino de Santiago? Talking with the protagonists	https://youtu.be/9CgaEC88UjE
camino	Camino de Santiago para dormir	True	73568	14	20260102	Pies y Pedales	Don't do the Camino de Santiago without knowing THIS (Let’s talk Money)	https://youtu.be/3DzrVU2t8yY
camino	Camino de Santiago para dormir	False	80239	10	20260102	Pies y Pedales	Beware of the 'Tourist Trap': What hostels are hiding 🚫	https://youtu.be/EstnrvohNe0
camino	Camino de Santiago para dormir	True	4772	7	20251002	Aventuras a Pie - Camino de Santiago, Grecia y más	Saco de dormir o sabana? Lo mejor para el Camino de Santiago en verano.	https://youtu.be/Ir6jRapt78o
camino	Camino de Santiago para dormir	True	369679	26	20251102	Crónicas de la Historia	La Historia del CAMINO de SANTIAGO ✅ el origen, las leyendas y la peregrinación que CAMBIÓ EUROPA	https://youtu.be/94PWuzL7eKQ
camino	Camino de Santiago para dormir	False	199044	13	20231002	Carme Fontanet	17 THINGS NOBODY TALKS ABOUT that I wish I had known BEFORE HIKING THE CAMINO DE SANTIAGO	https://youtu.be/RKjebSGT20g
camino	Camino de Santiago para dormir	True	7134	22	20231002	Pasean2s	Hospedaje BARATO vs CARO | ¿Dónde dormir en el Camino de Santiago? | Pasean2s	https://youtu.be/SPp8wzoODT4
camino	Camino de Santiago para dormir	True	6717	10	20211002	Manel Peregrino	🔴 SACO de DORMIR y BASTONES para el Camino de Santiago 😴🥢	https://youtu.be/Yubg9WiHuoY
camino	Camino de Santiago para dormir	False	5008	88	20251002	Sacra Ferrum	Camino de Santiago – 90min Spiritual Music Mix 🕯️ Vézelay & Norte Route | Deep Pilgrimage Journey	https://youtu.be/X9Yta9kP_3s
camino	Códice Calixtino robo	False	1214405	53	20231002	RTVE Play	El robo del Códice | CAPÍTULO 1 | RTVE Play	https://youtu.be/uZgzIUVUYn8
camino	Códice Calixtino robo	True	10785	1	20151002	Antena 3 Noticias	Footage revealing the robberies by the Codex Calixtinus thief	https://youtu.be/VcB5mK4_Lr0
camino	Códice Calixtino robo	True	672	1	20121002	Europa Press	Prisión para electricista que robó el Códice Calixtino	https://youtu.be/BtXqSM5NMTM
camino	Códice Calixtino robo	True	8	2	20260902	Legajo Oculto (Hidden Case File)	Codex Calixtinus: The Theft That Hid Another Theft	https://youtu.be/cTbgxosw2R0
camino	Códice Calixtino robo	True	961	25	20260302	Onda Cero	Luis Rendueles, sobre el robo del Códice Calixtino: "Nunca había visto un lugar del crimen igual"	https://youtu.be/12Oy95KoznE
camino	Códice Calixtino robo	True	534	1	20260802	laSexta	Quince años del robo del Códice Calixtino, la joya de la Catedral de Santiago - laSexta Noticias	https://youtu.be/P4c68QOmX_w
camino	Códice Calixtino robo	True	1445	1	20121002	Moleiro Editor	Códice Calixtino‎ - Entrevista M. Moleiro	https://youtu.be/VGJ-a608ojM
camino	Códice Calixtino robo	False	3324	59	20171002	V television Galicia	«Vía V» El robo del códice busca sentencia (cap. 809 - parte 2 - 22/01/15)	https://youtu.be/D6BRwpK5jpc
camino	Códice Calixtino robo	True	5535	0	20121002	AGENCIA EFE	El electricista confiesa haber robado el Códice Calixtino	https://youtu.be/oli-NEG-dbM
camino	Códice Calixtino robo	True	3530	1	20151002	laSexta Noticias	Castiñeiras tells the judge he doesn't remember confessing to stealing the Codex Calixtinus	https://youtu.be/8WECiDk2MWg
camino	Códice Calixtino robo	True	1354	1	20111002	cerestv	Extraño robo: Desaparece de la catedral de Santiago el Códice Calixtino	https://youtu.be/3SQ_w3T4e8E
camino	Códice Calixtino robo	True	1691	1	20121002	AGENCIA EFE	The suspect in the theft of the Codex Calixtinus says he doesn't remember anything.	https://youtu.be/B8bcub65S3o
camino	Códice Calixtino robo	True	3002	0	20111002	A92noticias	El robo del Siglo - Desaparece el Códice Calixtino	https://youtu.be/LO0_ft_iS4A
camino	Códice Calixtino robo	True	218	28	20251002	AquariusHispania 	Guardians of Heritage: Operation Calixtino | TVE Documentary | Theft at the Cathedral of Santiago	https://youtu.be/fyyV2U60rvA
camino	Códice Calixtino robo	False	9950	1	20231002	RTVE Play	El robo del Códice | YA DISPONIBLE | Tráiler oficial | RTVE Play	https://youtu.be/WwSdRhxARII
camino	Códice Calixtino robo	False	178	1	20171002	V television Galicia	El juicio por el robo del Códice, visto para sentencia	https://youtu.be/CjScCzuRJpk
camino	Códice Calixtino robo	False	1718	1	20121002	AGENCIA EFE	El electricista del Códice tenía un maletín con otros 600.000 euros	https://youtu.be/nsl785G4r94
camino	Códice Calixtino robo	True	7655	4	20151002	laSexta	Dani Mateo: "El robo del Códice Calixtino ha sido extremadamente cutre"	https://youtu.be/-hpD-O8ExBw
camino	Códice Calixtino robo	True	1700	1	20171002	EL PAÍS	Cinco años de la recuperación del Código Calixtino | España	https://youtu.be/J9shZjDYazs
camino	Códice Calixtino robo	True	706	1	20121002	cerestv	La Policía recupera el Códice Calixtino en un garaje	https://youtu.be/2PftSLi4t50
camino	historia do Camiño de Santiago	True	369679	26	20251102	Crónicas de la Historia	La Historia del CAMINO de SANTIAGO ✅ el origen, las leyendas y la peregrinación que CAMBIÓ EUROPA	https://youtu.be/94PWuzL7eKQ
camino	historia do Camiño de Santiago	True	458799	2	20201002	AMC Global Media Iberia	The SECRETS and HISTORY of the Camino de Santiago | HISTORY Channel	https://youtu.be/YroDGyp7HAk
camino	historia do Camiño de Santiago	True	342547	44	20251002	Cultura Fascinante	El CAMINO de SANTIAGO · Ruta Histórica	https://youtu.be/m9yf4sGYk8w
camino	historia do Camiño de Santiago	True	474479	49	20151002	Planet Doc	Camino de Santiago. El Templo de las Estrellas (Documental Completo)	https://youtu.be/iL5EB3zRFRg
camino	historia do Camiño de Santiago	True	92638	59	20161002	eitb	Una historia de vasconia | 6.- A través del Camino de Santiago	https://youtu.be/Sw1CyyK5m_o
camino	historia do Camiño de Santiago	True	183225	38	20260502	Grandes Relatos para Dormir	Camino de Santiago: Mil Doscientos Años de Fe, Cultura y Transformación Humana | Documental	https://youtu.be/XLIu6OW72T8
camino	historia do Camiño de Santiago	True	228659	25	20251002	Homo Narrans	La Verdad sobre el Origen del Camino de Santiago	https://youtu.be/QO3m-chKMkY
camino	historia do Camiño de Santiago	True	63923	103	20251002	El Canal del Coronel	Historia y leyendas del Camino de Santiago	https://youtu.be/Gy2R10GGNcE
camino	historia do Camiño de Santiago	True	36958	87	20251002	Eva Schubert	La historia del Camino de Santiago	https://youtu.be/fSvXNvbWvdE
camino	historia do Camiño de Santiago	False	13477	26	20260929	Todo Noticias	ON THE ROAD I Santiago del Estero, Mother of Cities (Full program from 09/28/2026)	https://youtu.be/N7al8WdoI-U
camino	historia do Camiño de Santiago	False	328782	13	20251202	DW Español	Everything you need to know about the Camino de Santiago	https://youtu.be/E_dQnfpSGz8
camino	historia do Camiño de Santiago	False	238200	8	20211002	ProfeDeELE.es	Everything about the CAMINO DE SANTIAGO 🚶‍♀️🚶‍♂️ | In 8 minutes ⏰	https://youtu.be/_5wBpqi3rYg
camino	historia do Camiño de Santiago	True	33718	27	20251002	Homo Narrans	¿Cómo era el Camino de Santiago en la Edad Media? Crimen, Fe y Milagros	https://youtu.be/xsrwBXaK8Tg
camino	historia do Camiño de Santiago	True	46586	29	20251002	Becartlien	Camino de Santiago: Historia, Consejos y Camino Francés desde Sarria	https://youtu.be/4NWNbvLz0H4
camino	historia do Camiño de Santiago	True	141559	75	20201002	Fundación Juan March	Los orígenes del Camino de Santiago | Fernando López Alsina	https://youtu.be/5urgcIt6cv0
camino	historia do Camiño de Santiago	True	64375	5	20241002	Viajando con Piti & Emi	Camino de Santiago: What is it and why is it done? History, Meaning and Tips for Pilgrims	https://youtu.be/H4fqso1BYV0
camino	historia do Camiño de Santiago	True	41961	13	20251102	DW Travel	Hiking Tips and Moving Stories – on the Camino de Santiago	https://youtu.be/PfOuAxFLM-k
camino	historia do Camiño de Santiago	True	6077	8	20251002	Language Teacher on the Camino	The Epic Journey of the Camino de Santiago: A Complete History	https://youtu.be/wJVllOsCI04
camino	historia do Camiño de Santiago	False	164563	10	20211002	Academia Play	Camino de Santiago and translators in Toledo	https://youtu.be/4NRT1RUyfsA
camino	historia do Camiño de Santiago	True	15403	13	20251002	Historia National Geographic	#Podcast Curiosidades de la Historia | Historia del Camino de Santiago	https://youtu.be/YZpHvwnZpdI
camino	Camino de Santiago sleep story	True	220	86	20260102	The Dreaming Atlas	The Camino de Santiago | A Peaceful Bedtime Story of Pilgrims Walking to the End of the World	https://youtu.be/_xtwKe4VMU4
camino	Camino de Santiago sleep story	True	447	140	20251202	Calm History for Sleep	The Camino de Santiago: Origins, Routes, and Legacy | Calm History for Sleep	https://youtu.be/YRvZfGVi_0g
camino	Camino de Santiago sleep story	True	134	86	20251202	Relax and Let Go	Camino de Santiago Sleep Story 🌧 Guided Visualization for Emotional Restoration & Hope	https://youtu.be/4PZhKYYPAK8
camino	Camino de Santiago sleep story	True	47	57	20260402	The Long Road - Sleep Stories	Camino de Santiago Day 1: Over the Pyrenees — A Long Road Sleep Story	https://youtu.be/uAzUuOoCIYA
camino	Camino de Santiago sleep story	True	35	279	20251002	Dreamtime Histories	Quiet Pilgrims on the Camino de Santiago in Winter | Boring History For Sleep #sleepstory	https://youtu.be/OAlcuhWRHI4
camino	Camino de Santiago sleep story	False	29	139	20260902	Sleep Through Civilization	Walking the Medieval Camino: The Long Road to Santiago | History for Sleep	https://youtu.be/_suXrtykvh0
camino	Camino de Santiago sleep story	False	399181	15	20251002	Travel Light Mel	Before You Walk the Camino de Santiago | 14 Truths You Need to Hear	https://youtu.be/9xG5-z2h42o
camino	Camino de Santiago sleep story	True	6	48	20260402	The Long Road - Sleep Stories	Camino de Santiago Day 2: Through the Forests — A Long Road Sleep Story	https://youtu.be/czMerfg0QGs
camino	Camino de Santiago sleep story	True	7	65	20260402	The Long Road - Sleep Stories	Camino de Santiago Day 4: The Hill of Forgiveness | A Long Road Sleep Story	https://youtu.be/FajvF3MVTJY
camino	Camino de Santiago sleep story	True	62567	13	20201002	Backcountry Pilgrim	Who is the St. James of the Camino de Santiago?	https://youtu.be/qnOxHKXClBk
camino	Camino de Santiago sleep story	True	3	63	20260402	The Long Road - Sleep Stories	Camino de Santiago Day 3: Into Pamplona | A Long Road Sleep Story	https://youtu.be/s249vesIeao
camino	Camino de Santiago sleep story	True	9702	8	20231002	Caminotellers	Why EVERYONE is scared of THIS part of Camino de Santiago?	https://youtu.be/2uYEJuiz1bs
camino	Camino de Santiago sleep story	False	285	157	20260802	Mr&Mrs HISTORY and Henry’s History for Sleep	What Walking to Santiago Was Really Like in 1350 | History for Sleep	https://youtu.be/z3zFT_5skVs
camino	Camino de Santiago sleep story	True	62430	11	20231002	Caminotellers	Is Camino de Santiago from Sarria as bad as everyone thinks?	https://youtu.be/0u2RNsLdoO4
camino	Camino de Santiago sleep story	False	6086	7	20231002	Caminotellers	The story of Camino de Santiagao, our way!	https://youtu.be/Jki_K_mGl_c
camino	Camino de Santiago sleep story	True	6	297	20260402	The Long Road - Sleep Stories	Camino de Santiago: Pyrenees & Navarra | 5-Hour Sleep Walk | Days 1–5	https://youtu.be/WTxHc706W9o
camino	Camino de Santiago sleep story	True	2186	10	20251002	RobsCamino	What IS the Camino de Santiago? - Might Help You Explain it to Others	https://youtu.be/c7Xn75zv670
camino	Camino de Santiago sleep story	True	6299	3	20231002	Sacred Steps | Camino Pilgrimage Tips & Podcasts	Take This INSTEAD of a Sleeping Bag on the Camino de Santiago | Camino 101	https://youtu.be/wAtwXawpO8s
camino	Camino de Santiago sleep story	False	32550	120	20260702	Stephen Dalton Sleep Stories	The Atlantic Road in the West of Ireland: A Cozy Sleep Story	https://youtu.be/F0Or3GriYoM
camino	Camino de Santiago sleep story	True	5	62	20260402	The Long Road - Sleep Stories	Camino de Santiago Day 5: The Roman Road to Estella | A Long Road Sleep Story	https://youtu.be/Q4xax71b2ms
santa_compana	Santa Compaña	True	54372	1	20201002	AMC Global Media Iberia	What is the Santa Compaña? | Legendary Creatures | HISTORY Channel	https://youtu.be/zJXlLebrNfw
santa_compana	Santa Compaña	True	2157	30	20260702	Carajo	SANTA COMPAÑA: SPAIN'S MOST TERRIFYING NOCTURNAL RITUAL | Gordalf	https://youtu.be/1083fnf-qGo
santa_compana	Santa Compaña	False	237734	5	20161002	Radial ES	Mägo de Oz - La Santa Compaña (Audio Oficial) | FINISTERRA	https://youtu.be/ZA7AT9VoAmk
santa_compana	Santa Compaña	True	8539	5	20181002	The best of Oz	[HDVD] | La Santa Compaña [A Costa da Rock] [2003]	https://youtu.be/mZWCWyc5Fr4
santa_compana	Santa Compaña	True	1839268	3	20181002	TikTak Draw	SANTA COMPAÑA 🕯✝ | Draw My Life	https://youtu.be/l1cwV1oCYCE
santa_compana	Santa Compaña	True	204772	2	20221002	Hugo Leon Ortiz Castellanos	The Holy Company	https://youtu.be/pMTVRJ3DQd0
santa_compana	Santa Compaña	True	32968	104	20181002	 Canal de Terrror Jhonny Evil	Milenio 3   La Santa Compaña	https://youtu.be/3AO2EgpqHOQ
santa_compana	Santa Compaña	False	140960	29	20141002	Nuevos Medios	Golpes Bajos - A Santa Compaña (Disco Completo)	https://youtu.be/8OYJzzBkZSI
santa_compana	Santa Compaña	False	241318	5	20221002	Mägo de Oz Lyrics	Mägo de Oz - La Santa Compaña - Letra	https://youtu.be/dPIZZ9mUPXQ
santa_compana	Santa Compaña	True	136040	22	20141002	Voces Anónimas	THE HOLY COMPANY - Episode from the second season of Anonymous Voices with Guillermo Lockhart	https://youtu.be/bNg6-EiHysg
santa_compana	Santa Compaña	True	6054	81	20251102	Historias antes de dormir	The Holy Company: the Galician mystery that unites life and death	https://youtu.be/HiIs26_3adw
santa_compana	Santa Compaña	False	211935	3	20141002	Nuevos Medios	Golpes Bajos - A Santa Compaña (Audio Oficial)	https://youtu.be/_Xeu3iWkRHE
santa_compana	Santa Compaña	True	150147	14	20131002	Telemadrid	The Witnesses of the Santa Compaña	https://youtu.be/de0bPAxYmIY
santa_compana	Santa Compaña	False	86047	5	20251002	Radial ES	Mägo de Oz - La Santa Compana (Lyric Video Oficial) | FINISTERRA	https://youtu.be/w0dV9e4rnoY
santa_compana	Santa Compaña	True	1408	23	20251002	Entrando en el misterio	¿Qué es la Santa Compaña? La leyenda más oscura de España	https://youtu.be/ypyX43wd6n8
santa_compana	Santa Compaña	True	47500	22	20181002	Mega Mitología	GALICIA (Meigas, Santa Compaña y Otras Leyendas)  -  Documentales	https://youtu.be/pNKGd-0RuIE
santa_compana	Santa Compaña	True	5202	87	20260602	El Pergamino Mágico-Cuentos y Leyendas para Dormir	LEGENDS OF GALICIA 🌙 Santa Compaña Tales to Calm the Mind	https://youtu.be/BOEOz6yLI2I
santa_compana	Santa Compaña	False	15010	45	20251202	Cofre de Leyendas	10 Galician legends about souls, witches, and nocturnal paths	https://youtu.be/FI4IUrLtQeA
santa_compana	Santa Compaña	True	5806	67	20241002	Soc. Esp. de Antropología y Tradiciones Populares	Descubriendo la Santa Compaña: Conferencia de Miguel Pedrero	https://youtu.be/drKOyaYh1lI
santa_compana	Santa Compaña	True	2578	28	20251002	Historias Prohibidas	Santa Compaña: La Procesión Fantasmal que Anuncia la Muerte	https://youtu.be/N8f8HCC5Fz0
santa_compana	Santa Compaña para dormir	True	5202	87	20260602	El Pergamino Mágico-Cuentos y Leyendas para Dormir	LEGENDS OF GALICIA 🌙 Santa Compaña Tales to Calm the Mind	https://youtu.be/BOEOz6yLI2I
santa_compana	Santa Compaña para dormir	False	9738	90	20260702	Misterios para Dormir Profundo	FALL ASLEEP TO THE DARKEST LEGENDS OF GALICIA AND ASTURIAS | Horror Audiobook for Sleep	https://youtu.be/zxLVB-kjUmY
santa_compana	Santa Compaña para dormir	False	400	56	20260926	Gaita Galega · Morriña	La Santa Compaña · El Camino de las Almas | Gaita Gallega · 1 Hora de Música Celta	https://youtu.be/_EnbO_vmoDQ
santa_compana	Santa Compaña para dormir	True	6054	81	20251102	Historias antes de dormir	The Holy Company: the Galician mystery that unites life and death	https://youtu.be/HiIs26_3adw
santa_compana	Santa Compaña para dormir	False	15010	45	20251202	Cofre de Leyendas	10 Galician legends about souls, witches, and nocturnal paths	https://youtu.be/FI4IUrLtQeA
santa_compana	Santa Compaña para dormir	True	3713	16	20231002	A R O asmr	ARO ASMR | The Holy Company, a Spanish Legend	https://youtu.be/W2zl_hB0Zhw
santa_compana	Santa Compaña para dormir	True	26	59	20251002	SkyAI Golden Cat	Historias Para Dormir | Susurros del Bosque: La Leyenda de La Santa Compaña 🌌👻	https://youtu.be/a8U3LEuQfKA
santa_compana	Santa Compaña para dormir	True	61	20	20260202	Viajes narrados para dormir	Las Meigas del camino de Santiago y la Santa Compaña 	https://youtu.be/o5ztrUdZbUs
santa_compana	Santa Compaña para dormir	False	49290	128	20251002	RELATOS AL OIDO 	Duérmete con HISTORIAS de Criaturas LEGENDARIAS de España	https://youtu.be/tYhtdruzDWE
santa_compana	Santa Compaña para dormir	False	43516	75	20251002	RELATOS AL OIDO 	FALL ASLEEP to REAL LEGENDS of SPAIN	https://youtu.be/X0E7fJFk79c
santa_compana	Santa Compaña para dormir	True	23	3	20260502	hawai07 hawai07	Santa Compaña 🌫️ Ecos de Galicia en 432Hz | Ambient Místico	https://youtu.be/D7_2fOmIxZM
santa_compana	Santa Compaña para dormir	False	108415	121	20251102	RELATOS AL OIDO 	🔴 DUÉRMETE CON las Leyendas Más Antiguas y Misteriosas de GALICIA | Relatos al Oído	https://youtu.be/ij7nuBjh1PQ
santa_compana	Santa Compaña para dormir	True	3657	17	20171002	La Magia del Arlequin	THE HOLY COMPANY 💀 Horror stories with Cloud of Harlequin	https://youtu.be/SB8gfg4H1wc
santa_compana	Santa Compaña para dormir	True	326	2	20191002	Juan Felix Cuendias	video santa compaña de castilla	https://youtu.be/1aTzAeQBWPo
santa_compana	Santa Compaña para dormir	True	101	2	20161002	LEGERE LEYENDAS HISTORIAS URBANAS DE MIEDO	Leyenda Española LA SANTA COMPAÑA 3/3: LEGERE HISTORIAS, LEYENDAS DE TERROR	https://youtu.be/sDfnwuy5TaU
santa_compana	Santa Compaña para dormir	True	568	7	20231002	Biblioteca de lo Inexplicable	Historias de Campamento "La Santa Compaña"	https://youtu.be/CjECfjZJ0lY
santa_compana	Santa Compaña para dormir	True	131	7	20241002	Contando Ovejas	👻 La leyenda de la Santa Compaña | 🕸 Especial Halloween para conciliar el sueño	https://youtu.be/aGMDjAGOK0Q
santa_compana	Santa Compaña para dormir	False	20438473	20	20191002	TikTak Draw	TOP 5 LEYENDAS POPULARES | Draw My Life La Llorona, Patasola, El Silbón, La Santa Compaña El Pombero	https://youtu.be/EfkA-DjlzTg
santa_compana	Santa Compaña para dormir	True	96	4	20171002	niko creepy	La más terrorífica historia sobre La Santa Compaña	https://youtu.be/RY4NF2Yx4QA
santa_compana	Santa Compaña para dormir	False	534	12	20231002	Cuentos para Dormir	Una Procesión de MUERTOS 💀 | El Niño que VEÍA ESPIRITUS 👹 | Cuentos para Dormir #38	https://youtu.be/i4w_xbcOPt4
santa_compana	Santa Compaña lenda	True	1839268	3	20181002	TikTak Draw	SANTA COMPAÑA 🕯✝ | Draw My Life	https://youtu.be/l1cwV1oCYCE
santa_compana	Santa Compaña lenda	True	54372	1	20201002	AMC Global Media Iberia	What is the Santa Compaña? | Legendary Creatures | HISTORY Channel	https://youtu.be/zJXlLebrNfw
santa_compana	Santa Compaña lenda	True	204772	2	20221002	Hugo Leon Ortiz Castellanos	The Holy Company	https://youtu.be/pMTVRJ3DQd0
santa_compana	Santa Compaña lenda	True	32968	104	20181002	 Canal de Terrror Jhonny Evil	Milenio 3   La Santa Compaña	https://youtu.be/3AO2EgpqHOQ
santa_compana	Santa Compaña lenda	False	15010	45	20251202	Cofre de Leyendas	10 Galician legends about souls, witches, and nocturnal paths	https://youtu.be/FI4IUrLtQeA
santa_compana	Santa Compaña lenda	True	150147	14	20131002	Telemadrid	The Witnesses of the Santa Compaña	https://youtu.be/de0bPAxYmIY
santa_compana	Santa Compaña lenda	False	9738	90	20260702	Misterios para Dormir Profundo	FALL ASLEEP TO THE DARKEST LEGENDS OF GALICIA AND ASTURIAS | Horror Audiobook for Sleep	https://youtu.be/zxLVB-kjUmY
santa_compana	Santa Compaña lenda	True	47500	22	20181002	Mega Mitología	GALICIA (Meigas, Santa Compaña y Otras Leyendas)  -  Documentales	https://youtu.be/pNKGd-0RuIE
santa_compana	Santa Compaña lenda	True	90	15	20260102	Ocultario V	​🟤 LEYENDA SANTA COMPAÑA: MISTERIO EN GALICIA 🕯️ la procesión de almas que reclama a los vivos 💀	https://youtu.be/B0YD-IuS82g
santa_compana	Santa Compaña lenda	True	2578	28	20251002	Historias Prohibidas	Santa Compaña: La Procesión Fantasmal que Anuncia la Muerte	https://youtu.be/N8f8HCC5Fz0
santa_compana	Santa Compaña lenda	True	11713	12	20241002	Guardianes Del Conocimiento	LEGENDS OF GALICIA: The Santa Compaña and its secrets	https://youtu.be/DZeTKaaYPj8
santa_compana	Santa Compaña lenda	True	5202	87	20260602	El Pergamino Mágico-Cuentos y Leyendas para Dormir	LEGENDS OF GALICIA 🌙 Santa Compaña Tales to Calm the Mind	https://youtu.be/BOEOz6yLI2I
santa_compana	Santa Compaña lenda	True	6159	34	20231002	Terrores Nocturnos Podcast	💀 The SANTA COMPAÑA 🕯 and other terrifying legends	https://youtu.be/kP2QReQGYlE
santa_compana	Santa Compaña lenda	True	24281	4	20151002	Archivos Miedo	LOS QUE VIENEN POR TU ALMA LA SANTA COMPAÑA	https://youtu.be/HJIgtI3uLio
santa_compana	Santa Compaña lenda	False	81991	11	20221002	Miguel de Lys	MÄGO DE OZ - LA SANTA COMPAÑA | EXPLICACIÓN HISTÓRICA: EL ORÍGEN DE LA LEYENDA	https://youtu.be/DvWxwYIxSOM
santa_compana	Santa Compaña lenda	True	33	6	20260918	KYMES Studio	La Santa Compaña: la procesión de los muertos de Galicia | CÓDICE 02	https://youtu.be/q5UdUJTf0fo
santa_compana	Santa Compaña lenda	True	112	5	20251002	👁️¿Realidad o leyenda?🔮	La Santa Compaña: ¿Leyenda Gallega o Terror Real?	https://youtu.be/NjursI4Duhk
santa_compana	Santa Compaña lenda	False	608289	65	20231002	Relatos del Lado Oscuro	Procession of the Lost Souls, Listener Testimonies | Tales from the Dark Side	https://youtu.be/c4d2hLRXg0o
santa_compana	Santa Compaña lenda	True	1408	23	20251002	Entrando en el misterio	¿Qué es la Santa Compaña? La leyenda más oscura de España	https://youtu.be/ypyX43wd6n8
santa_compana	Santa Compaña lenda	True	1199	97	20211002	Iván Cuarzo Maestro	Podcasts La Santa Compaña investigación en milenio	https://youtu.be/_1L-GydomBg
santa_compana	Santa Compaña legend	True	1839268	3	20181002	TikTak Draw	SANTA COMPAÑA 🕯✝ | Draw My Life	https://youtu.be/l1cwV1oCYCE
santa_compana	Santa Compaña legend	False	15010	45	20251202	Cofre de Leyendas	10 Galician legends about souls, witches, and nocturnal paths	https://youtu.be/FI4IUrLtQeA
santa_compana	Santa Compaña legend	True	11728	12	20241002	Guardianes Del Conocimiento	LEGENDS OF GALICIA: The Santa Compaña and its secrets	https://youtu.be/DZeTKaaYPj8
santa_compana	Santa Compaña legend	False	72	4	20251002	Buscando mitos	Discover The Terrifying La Santa Compana Procession Of Souls	https://youtu.be/LB4Oj61zHmg
santa_compana	Santa Compaña legend	False	608289	65	20231002	Relatos del Lado Oscuro	Procession of the Lost Souls, Listener Testimonies | Tales from the Dark Side	https://youtu.be/c4d2hLRXg0o
santa_compana	Santa Compaña legend	True	10556	4	20161002	GabeHashTV	LA HISTORIA DE LA SANTA COMPAÑA/ HOLY COMPANY STORY #GHSTORIES	https://youtu.be/7Y1ImLgotUI
santa_compana	Santa Compaña legend	True	221	2	20251002	DIYonOFF	La Santa Compaña: Misterios del Camino de Santiago	https://youtu.be/lW2W34cwqe4
santa_compana	Santa Compaña legend	True	24	1	20251002	Unbelievable Legends	The Legend of the Santa Compaña	https://youtu.be/K3ucsDaL7I0
santa_compana	Santa Compaña legend	True	1898	7	20211002	DIMENSIÓN X Terror	Procession of the Souls (The Holy Company)	https://youtu.be/K6DQlIN-OHw
santa_compana	Santa Compaña legend	True	53	5	20251102	Carlos Perena	SANTA COMPAÑA - Mitorium, leyendas de España.	https://youtu.be/cZm63vo8Fkc
santa_compana	Santa Compaña legend	True	9234	4	20260102	brujitays 	Galicia legends (santa compaña) real	https://youtu.be/Ryc9i4TKW9c
santa_compana	Santa Compaña legend	True	47213	17	20260902	SAGA-TV España | Leyendas y Misterios	The Santa Compaña: The Path of the Dead | Galician Horror Legend - Spain #ghosts #horror	https://youtu.be/TchD_3COhSs
santa_compana	Santa Compaña legend	True	3713	16	20231002	A R O asmr	ARO ASMR | The Holy Company, a Spanish Legend	https://youtu.be/W2zl_hB0Zhw
santa_compana	Santa Compaña legend	True	1023	2	20131002	misscelanneas	Leyenda La Santa Comparsa	https://youtu.be/K0lGkF0KYqk
santa_compana	Santa Compaña legend	True	70	7	20251002	Cabaña Radiofónica Nº51	The Legend of the Holy Company	https://youtu.be/tMrSkE4BB7I
santa_compana	Santa Compaña legend	True	14396	4	20221002	América Vive	The fascinating legend of Santa Compaña, the procession of souls	https://youtu.be/hkY0B7cSvIM
santa_compana	Santa Compaña legend	True	1143	1	20241002	Terrifying Earth	La Santa Compaña - Mysterious Ghostly Night Procession	https://youtu.be/3ciwvAxVmYU
santa_compana	Santa Compaña legend	True	3298	13	20251002	El Salón de Historia	The Mystery of the Holy Company: The Ghostly Procession of Galicia	https://youtu.be/lD_w7rHCM7Q
santa_compana	Santa Compaña legend	True	5811	2	20191002	VEOCLIPS	El bosque animado - Clip La leyenda de la Santa Compaña	https://youtu.be/2VdKgce5BZ8
santa_compana	Santa Compaña legend	True	489	59	20251002	HUMAN ¿Dónde está la verdad?	THE HOLY COMPANY - An Ancient Legend with Modern Testimonies #podcast #mystery	https://youtu.be/I0zzGXnH5Y8
teixido	San Andrés de Teixido leyenda	False	4910	7	20221002	Conocer la Historia Oculta	💀𝐒𝐚𝐧 𝐀𝐧𝐝𝐫é𝐬 𝐝𝐞 𝐓𝐞𝐢𝐱𝐢𝐝𝐨 (𝐯𝐚 𝐝𝐞 𝐦𝐮𝐞𝐫𝐭𝐨 𝐪𝐮𝐢𝐞𝐧 𝐧𝐨 𝐟𝐮𝐞 𝐝𝐞 𝐯𝐢𝐯𝐨)	https://youtu.be/bsMP7AXYXiI
teixido	San Andrés de Teixido leyenda	True	50355	12	20221002	Pintando Recuerdos	SAN ANDRÉS DE TEIXIDO 4K - THE HIGHEST CLIFFS IN EUROPE | #PlacesOfGalicia | PintandoRecuerdos	https://youtu.be/M2zvGOscUn8
teixido	San Andrés de Teixido leyenda	True	1392	1	20171002	V television Galicia	San Andrés de Teixido: magia, leyenda y religión	https://youtu.be/-iaverovmRU
teixido	San Andrés de Teixido leyenda	True	2046	48	20211002	Surf Channel	"Caminos a San Andrés de Teixido", documental sobre peregrinación a San Andrés	https://youtu.be/KDkzKj53y9E
teixido	San Andrés de Teixido leyenda	True	76	1	20260402	Don Rodrigo y Gustavo	THE LEGEND OF SAINT ANDREW OF TEIXIDO	https://youtu.be/_w1-4WVSzdE
teixido	San Andrés de Teixido leyenda	True	270	66	20251102	Kela - Misterios e Historias Vlog	En Tierra de Mouras - San Andrés de Teixido (Cedeira, A Coruña)	https://youtu.be/tQrJJ9HFpJU
teixido	San Andrés de Teixido leyenda	True	14608	48	20211002	Ferrolterra - Rías Altas	San Andrés de Teixido - Caminos de Peregrinación	https://youtu.be/YAANo1rdv-E
teixido	San Andrés de Teixido leyenda	True	213241	4	20101002	Marcus Fernández	O cura de Santo André de Teixido non para a misa tras morrer un	https://youtu.be/MFie26kATGo
teixido	San Andrés de Teixido leyenda	True	1059	1	20211002	BAIA	Misterio de San Andrés de Teixido. «Los orígenes»	https://youtu.be/LPpCtkrqqo0
teixido	San Andrés de Teixido leyenda	True	1123	0	20161002	Galicia 4K	San Andrés de Teixido	https://youtu.be/2B7uoEuBNnM
teixido	San Andrés de Teixido leyenda	True	107	9	20260902	Mi Mochila Yo Y Mis 50	SAN ANDRÉS DE TEIXIDO 4K: What to see and the Legend of the village you will visit when you're DE...	https://youtu.be/NpfBo7xakp4
teixido	San Andrés de Teixido leyenda	True	56	7	20251202	El Fracaso Rentable 	“Dead or alive to San Andrés de Teixido”	https://youtu.be/mm2cBvYl9LU
teixido	San Andrés de Teixido leyenda	True	1760	14	20241002	Fran Contreras	San Andrés de Teixido: el Santuario de las Ánimas	https://youtu.be/c_EvrbGBBuI
teixido	San Andrés de Teixido leyenda	True	4559	1	20131002	RevistaGalicia10	San Andres de Teixido - Reportaje de Galicia10.com	https://youtu.be/uiwPjZHPelo
teixido	San Andrés de Teixido leyenda	True	56	5	20251002	Jesús Gómez	Relatos Gallegos | Episodio 3 | San Andrés de Teixido y la Costa Ártabra	https://youtu.be/95dqWTuolZk
teixido	San Andrés de Teixido leyenda	False	336	1	20211002	Surf Channel	Tráiler "Caminos a San Andrés de Teixido", documental sobre peregrinación a San Andrés	https://youtu.be/j0fXYxlf-Sk
teixido	San Andrés de Teixido leyenda	True	542	3	20121002	Black Luffy	San Andres de Teixido (Camino siniestro)	https://youtu.be/QsXxsAA1Bco
teixido	San Andrés de Teixido leyenda	True	43156	6	20161002	Miguel Angel Arcos	San Andrés de Teixido "La puerta al más alla"	https://youtu.be/THESeoQ1vBg
teixido	San Andrés de Teixido leyenda	True	1086	2	20231002	ulkmedia	San Andrés de Teixido. A Coruña	https://youtu.be/fo6dQgsvEZo
teixido	San Andrés de Teixido leyenda	False	2435	22	20251002	DoctorTapioca	He who did not go to San Andrés when he was dead goes to San Andrés when he was alive: the legend...	https://youtu.be/6QFhlhKg6rU
teixido	Santo André de Teixido	True	45	4	20251002	Matthew 25:35	Saint Andrew of Teixido	https://youtu.be/S2SUgdrmOns
teixido	Santo André de Teixido	True	50355	12	20221002	Pintando Recuerdos	SAN ANDRÉS DE TEIXIDO 4K - THE HIGHEST CLIFFS IN EUROPE | #PlacesOfGalicia | PintandoRecuerdos	https://youtu.be/M2zvGOscUn8
teixido	Santo André de Teixido	True	2226	3	20251102	Orgullo Galego	Santo André de Teixido: A porta ao máis alá	https://youtu.be/yLv4ktw9k88
teixido	Santo André de Teixido	True	1123	0	20161002	Galicia 4K	San Andrés de Teixido	https://youtu.be/2B7uoEuBNnM
teixido	Santo André de Teixido	True	14608	48	20211002	Ferrolterra - Rías Altas	San Andrés de Teixido - Caminos de Peregrinación	https://youtu.be/YAANo1rdv-E
teixido	Santo André de Teixido	True	213241	4	20101002	Marcus Fernández	O cura de Santo André de Teixido non para a misa tras morrer un	https://youtu.be/MFie26kATGo
teixido	Santo André de Teixido	True	4559	1	20131002	RevistaGalicia10	San Andres de Teixido - Reportaje de Galicia10.com	https://youtu.be/uiwPjZHPelo
teixido	Santo André de Teixido	True	6	1	20191002	Rochinha 	Santo André de Teixido	https://youtu.be/ehMInAbDjy4
teixido	Santo André de Teixido	True	1882	7	20191002	Pursuman	San Andrés de Teixido - Galicia (Spain)	https://youtu.be/iwu3iQYjouk
teixido	Santo André de Teixido	True	82	1	20181002	RobinsonDaLobeira	Aldea de SANTO ANDRÉ DE TEIXIDO, vai de morto quen non vai de vívo. JALISIA. GALICIA.	https://youtu.be/mBpOhv5ZCXk
teixido	Santo André de Teixido	True	93	1	20151002	cezarmario2012	Teixido (Igrexa de Santo Andre de Teixido), Galicia	https://youtu.be/HESyt3cX38w
teixido	Santo André de Teixido	True	8	0	20191002	Rochinha 	Santo André de Teixido	https://youtu.be/KHzhGiAQg1A
teixido	Santo André de Teixido	True	1901	19	20211002	Carlos Gabriel Fernández	MILENIO (TVG) Santo André de Teixido, a peregrinación dos mortos (programa 8a)	https://youtu.be/98k5ggXIIGQ
teixido	Santo André de Teixido	False	4910	7	20221002	Conocer la Historia Oculta	💀𝐒𝐚𝐧 𝐀𝐧𝐝𝐫é𝐬 𝐝𝐞 𝐓𝐞𝐢𝐱𝐢𝐝𝐨 (𝐯𝐚 𝐝𝐞 𝐦𝐮𝐞𝐫𝐭𝐨 𝐪𝐮𝐢𝐞𝐧 𝐧𝐨 𝐟𝐮𝐞 𝐝𝐞 𝐯𝐢𝐯𝐨)	https://youtu.be/bsMP7AXYXiI
teixido	Santo André de Teixido	True	105	1	20211002	J.	San Andrés de Teixido	https://youtu.be/_ilIzwowKM4
teixido	Santo André de Teixido	False	1898	7	20161002	Desde Galicia para el Mundo	LA ROMERÍA PERPETUA	https://youtu.be/a8S1eaopMV4
teixido	Santo André de Teixido	True	1392	1	20171002	V television Galicia	San Andrés de Teixido: magia, leyenda y religión	https://youtu.be/-iaverovmRU
teixido	Santo André de Teixido	True	9	0	20141002	rema1957	Santo Andre de Teixido	https://youtu.be/zbvNWxtrquA
teixido	Santo André de Teixido	True	292	0	20211002	Ferrolterra - Rías Altas	Ruta dos Peiraos - San Andrés de Teixido	https://youtu.be/PmqOAbJtY3E
teixido	Santo André de Teixido	True	499	1	20161002	Dan Perez	Blown Away: San Andrés de Teixido | Galicia, Spain	https://youtu.be/1HYlpyrdtaU
teixido	San Andrés de Teixido historia	False	4910	7	20221002	Conocer la Historia Oculta	💀𝐒𝐚𝐧 𝐀𝐧𝐝𝐫é𝐬 𝐝𝐞 𝐓𝐞𝐢𝐱𝐢𝐝𝐨 (𝐯𝐚 𝐝𝐞 𝐦𝐮𝐞𝐫𝐭𝐨 𝐪𝐮𝐢𝐞𝐧 𝐧𝐨 𝐟𝐮𝐞 𝐝𝐞 𝐯𝐢𝐯𝐨)	https://youtu.be/bsMP7AXYXiI
teixido	San Andrés de Teixido historia	True	1392	1	20171002	V television Galicia	San Andrés de Teixido: magia, leyenda y religión	https://youtu.be/-iaverovmRU
teixido	San Andrés de Teixido historia	True	270	66	20251102	Kela - Misterios e Historias Vlog	En Tierra de Mouras - San Andrés de Teixido (Cedeira, A Coruña)	https://youtu.be/tQrJJ9HFpJU
teixido	San Andrés de Teixido historia	True	2046	48	20211002	Surf Channel	"Caminos a San Andrés de Teixido", documental sobre peregrinación a San Andrés	https://youtu.be/KDkzKj53y9E
teixido	San Andrés de Teixido historia	True	14608	48	20211002	Ferrolterra - Rías Altas	San Andrés de Teixido - Caminos de Peregrinación	https://youtu.be/YAANo1rdv-E
teixido	San Andrés de Teixido historia	True	50355	12	20221002	Pintando Recuerdos	SAN ANDRÉS DE TEIXIDO 4K - THE HIGHEST CLIFFS IN EUROPE | #PlacesOfGalicia | PintandoRecuerdos	https://youtu.be/M2zvGOscUn8
teixido	San Andrés de Teixido historia	True	537	49	20211002	EOC EOC	LOS ARCHIVOS DE EOC. Milenio. Capítulo 8. "San Andrés de Teixido / Teleportaciones".	https://youtu.be/ozBexkx3FM8
teixido	San Andrés de Teixido historia	True	1011	12	20251002	Aventuristico	NUEVA RUTA por SAN ANDRÉS de TEIXIDO 2025	https://youtu.be/UVAqBn3a3nY
teixido	San Andrés de Teixido historia	False	108415	121	20251102	RELATOS AL OIDO 	🔴 DUÉRMETE CON las Leyendas Más Antiguas y Misteriosas de GALICIA | Relatos al Oído	https://youtu.be/ij7nuBjh1PQ
teixido	San Andrés de Teixido historia	True	13055	7	20151002	Fernando fernandez anton	San Andres de Teixido, (Pueblos) Un documental de Lineapress	https://youtu.be/YScjDAHjxn4
teixido	San Andrés de Teixido historia	True	56	7	20251202	El Fracaso Rentable 	“Dead or alive to San Andrés de Teixido”	https://youtu.be/mm2cBvYl9LU
teixido	San Andrés de Teixido historia	True	1760	14	20241002	Fran Contreras	San Andrés de Teixido: el Santuario de las Ánimas	https://youtu.be/c_EvrbGBBuI
teixido	San Andrés de Teixido historia	True	2226	3	20251102	Orgullo Galego	Santo André de Teixido: A porta ao máis alá	https://youtu.be/yLv4ktw9k88
teixido	San Andrés de Teixido historia	True	117	27	20231002	Eu Son Galicia	Conoce San Andrés de Teixido | Eu Son Galicia	https://youtu.be/c5MzlP7zmWY
teixido	San Andrés de Teixido historia	True	38	4	20201002	Manuel Cervera Górriz	San Andrés de Teixidó	https://youtu.be/0VL65omg7IQ
teixido	San Andrés de Teixido historia	True	213241	4	20101002	Marcus Fernández	O cura de Santo André de Teixido non para a misa tras morrer un	https://youtu.be/MFie26kATGo
teixido	San Andrés de Teixido historia	True	107	9	20260902	Mi Mochila Yo Y Mis 50	SAN ANDRÉS DE TEIXIDO 4K: What to see and the Legend of the village you will visit when you're DE...	https://youtu.be/NpfBo7xakp4
teixido	San Andrés de Teixido historia	False	2435	22	20251002	DoctorTapioca	He who did not go to San Andrés when he was dead goes to San Andrés when he was alive: the legend...	https://youtu.be/6QFhlhKg6rU
teixido	San Andrés de Teixido historia	True	1086	2	20231002	ulkmedia	San Andrés de Teixido. A Coruña	https://youtu.be/fo6dQgsvEZo
teixido	San Andrés de Teixido historia	True	325	33	20171002	UNED Radio	San Andrés de Teixido y las islas del Más Allá	https://youtu.be/nkkP0u3M_4s
asolagadas	ciudades sumergidas Galicia leyenda	False	74	2	20251002	La Caja Fantasma	Leyendas: La ciudad sumergida de Valverde	https://youtu.be/SGcNeU2BBTk
asolagadas	ciudades sumergidas Galicia leyenda	False	36234	137	20251002	RELATOS AL OIDO 	DUÉRMETE con las LEYENDAS OCULTAS de los MARES de España	https://youtu.be/sUFIfUijQXo
asolagadas	ciudades sumergidas Galicia leyenda	False	6889	86	20260702	RELATOS AL OIDO 	Fall asleep to the history and legends of Las Médulas, the mountain that Rome destroyed | True St...	https://youtu.be/DH58pylTBxc
asolagadas	ciudades sumergidas Galicia leyenda	False	25744	52	20131002	GloriosoMester	Glorious Mester - The World Beyond the End of the World, Costa da Morte	https://youtu.be/swsEtokT3FQ
asolagadas	ciudades sumergidas Galicia leyenda	False	2961	8	20241002	Arnau Serrado	DESCUBRO UN PUEBLO FANTASMA SUMERGIDO BAJO EL AGUA 60 AÑOS DESPUÉS	https://youtu.be/QrfoWutkYOU
asolagadas	ciudades sumergidas Galicia leyenda	True	131	4	20260202	LA HISTORIA DE	A LAGOA DE ANTELA - ATLÁNTIDA GALLEGA	https://youtu.be/F5cciRxwB50
asolagadas	ciudades sumergidas Galicia leyenda	False	6740	1	20131002	Nishida Kitarō	La Epopeya de Gilgamesh: El exilio de Gilgamesh (Parte VII)	https://youtu.be/puj8Ypi9KF4
asolagadas	ciudades sumergidas Galicia leyenda	False	7	5	20260902	Terra Nai Galicia	A Lagoa das Xarfas	https://youtu.be/uk2es5v7xbc
asolagadas	ciudades sumergidas Galicia leyenda	False	376	12	20131002	Atrevida Films	Trailer Memoria Sumergida	https://youtu.be/n-HphI-v1Cw
asolagadas	ciudades sumergidas Galicia leyenda	False	131	27	20260802	ÁVALON SABIDURÍA GNÓSTICA - ÁVALON XV	SABIDURÍA CELTA: Breogán, Santa Mariña Aguas Santas, laguna Valverde, Cruceiros, Panteísmo Celta	https://youtu.be/IpEbEsqA0IE
asolagadas	ciudades sumergidas Galicia leyenda	False	15	7	20260702	Allteam47 ever awakend26	Myths and Legends of the Costa da Morte and Finisterre – Atlantic Mysteries in Anime Style	https://youtu.be/f3fpj-kR9Ao
asolagadas	ciudades sumergidas Galicia leyenda	False	33	3	20171002	V television Galicia	La verdad sobre el Triángulo de las Bermudas	https://youtu.be/sdFdti8Y5Es
asolagadas	ciudades sumergidas Galicia leyenda	False	310	0	20231002	Soraya Muñiz magallanes	Virxe da Barca - Muxía	https://youtu.be/_xn_iMpGyJ0
asolagadas	ciudades sumergidas Galicia leyenda	False	2089	12	20121002	JUNNIOR HGR-	Atlantida las pruebas 3/4	https://youtu.be/kfeYo10Zq2Y
asolagadas	ciudades sumergidas Galicia leyenda	False	392	3	20231002	Wildside Holidays - Spain	Bras Rodrigo La ciudad de Arxentola "Suenan las campanas de la sumergida ciudad de Arxentola"	https://youtu.be/s8-J3QMaNRI
asolagadas	ciudades sumergidas Galicia leyenda	False	784	0	20151002	Xurde Morán	LLEGADA A MUXÍA POR LA PLAYA DE ESPIÑEIRIDO	https://youtu.be/XGhBJeWyb4E
asolagadas	ciudades sumergidas Galicia leyenda	False	580	4	20221002	ReckesoundStudios	Bastión-Cimientos de arena (video lyric)	https://youtu.be/z-hx0PSTrfo
asolagadas	ciudades sumergidas Galicia leyenda	False	244	1	20171002	Mejores Listas y Frases	Lugares perdidos (grandes misterios)	https://youtu.be/jP5BnV8dCfA
asolagadas	ciudades sumergidas Galicia leyenda	False	129862	13	20231002	Los Informantes	La nueva batalla del galeón San José: una historia sumergida en oro y misterio - Los Informantes	https://youtu.be/bTcKZgn7Whk
asolagadas	ciudades sumergidas Galicia leyenda	False	1468	3	20161002	Noctámbulo	5 Tesoros Escondidos Aún No Encontrados	https://youtu.be/8Ba1IvuKG48
asolagadas	lagoa de Antela	True	92	5	20251002	Pequepouchas	Documental 3: A Lagoa de Antela	https://youtu.be/WbvEh2ng3PU
asolagadas	lagoa de Antela	True	125	1	20221002	Damián PérezC Photography	Lagoa de Antela (Ourense)	https://youtu.be/WXeUq9xEosk
asolagadas	lagoa de Antela	True	58	1	20251002	Ecoloxistas En Acción Galiza	Laguna de Antela	https://youtu.be/49COvhzrmPk
asolagadas	lagoa de Antela	True	128	1	20260302	g24noticias	A LAGOA de Antela RECUPERA o seu ESPAZO na LIMIA	https://youtu.be/HB6iBu0Lqd8
asolagadas	lagoa de Antela	True	11062	5	20071002	Javier Gómez Salgado	Lagoa de Antela 1955 -  Xinzo de Limia - Galiza	https://youtu.be/7YUsj3PLQ9I
asolagadas	lagoa de Antela	False	563	3	20111002	Javier Gómez Salgado	Música asubiada. A Limia, A Lagoa de Antela e o Val do Limia.	https://youtu.be/J0JZjrgd6wk
asolagadas	lagoa de Antela	True	131	4	20260202	LA HISTORIA DE	A LAGOA DE ANTELA - ATLÁNTIDA GALLEGA	https://youtu.be/F5cciRxwB50
asolagadas	lagoa de Antela	True	262	0	20181002	La Región	El agua de a Lagoa de Antela	https://youtu.be/VQQVkcVmtSQ
asolagadas	lagoa de Antela	True	2573	2	20211002	Wild Spain	Wild Spain - Capítulo 101 - As Areeiras da Limia, Ourense (antigua Laguna de Antela).	https://youtu.be/fGaRTNXsCCI
asolagadas	lagoa de Antela	True	744	3	20241002	No Allo	LAGUNA DE ANTELA 🌅	https://youtu.be/fwUMqTAFhFM
asolagadas	lagoa de Antela	True	137	4	20260302	g24noticias	En invernos MOI CHUVIOSOS coma este, REXORDE a LAGOA DE ANTELA	https://youtu.be/d1uHOE8cD1Y
asolagadas	lagoa de Antela	True	2307	2	20101002	Javier Gómez Salgado	Lagoa de Antela Xinzo de Limia "Nosa señora da Guía"	https://youtu.be/wDypLTCMw8I
asolagadas	lagoa de Antela	True	75	1	20241002	Óscar Antón Pérez García	LAGOA DE ANTELA 2024	https://youtu.be/Ju9X53rRXVU
asolagadas	lagoa de Antela	True	674	0	20181002	La Región	« Revive » a Lagoa de Antela	https://youtu.be/sUpfXl-ZBz0
asolagadas	lagoa de Antela	True	113	2	20171002	Norberto Blanco	A Lagoa de Antela	https://youtu.be/9s3jNQgiic4
asolagadas	lagoa de Antela	True	3342	6	20121002	Carmen Cid Manzano	A lagoa de Antela	https://youtu.be/4Po5gX-hPdc
asolagadas	lagoa de Antela	True	286	0	20231002	La Región	IES Lagoa de Antela un lugar vivo en el que se fomenta el gusto por leer	https://youtu.be/tOVYC2AgjQc
asolagadas	lagoa de Antela	True	187	1	20181002	La Región	Visita ao humedal da Lagoa de Antela	https://youtu.be/1gpCQpcBtEU
asolagadas	lagoa de Antela	True	3837	5	20151002	Viajandoconpio	Antela Lagoon (Xinzo de Limia) | The disappeared lake of Galicia (A Limia)	https://youtu.be/SN4KndmzkLs
asolagadas	lagoa de Antela	True	68	0	20181002	La Región	Raid Hípico na Lagoa de Antela	https://youtu.be/pXT7L9MvLkg
asolagadas	cidades asolagadas Galicia	False	51	1	20191002	Carmen Gomez	LENDA DA CIDADE ASOLAGADA ISABEL GIL GIL 78 ANOS O PATRIMONIO ASOLAGADO	https://youtu.be/WLv6Ino4A6w
asolagadas	cidades asolagadas Galicia	False	53	2	20191002	CANAL RÍAS BAIXAS	As III Xornadas de Antropoloxía abordarán a mitoloxía galega	https://youtu.be/8Nsa_4OXvzo
asolagadas	cidades asolagadas Galicia	False	17	2	20260902	CIAG - Centro Infográfico Avanzado de Galicia	Antiga Vila de Portomarin, Lugo, 1960	https://youtu.be/G2FTgLj7p-0
asolagadas	cidades asolagadas Galicia	False	2522	73	20201002	ab origine	Lupa. Na procura da raíña loba	https://youtu.be/o4iMrm80Hl4
asolagadas	cidades asolagadas Galicia	False	395	47	20191002	SOCIEDADE ANTROPOLÓXICA GALEGA SAGA	III Xornadas Antropoloxia - SAGA - Antonio Balboa Salgado	https://youtu.be/2eDR-qVuRZk
asolagadas	cidades asolagadas Galicia	False	98	2	20171002	V television Galicia	Las vidas que escondía el Miño	https://youtu.be/71t72SZq8GY
asolagadas	cidades asolagadas Galicia	True	674	0	20181002	La Región	« Revive » a Lagoa de Antela	https://youtu.be/sUpfXl-ZBz0
asolagadas	cidades asolagadas Galicia	True	262	0	20181002	La Región	El agua de a Lagoa de Antela	https://youtu.be/VQQVkcVmtSQ
asolagadas	cidades asolagadas Galicia	False	33	0	20211002	Alvarellos Editora	Urbano Lugrís protagoniza un libro que imaxina unha Galicia sen guerra civil  nin ditadura	https://youtu.be/X5oVzvgnj2E
asolagadas	cidades asolagadas Galicia	False	107	65	20241002	ab origine	LENDAS E LUGARES MÍTICOS DE BARREIROS. Con Rafa Quintía e o artista Ton Arenas.	https://youtu.be/QE1H6MtAWbI
asolagadas	cidades asolagadas Galicia	False	945	1	20131002	ASOLAGADOS ~ Documental de 'Coa Auga ó Pescozo'	Proximamente... rexurdirán os asolagados por Belesar	https://youtu.be/UWsHBUbGP00
asolagadas	cidades asolagadas Galicia	False	268	25	20191002	Carmen Gomez	vídeo resumo O PATRIMONIO ASOLAGADO	https://youtu.be/l5gL48yeikk
asolagadas	cidades asolagadas Galicia	False	4	0	20181002	ab origine	O mito da Raíña Lupa - Trailer (2017)	https://youtu.be/CUNTCi3ooic
asolagadas	cidades asolagadas Galicia	True	187	1	20181002	La Región	Visita ao humedal da Lagoa de Antela	https://youtu.be/1gpCQpcBtEU
asolagadas	cidades asolagadas Galicia	False	923	4	20081002	anosaterraTV	A Coruña que viviu Urbano Lugrís	https://youtu.be/vsP9HM_mhOQ
asolagadas	cidades asolagadas Galicia	False	126	1	20101002	Eladio Cortizo	Socalcos asulagados no Encoro de Belesar	https://youtu.be/sukLsx0mAHM
asolagadas	cidades asolagadas Galicia	True	126	0	20121002	Xosé Manuel Méndez	Nadal 2011 ENDL Lagoa de Antela	https://youtu.be/9Uib9ysXqUk
asolagadas	cidades asolagadas Galicia	True	60	13	20191002	Carmen Gomez	VISITA ÁS AREEIRAS LAGOA DE ANTELA	https://youtu.be/T7o7JHql8vM
asolagadas	cidades asolagadas Galicia	True	892	2	20101002	Carminhae1965	UNHA LENDA SOBRE A LAGOA DE ANTELA.wmv	https://youtu.be/xV6cn1IV_OE
asolagadas	cidades asolagadas Galicia	False	42	23	20141002	EsquerdaUnida	Rexeneración Democrática	https://youtu.be/3xlPxc0thfg
asolagadas	laguna de Antela pueblo bajo el agua	True	3837	5	20151002	Viajandoconpio	Antela Lagoon (Xinzo de Limia) | The disappeared lake of Galicia (A Limia)	https://youtu.be/SN4KndmzkLs
asolagadas	laguna de Antela pueblo bajo el agua	False	45425	1	20211002	Noticias Telemundo	Pueblos enteros en Guatemala permanecen bajo el agua | Noticias Telemundo	https://youtu.be/7JBjeEukQFY
asolagadas	laguna de Antela pueblo bajo el agua	False	1590	0	20221002	Nadir Salim	Laguna de Melincue en la actualidad, ante una bajante epica ¡!¡! Agosto 2022.	https://youtu.be/7el0eMMaY40
asolagadas	laguna de Antela pueblo bajo el agua	False	51	2	20231002	RTP BOLIVIA	Ni agua ni alimentos. No hay siembra y se mueren los animales.	https://youtu.be/liq739l66QM
asolagadas	laguna de Antela pueblo bajo el agua	False	20538	4	20231002	CHV Noticias	Regresa el agua en Laguna de Aculeo: ¿Vuelve el cauce definitivamente? - CHV Noticias	https://youtu.be/Pnl8inZcRkA
asolagadas	laguna de Antela pueblo bajo el agua	False	362	1	20211002	Noticias Canal 10	Bajo amenaza se encuentran los habitantes de Altos de Sevilla en Bacalar	https://youtu.be/o578bXzQtTo
asolagadas	laguna de Antela pueblo bajo el agua	False	16747	79	20260702	Película de Héroes	【Doblado al Españo】🎦¡Monstruo marino aterroriza el pueblo! Ella crea una trampa y revela la verdad.🫣	https://youtu.be/8zfh_myzE04
asolagadas	laguna de Antela pueblo bajo el agua	False	106745	2	20211002	Noticias Telemundo	Las lluvias del huracán Eta convierten a este pueblo de Guatemala en un lago | Noticias Telemundo	https://youtu.be/5lol4TaLxI8
asolagadas	laguna de Antela pueblo bajo el agua	False	1096	1	20231002	laSexta Noticias	Salvar Las Tablas de Daimiel: el Parque Nacional cumple 50 años en una situación crítica	https://youtu.be/_Ua3kWBkCBo
asolagadas	laguna de Antela pueblo bajo el agua	False	5528	6	20181002	MrAricaSiempreArica	Arica: Lauca International River: Chile-Bolivia | 1962 Lauca Canal Inauguration Historical Docume...	https://youtu.be/5v8QoJiCZyU
asolagadas	laguna de Antela pueblo bajo el agua	False	5176	1	20171002	La 8 Palencia	El pantano de Aguilar convertido en desierto	https://youtu.be/rNK0v1rNUUk
asolagadas	laguna de Antela pueblo bajo el agua	False	8014	1	20231002	InformativosTvc	Pueblo Hinojosa, 'Halloween' casi una tradición	https://youtu.be/U-haLWIapF8
asolagadas	laguna de Antela pueblo bajo el agua	False	38006	13	20231002	MILENIO	Santa María, a destiny underwater | Milenio Specials	https://youtu.be/GzA2ExdGhoQ
asolagadas	laguna de Antela pueblo bajo el agua	False	878	1	20231002	Associated Press	Alerta de sequía por descenso del lago Titicaca preocupa a indígenas bolivianos por su futuro	https://youtu.be/NK3F_OJgHyw
asolagadas	laguna de Antela pueblo bajo el agua	False	1214	3	20231002	EL TIEMPO	¿Qué pasa con el servicio de agua potable en Cajicá? | El Tiempo	https://youtu.be/YfVfvV7Y9kI
asolagadas	laguna de Antela pueblo bajo el agua	False	2372	1	20221002	Castilla-La Mancha Media	Los conquenses disfrutan de su playa artificial	https://youtu.be/4GyvvcfKf0c
asolagadas	laguna de Antela pueblo bajo el agua	False	34602	4	20241002	24 Horas - TVN Chile	Curanilahue underwater: more than a thousand homes affected | 24 Horas TVN Chile	https://youtu.be/V32UtrUQ5Wc
asolagadas	laguna de Antela pueblo bajo el agua	False	9411	2	20211002	Imagen Noticias	Emerge cementerio de pueblo desaparecido en presa de Sinaloa | Noticias con Yuriria Sierra	https://youtu.be/SHf2ruJiYOw
asolagadas	laguna de Antela pueblo bajo el agua	False	17304	1	20211002	Noticias Telemundo	No desciende el nivel de las aguas en zonas rurales del norte de Guatemala | Noticias Telemundo	https://youtu.be/CNseMcEF_do
asolagadas	laguna de Antela pueblo bajo el agua	False	513	3	20151002	Télam	Idiazábal, un pueblo devastado por el temporal, que busca emerger aferrado al arraigo y la esperanza	https://youtu.be/LUWFe9ZGSY8
prisciliano	Prisciliano	False	726	31	20251002	AquariusHispania 	Heretical Spain: Priscillian | RTVE Documentary | Priscillian, Gnostic heretic of the 4th century.	https://youtu.be/Fz56_bglTRM
prisciliano	Prisciliano	True	1129	83	20241002	asociacionahn	Prisciliano de Gallaecia, los mitos y los hechos - Carlos Barros Guimerans	https://youtu.be/ihXOF8j2AtE
prisciliano	Prisciliano	True	1305	18	20251002	Personajes con historia	18.-Prisciliano (¿Hereje o visionario?)	https://youtu.be/C0iP1c6I7j0
prisciliano	Prisciliano	True	9427	70	20131002	Agrupación Cultural O Galo	Anselmo López Carreira: "Prisciliano, contexto histórico"	https://youtu.be/bEIViJxIAB0
prisciliano	Prisciliano	True	697	11	20251002	Danilo Anton	¿Debería llamarse San Prisciliano de Compostela?	https://youtu.be/HqrSVmtQSdI
prisciliano	Prisciliano	False	47691	11	20221002	Miguel de Lys	PRISCILLIAN OF AVILA: FIRST PERSON SENTENCED TO DEATH BY THE CHURCH | EXPLANATION: LUNAGE - SPIRI...	https://youtu.be/FQ59DWR_Fkw
prisciliano	Prisciliano	False	2091	38	20260502	Almas de la Historia	Prisciliano de Ávila: Primer Hereje Ejecutado, Priscilianismo (Final del siglo IV) (Audio Podcast)	https://youtu.be/G_xqfSPMfMM
prisciliano	Prisciliano	True	446	32	20221002	Historia a Debate	Prisciliano de Gallaecia, hechos y mitos B	https://youtu.be/3_wjCCqE2QE
prisciliano	Prisciliano	True	710	8	20221002	Perdi Meus Óculos	QUEM FOI PRISCILIANO DE ÁVILA - #Recorte	https://youtu.be/1uURSZeZ4ho
prisciliano	Prisciliano	True	15348	5	20141002	Castilla y León Televisión	Prisciliano, hereje y obispo de Ávila	https://youtu.be/bspZMKPAQPQ
prisciliano	Prisciliano	True	4087	4	20131002	galeguia	A Banda de Poi - Prisciliano	https://youtu.be/Qa8_8kUSZUk
prisciliano	Prisciliano	True	23	35	20260502	HISTORIA TV	La España Herética - 01 Prisciliano	https://youtu.be/9JshSX7Kxzw
prisciliano	Prisciliano	False	388	8	20251202	Centro Ultreia	Priscillian of Avila, the first heretic executed / Rise and fall of Priscillianism	https://youtu.be/mb1qLIT6Vwg
prisciliano	Prisciliano	True	3015	26	20131002	Agrupación Cultural O Galo	Ramón Chao Rego: "Prisciliano ou Santiago"	https://youtu.be/VJeiolyOfYw
prisciliano	Prisciliano	True	8311	77	20260902	Podium Podcast	La escóbula de la brújula - 07. ESCOBUVERANO: ¿Quién era Prisciliano?	https://youtu.be/kwxRF_Uz_KU
prisciliano	Prisciliano	True	4543	46	20241002	Jonathan Zúñiga Meigo do Tea	V - Prisciliano y la Gallaecia pre Sueva	https://youtu.be/XBsbE1KapO4
prisciliano	Prisciliano	True	2386	46	20131002	Agrupación Cultural O Galo	Felipe Senén: "Prisciliano"	https://youtu.be/Dz5g_TQOAn0
prisciliano	Prisciliano	True	272	4	20251202	Centro Ultreia	Priscilian of Avila, the first heretic executed / His doctrine	https://youtu.be/m-aHyFWp-r8
prisciliano	Prisciliano	True	743	3	20211002	Canal Parlamento De Jalisco	🎞 Golden Letters | Chapter 11: Prisciliano Sánchez	https://youtu.be/3uHhWMZObvo
prisciliano	Prisciliano	True	14812	77	20201002	SER Podcast	SER Historia | Prisciliano (17/05/2020)	https://youtu.be/-HMcmEuoDnc
prisciliano	Prisciliano tumba de Santiago	True	395	19	20251002	MISTERIO Y TERROR	PRISCILIANO and SANTIAGO: the empty TOMB.	https://youtu.be/s42dIqVVKKI
prisciliano	Prisciliano tumba de Santiago	True	697	11	20251002	Danilo Anton	¿Debería llamarse San Prisciliano de Compostela?	https://youtu.be/HqrSVmtQSdI
prisciliano	Prisciliano tumba de Santiago	False	483	2	20251002	Historiae	Who is BURIED in the tomb of SANTIAGO DE COMPOSTELA?	https://youtu.be/aTmirAa8cdw
prisciliano	Prisciliano tumba de Santiago	False	149	10	20260902	Danilo Anton	En la tumba de Santiago Apostol no está Santiago Apostol / In Santiago Apostle grave his body is not	https://youtu.be/0MH8_-yOB4U
prisciliano	Prisciliano tumba de Santiago	False	726	31	20251002	AquariusHispania 	Heretical Spain: Priscillian | RTVE Documentary | Priscillian, Gnostic heretic of the 4th century.	https://youtu.be/Fz56_bglTRM
prisciliano	Prisciliano tumba de Santiago	False	499844	30	20201002	P. José de Jesús Aguilar Valdés	La Tumba del Apóstol Santiago en Compostela	https://youtu.be/KYQcgIRggFU
prisciliano	Prisciliano tumba de Santiago	False	21	7	20260802	Ágora de la Palabra: Ciencia y Teología	Who Is Buried in Santiago? The Enigma of the Translatio	https://youtu.be/-HPOmLTYMNk
prisciliano	Prisciliano tumba de Santiago	True	111	11	20260923	Danilo Anton	La ciudad hoy conocida como Santiago de Compostela, ¿Debería llamarse San Prisciliano de Compostela?	https://youtu.be/pZFpVyiIR4M
prisciliano	Prisciliano tumba de Santiago	False	1403	10	20241002	Danilo Anton	En la tumba de Santiago Apostol no está Santiago Apostol / In Santiago Apostle grave his body is not	https://youtu.be/o8Gl_KMvoTs
prisciliano	Prisciliano tumba de Santiago	False	234	62	20211002	Nordeste Radio	¿Está el Apóstol Santiago enterrado en la Catedral de Santiago de Compostela?	https://youtu.be/fvv4YyPOl_s
prisciliano	Prisciliano tumba de Santiago	False	211	12	20251002	Miguel del Pozo	32- Aparece la tumba del Apóstol Santiago (La Reconquista)	https://youtu.be/THjQY4rM4eg
prisciliano	Prisciliano tumba de Santiago	True	9427	70	20131002	Agrupación Cultural O Galo	Anselmo López Carreira: "Prisciliano, contexto histórico"	https://youtu.be/bEIViJxIAB0
prisciliano	Prisciliano tumba de Santiago	True	268	31	20221002	Carlos Barros	Prisciliano de Gallaecia, hechos y mitos A	https://youtu.be/OtCJKmduiW8
prisciliano	Prisciliano tumba de Santiago	False	534	3	20171002	Conoceris	¿Por Qué Está Enterrado Santiago en Compostela?	https://youtu.be/tjeJ8ptkt2M
prisciliano	Prisciliano tumba de Santiago	False	164563	10	20211002	Academia Play	Camino de Santiago and translators in Toledo	https://youtu.be/4NRT1RUyfsA
prisciliano	Prisciliano tumba de Santiago	False	132432	69	20201002	Fundación Juan March	Los mitos del apóstol Santiago | Ofelia Rey Castelao	https://youtu.be/XIQjdnIbfBQ
prisciliano	Prisciliano tumba de Santiago	False	11	5	20260802	Ágora de la Palabra: Ciencia y Teología	Santiago el Mayor: ¿Son reales sus reliquias?	https://youtu.be/IjvwVcvyMQk
prisciliano	Prisciliano tumba de Santiago	False	1361	17	20260402	Historia con H	Las MENTIRAS de la CRISTIANIZACIÓN ✝️ de HISPANIA	https://youtu.be/Lme-LbxIftg
prisciliano	Prisciliano tumba de Santiago	False	69	7	20251002	Cosas de José Antonio	EL MISTERIO DE LA CATEDRAL DE SANTIAGO	https://youtu.be/Zzyaw3qTzBc
prisciliano	Prisciliano tumba de Santiago	False	3265	53	20131002	GloriosoMester	Glorious Craft - French Way (Jacobean Route)	https://youtu.be/i2eXlwVPBFA
prisciliano	Prisciliano herexe	False	12750	8	20221002	Oleg Nasobin	9/OE Тайна Собора Сантьяго Де Кампостела и еретик Присциллиан. Фрагмент лекции Олега Насобина.	https://youtu.be/LNDKMHVohTs
prisciliano	Priscillian of Avila	False	5864	15	20201002	Study of Antiquity and the Middle Ages	Priscillian of Avila: Heresy and Execution in Early Christianity	https://youtu.be/OkH935Szuzg
prisciliano	Priscillian of Avila	False	344	6	20251202	The Helpful Christian	Priscillianism Explained: The Fourth-Century Gnostic Heresy That Shook the Early Church | Holy Lies	https://youtu.be/DwpJls4j0lQ
prisciliano	Priscillian of Avila	False	47691	11	20221002	Miguel de Lys	PRISCILLIAN OF AVILA: FIRST PERSON SENTENCED TO DEATH BY THE CHURCH | EXPLANATION: LUNAGE - SPIRI...	https://youtu.be/FQ59DWR_Fkw
prisciliano	Priscillian of Avila	False	2093	38	20260502	Almas de la Historia	Prisciliano de Ávila: Primer Hereje Ejecutado, Priscilianismo (Final del siglo IV) (Audio Podcast)	https://youtu.be/G_xqfSPMfMM
prisciliano	Priscillian of Avila	False	209	3	20231002	spiritual level of being	priscillianism	https://youtu.be/eBH0HpX9uFA
prisciliano	Priscillian of Avila	True	1084	4	20081002	VintageBluMobile	Prisciliano de Avila - Liturgía	https://youtu.be/p806vjam69U
prisciliano	Priscillian of Avila	False	43	1	20231002	Jennifer York	Priscillian the heretic	https://youtu.be/c4WHLzHT_OI
prisciliano	Priscillian of Avila	False	219	13	20161002	WikiWikiup	Priscillian	https://youtu.be/Dc8y0LS2v70
prisciliano	Priscillian of Avila	False	376	79	20221002	Associazione Culturale Anassilaos	The Invention of a Heretic: Priscillian of Avila (350–385)	https://youtu.be/xo6THK2csM0
prisciliano	Priscillian of Avila	True	15348	5	20141002	Castilla y León Televisión	Prisciliano, hereje y obispo de Ávila	https://youtu.be/bspZMKPAQPQ
prisciliano	Priscillian of Avila	True	710	8	20221002	Perdi Meus Óculos	QUEM FOI PRISCILIANO DE ÁVILA - #Recorte	https://youtu.be/1uURSZeZ4ho
prisciliano	Priscillian of Avila	False	368	2	20161002	New Life Of Albany Ga.	The Monarchian Prologues Written By  Priscillian l Contained In The Vulgate	https://youtu.be/IPyUPTKh_bg
prisciliano	Priscillian of Avila	False	388	8	20251202	Centro Ultreia	Priscillian of Avila, the first heretic executed / Rise and fall of Priscillianism	https://youtu.be/mb1qLIT6Vwg
prisciliano	Priscillian of Avila	True	272	4	20251202	Centro Ultreia	Priscilian of Avila, the first heretic executed / His doctrine	https://youtu.be/m-aHyFWp-r8
prisciliano	Priscillian of Avila	True	395	19	20251002	MISTERIO Y TERROR	PRISCILIANO and SANTIAGO: the empty TOMB.	https://youtu.be/s42dIqVVKKI
prisciliano	Priscillian of Avila	True	275	6	20251202	Biograpedia	Prisciliano de Ávila El asceta fundador de una herejía	https://youtu.be/6GasRAdJ8Vk
prisciliano	Priscillian of Avila	False	106	3	20251002	Anthony Marinac	Trial of Priscillian (Early Church v Civil law)	https://youtu.be/IsgB6ewyuWU
prisciliano	Priscillian of Avila	False	420	9	20211002	Ius Romanum	The first trial for heresy?	https://youtu.be/YvszE_wlST0
prisciliano	Priscillian of Avila	False	134	11	20251002	JOSÉ MANUEL LÓPEZ GARCÍA	PRISCILLIANISM	https://youtu.be/GUxtqjOrVQA
prisciliano	Priscillian of Avila	False	1855	84	20241002	Fe Bíblica - Julio César Clavijo	On the Trinity of the Catholic Faith by Priscillian of Avila, Presentation	https://youtu.be/sqGAIuntp6A
viquingos	vikingos en Galicia	True	26229	6	20081002	tercioss	Vikingos en Galicia	https://youtu.be/YH4mmDIs1bw
viquingos	vikingos en Galicia	True	46443	10	20171002	Luis Carlos	Vikings en Galicia	https://youtu.be/NUxoUTES-ec
viquingos	vikingos en Galicia	True	52548	1	20231002	La Vanguardia	Los vikingos desembarcan en Galicia en la tradicional fiesta del pueblo de Catoira	https://youtu.be/Ww1RbvSA8XI
viquingos	vikingos en Galicia	True	2208	36	20251002	À Descoberta de Portugal	Vikingos en Galicia y Portugal - Saqueos, Batallas, Rescates y Leyendas | Historias Desconocidas	https://youtu.be/XI_oXi1HEq4
viquingos	vikingos en Galicia	True	23070	14	20251002	Crónicas de la Hispanidad	VIKINGOS en ESPAÑA: La GALICIA MEDIEVAL CRISTIANA 🔥	https://youtu.be/CaLinIe62M0
viquingos	vikingos en Galicia	True	5633	5	20241002	Menudas Historias	The VIKINGS in SPAIN: Jakobsland, the coveted GALICIA	https://youtu.be/P6FJbkyRtAs
viquingos	vikingos en Galicia	True	262428	70	20221002	Fundación Juan March	Los vikingos en la península ibérica | Irene García Losquiño	https://youtu.be/u6WEmPrGHYI
viquingos	vikingos en Galicia	True	23293	4	20131002	WebHistorias	Vikingos en Galicia | Parte 1/2 | El primer ataque	https://youtu.be/tVFEO7_bJUU
viquingos	vikingos en Galicia	True	2383	1	20111002	AGENCIA EFE	Los vikingos  vuelven a invadir Galicia	https://youtu.be/8SizkOFLd64
viquingos	vikingos en Galicia	True	16833	12	20131002	WebHistorias	Vikingos en Galicia | Parte 2/2 | Sucesivos ataques y final de la "Era Vikinga"	https://youtu.be/20f-Qyk8DBU
viquingos	vikingos en Galicia	True	734	1	20181002	Víctor Barrera	LOS VIKINGOS INVADEN GALICIA	https://youtu.be/MjCwtmmdrVM
viquingos	vikingos en Galicia	True	6265	14	20260902	Punto de Historia 	The Secret in Your Blood: Are VIKINGS GALICIAN?	https://youtu.be/DNSbumNap90
viquingos	vikingos en Galicia	True	91978	22	20251002	Crónicas de la Historia	Vikingos en la PENÍNSULA IBÉRICA.  Incursiones y ataques vikingos a España y Portugal	https://youtu.be/9mC8YLARmB4
viquingos	vikingos en Galicia	True	6755	16	20260902	Historia con H	La Derrota VIKINGA en Tierras GALLEGAS 🪓 ¡La HISTORIA no Contada!	https://youtu.be/NdtikpwFZH0
viquingos	vikingos en Galicia	True	796	6	20260602	Aprendia Cantando	🔥 FUEGO EN AROUSA ⚔️🌊 | Vikingos en Galicia 	https://youtu.be/7DhzGcRilO4
viquingos	vikingos en Galicia	True	328	1	20191002	a Lobeira today	Vikingos en Galicia - Curiosidades - ALt 2018	https://youtu.be/ntyKQenbfgU
viquingos	vikingos en Galicia	True	11603	26	20260702	ADN Decodificado	El ADN de los vikingos en Galicia acaba de revelar un secreto que España ocultó durante siglos	https://youtu.be/anYuLlQYFV4
viquingos	vikingos en Galicia	True	265	1	20181002	IMAXINA AUDIOVISUAL	jackobsland, vikingos en galicia	https://youtu.be/2BSv1H_Ut-c
viquingos	vikingos en Galicia	True	6706	6	20241002	EL ESPAÑOL	Inside the Viking pilgrimage of Catoira (Galicia), which has commemorated the Norman invasions si...	https://youtu.be/TSzEEq4vbIw
viquingos	vikingos en Galicia	True	20	27	20231002	Eu Son Galicia	Conoce a Los Vikingos | Eu Son Galicia	https://youtu.be/w9kKhJoeRSE
viquingos	Romaría Vikinga Catoira historia	True	6706	6	20241002	EL ESPAÑOL	Inside the Viking pilgrimage of Catoira (Galicia), which has commemorated the Norman invasions si...	https://youtu.be/TSzEEq4vbIw
viquingos	Romaría Vikinga Catoira historia	True	52548	1	20231002	La Vanguardia	Los vikingos desembarcan en Galicia en la tradicional fiesta del pueblo de Catoira	https://youtu.be/Ww1RbvSA8XI
viquingos	Romaría Vikinga Catoira historia	True	244	8	20260902	K-Mina	Romaría Vikinga de Catoira (Pontevedra)	https://youtu.be/yuvC27bZxgI
viquingos	Romaría Vikinga Catoira historia	True	6110	25	20221002	Galicia y otros lugares con Marcos Sancio	Documental Romería Vikinga de Catoira - 2022	https://youtu.be/ydeNofXJYe0
viquingos	Romaría Vikinga Catoira historia	True	97	6	20260902	camino de santiago	Romería Vikinga. Catoira	https://youtu.be/4CTsrEcBz9c
viquingos	Romaría Vikinga Catoira historia	True	1176	2	20161002	Pasou o que pasou (arquivo da TVG)	Romaría Vikinga de Catoira no ano 1986	https://youtu.be/0XSSMoFSxUM
viquingos	Romaría Vikinga Catoira historia	True	3710	12	20241002	Cat dog travels	Catoira Viking Festival | Galicia's Most Spectacular Celebration	https://youtu.be/jhdJNW8OkpY
viquingos	Romaría Vikinga Catoira historia	True	5034	2	20171002	Quadra Producións	Spot III Romaría Vikinga 10K Catoira	https://youtu.be/_04rk1JHNH8
viquingos	Romaría Vikinga Catoira historia	True	1188	31	20221002	Benjamín Rey	Viking Romeria of Catoira 1995	https://youtu.be/B4JruvfTwXM
viquingos	Romaría Vikinga Catoira historia	True	235	9	20221002	Territorio Santiago	Catoira	https://youtu.be/N2rqeJVH_cw
viquingos	Romaría Vikinga Catoira historia	True	1398	20	20231002	El Circulo de 3	CATOIRA, UNA HISTORIA VIKINGA 🛶 ULF EL VIKINGO GALLEGO... Galicia	https://youtu.be/IrMHTPa40Hk
viquingos	Romaría Vikinga Catoira historia	True	210	5	20221002	Eridoo	Romería Vikinga de Catoira	https://youtu.be/srBpuQBWH3w
viquingos	Romaría Vikinga Catoira historia	True	4415	19	20231002	Galicia y otros lugares con Marcos Sancio	Romería Vikinga Torres de Oeste (Catoira) 2023.	https://youtu.be/HqKcde0dCok
viquingos	Romaría Vikinga Catoira historia	True	8951	1	20151002	Clúster Turismo de Galicia	ROMARÍA VIKINGA DE CATOIRA	https://youtu.be/ph7gDv4XqSU
viquingos	Romaría Vikinga Catoira historia	True	133	3	20161002	m graña	Romaría Vikinga, Catoira	https://youtu.be/o_uYVcH0L0w
viquingos	Romaría Vikinga Catoira historia	True	1965	4	20171002	videoXIAN	VIKING PILGRIMAGE | CATOIRA 2016 | FUN INTRODUCTION | GALICIA (VIKING BATTLE)	https://youtu.be/3y3Favpj9Ck
viquingos	Romaría Vikinga Catoira historia	True	203	30	20260902	Abella Reporteira	LXV ROMARÍA VIQUINGA 2026| CATOIRA | DESEMBARCO VIQUINGO | FESTA DE INTERESE TURÍSTICO INTERNACIONAL	https://youtu.be/ByeZ4RniLYw
viquingos	Romaría Vikinga Catoira historia	True	49	16	20251002	RealAcademiaGalega	A invención da tradición: A Reconquista e a Romaría Vikinga | Presentación	https://youtu.be/0MSTn6Co-jQ
viquingos	Romaría Vikinga Catoira historia	True	183	2	20171002	WakeupAnuk	Romaría Vikinga 2017 (Catoira) | WakeupAnuk	https://youtu.be/kcPiF8TTuGI
viquingos	Romaría Vikinga Catoira historia	True	2006	20	20251002	About Galicia	The WILDEST PARTY in GALICIA: VIKING PARTY of CATOIRA, Pontevedra, Galicia (Spain)	https://youtu.be/FngPU_Fx4f4
viquingos	vikings in Galicia	True	825	9	20251002	Historiators	Vikings Ruled Spain and Portugal? Here's Why You Never Knew	https://youtu.be/UJCDpmndTpQ
viquingos	vikings in Galicia	True	23070	14	20251002	Crónicas de la Hispanidad	GALLEGOS vs VIKINGS, the FORGOTTEN BATTLES of HISPANIC HISTORY 🔥	https://youtu.be/CaLinIe62M0
viquingos	vikings in Galicia	True	5633	5	20241002	Menudas Historias	The VIKINGS in SPAIN: Jakobsland, the coveted GALICIA	https://youtu.be/P6FJbkyRtAs
viquingos	vikings in Galicia	True	6635	8	20251202	Echoes Of Past	The Battle where Vikings Learned to FEAR Galicia and Asturias	https://youtu.be/EKwKBKErpMU
viquingos	vikings in Galicia	True	46443	10	20171002	Luis Carlos	Vikings en Galicia	https://youtu.be/NUxoUTES-ec
viquingos	vikings in Galicia	False	140546	12	20251202	The History Hub	Europe’s Forgotten Corner: The Genetic Secret of Galicia	https://youtu.be/zlzykc0rUHg
viquingos	vikings in Galicia	True	785	10	20231002	El Llanero Solitario	Los Vikingos llegan a Galicia, Vikings in Galicia. #vikings #vikingos #galicia #documentary	https://youtu.be/5oRSATaZOp8
viquingos	vikings in Galicia	True	52548	1	20231002	La Vanguardia	Vikings land in Galicia for the traditional festival in the town of Catoira	https://youtu.be/Ww1RbvSA8XI
viquingos	vikings in Galicia	True	11603	26	20260702	ADN Decodificado	Viking DNA in Galicia has just revealed a secret that Spain hid for centuries	https://youtu.be/anYuLlQYFV4
viquingos	vikings in Galicia	True	489	0	20131002	Italo Pendola	Catoira. The Fortress in Galicia to stop Barbarians. The Vikings	https://youtu.be/GazTLn8rnNQ
viquingos	vikings in Galicia	True	1744	55	20171002	Steve Ashby	Irene Garcia Losquino- Vikings in Galicia	https://youtu.be/exj6guVrsQU
viquingos	vikings in Galicia	False	880	3	20181002	IMAXINA AUDIOVISUAL	jackobsland teaser documental de las invasiones vikingas en Galicia	https://youtu.be/ujrg7gNih70
viquingos	vikings in Galicia	True	33463	9	20241002	Historia ex Hispania	Vikings in Hispania. How the Vikings reached the Iberian Peninsula and sacked Seville	https://youtu.be/qmD-YjuKzu0
viquingos	vikings in Galicia	True	26229	6	20081002	tercioss	Vikingos en Galicia	https://youtu.be/YH4mmDIs1bw
viquingos	vikings in Galicia	False	33890	37	20231002	Aventurero Elliot en ESPAÑOL 	Conocí la fiesta MÁS GUARRA y SALVAJE de TODO ESPAÑA | GALICIA	https://youtu.be/O66G1GnuK1A
viquingos	vikings in Galicia	True	1581	9	20221002	Natasha Bergen	What it's like to visit Galicia (vikings, vanlife and nature)	https://youtu.be/EfywLRDYoI0
viquingos	vikings in Galicia	True	2043	1	20111002	EFE in English	Vikings invade Spain to pillage local treasures	https://youtu.be/5S_1ljNF_sQ
viquingos	vikings in Galicia	True	2006	20	20251002	About Galicia	The WILDEST PARTY in GALICIA: VIKING PARTY of CATOIRA, Pontevedra, Galicia (Spain)	https://youtu.be/FngPU_Fx4f4
viquingos	vikings in Galicia	True	50	158	20221002	Concello de Catoira	Vikings and wine in Galicia	https://youtu.be/G__j44RpKZg
viquingos	vikings in Galicia	True	357	1	20161002	albert gulyamov	[LOL][2016] Spain: See fierce Viking raid on coastal town in Galicia	https://youtu.be/JBVmGwdQ_eg
viquingos	viquingos Galicia	True	262428	70	20221002	Fundación Juan March	Los vikingos en la península ibérica | Irene García Losquiño	https://youtu.be/u6WEmPrGHYI
viquingos	viquingos Galicia	True	52548	1	20231002	La Vanguardia	Los vikingos desembarcan en Galicia en la tradicional fiesta del pueblo de Catoira	https://youtu.be/Ww1RbvSA8XI
viquingos	viquingos Galicia	True	46443	10	20171002	Luis Carlos	Vikings en Galicia	https://youtu.be/NUxoUTES-ec
viquingos	viquingos Galicia	True	2208	36	20251002	À Descoberta de Portugal	Vikingos en Galicia y Portugal - Saqueos, Batallas, Rescates y Leyendas | Historias Desconocidas	https://youtu.be/XI_oXi1HEq4
viquingos	viquingos Galicia	True	23070	14	20251002	Crónicas de la Hispanidad	VIKINGOS en ESPAÑA: La GALICIA MEDIEVAL CRISTIANA 🔥	https://youtu.be/CaLinIe62M0
viquingos	viquingos Galicia	True	5633	5	20241002	Menudas Historias	The VIKINGS in SPAIN: Jakobsland, the coveted GALICIA	https://youtu.be/P6FJbkyRtAs
viquingos	viquingos Galicia	True	11603	26	20260702	ADN Decodificado	El ADN de los vikingos en Galicia acaba de revelar un secreto que España ocultó durante siglos	https://youtu.be/anYuLlQYFV4
viquingos	viquingos Galicia	True	2383	1	20111002	AGENCIA EFE	Los vikingos  vuelven a invadir Galicia	https://youtu.be/8SizkOFLd64
viquingos	viquingos Galicia	True	26229	6	20081002	tercioss	Vikingos en Galicia	https://youtu.be/YH4mmDIs1bw
viquingos	viquingos Galicia	True	23293	4	20131002	WebHistorias	Vikingos en Galicia | Parte 1/2 | El primer ataque	https://youtu.be/tVFEO7_bJUU
viquingos	viquingos Galicia	True	91978	22	20251002	Crónicas de la Historia	Vikingos en la PENÍNSULA IBÉRICA.  Incursiones y ataques vikingos a España y Portugal	https://youtu.be/9mC8YLARmB4
viquingos	viquingos Galicia	True	11251	35	20260919	Cronos Portugal	Ataques vikingos al futuro Portugal: saqueo, cautiverio y terror en el Atlántico (844–1016)	https://youtu.be/UAS-1jO5QzQ
viquingos	viquingos Galicia	True	6265	14	20260902	Punto de Historia 	The Secret in Your Blood: Are VIKINGS GALICIAN?	https://youtu.be/DNSbumNap90
viquingos	viquingos Galicia	True	6706	6	20241002	EL ESPAÑOL	Inside the Viking pilgrimage of Catoira (Galicia), which has commemorated the Norman invasions si...	https://youtu.be/TSzEEq4vbIw
viquingos	viquingos Galicia	True	734	1	20181002	Víctor Barrera	LOS VIKINGOS INVADEN GALICIA	https://youtu.be/MjCwtmmdrVM
viquingos	viquingos Galicia	True	21551	6	20181002	Historias de la Historia	Santiago de Compostela: OBJETIVO VIKINGO	https://youtu.be/xSlkPWJeZeM
viquingos	viquingos Galicia	True	328	1	20191002	a Lobeira today	Vikingos en Galicia - Curiosidades - ALt 2018	https://youtu.be/ntyKQenbfgU
viquingos	viquingos Galicia	True	16833	12	20131002	WebHistorias	Vikingos en Galicia | Parte 2/2 | Sucesivos ataques y final de la "Era Vikinga"	https://youtu.be/20f-Qyk8DBU
viquingos	viquingos Galicia	True	4098	3	20171002	Viviendo Galicia	Viviendo Galicia. La Isla de los Vikingos.	https://youtu.be/OITSZL31As0
viquingos	viquingos Galicia	True	21573	8	20241002	Genealogía Épica	APELLIDOS VIKINGOS ⚔️ ¿DESCIENDES  de un  VIKINGO?	https://youtu.be/Qj5MKOrgKp8
torre_hercules	Torre de Hércules historia	True	108222	7	20131002	EGIPTOAROMA HISTORIA ANTIGUA	The Tower of Hercules, Roman lighthouse, history and legend	https://youtu.be/MTKY51HuCrU
torre_hercules	Torre de Hércules historia	True	141565	27	20260602	Isaac Moreno Gallo	THE TOWER OF HERCULES	https://youtu.be/y4g6QpNkZFc
torre_hercules	Torre de Hércules historia	True	6085	79	20260502	RELATOS AL OIDO 	DUÉRMETE CON LA TORRE DE HÉRCULES Y EL MISTERIO QUE LLEVA 2.000 AÑOS ENCENDIDO	https://youtu.be/vvbW22FAUUA
torre_hercules	Torre de Hércules historia	False	13375	2	20221002	Top Turismo	⚠️What to See if You Visit the Tower of Hercules 💙 (La Coruña, Galicia) | 😍 History and Curiositi...	https://youtu.be/8nRCwVfdDjA
torre_hercules	Torre de Hércules historia	True	3365	5	20231002	Perusia Studio	LA TORRE DE HÉRCULES l Leyenda de España	https://youtu.be/BwXU4OzTjkk
torre_hercules	Torre de Hércules historia	True	1395	0	20211002	Turismo A Coruña - Visit Coruna	Historias da Torre - Origen de la Torre de Hércules	https://youtu.be/_TbqocOkWSw
torre_hercules	Torre de Hércules historia	True	13613	11	20241002	Fundación Palarq	La Torre de Hércules: Mitos, Leyendas y Misterios del Faro Más Antiguo del Mundo	https://youtu.be/N29xQCQNrCY
torre_hercules	Torre de Hércules historia	True	19	2	20260402	Arte En 2 Minutos	Roman engineering that defies time: the Tower of Hercules	https://youtu.be/zmXMUYBuMVk
torre_hercules	Torre de Hércules historia	True	1838	11	20241002	Hechos Históricos	Breogán the mythical Galician king and the Tower of Hercules.	https://youtu.be/pvjyh_qdvVE
torre_hercules	Torre de Hércules historia	False	432	0	20211002	Turismo A Coruña - Visit Coruna	Historias da Torre - La leyenda de Hércules	https://youtu.be/_-0ibtkNTok
torre_hercules	Torre de Hércules historia	True	988	2	20231002	Mysterio Vortex	TOWER OF HERCULES: LEGENDS and MYSTERIES of A Coruña	https://youtu.be/24vtM8aOd-Y
torre_hercules	Torre de Hércules historia	True	1050	6	20201002	Native Explorer	Statue Liberty Twin: Tower of Hercules, UNESCO WORLD HERITAGE, La Coruña, Spain (Torre de Hércules)	https://youtu.be/mwO4W6GW3As
torre_hercules	Torre de Hércules historia	False	377	1	20211002	Turismo A Coruña - Visit Coruna	Historias da Torre - Puertas de Hércules	https://youtu.be/kAHjikfL_28
torre_hercules	Torre de Hércules historia	True	1622	21	20241002	About Galicia	TORRE de HÉRCULES: el FARO MÁS ANTIGUO del mundo está en GALICIA 🌊	https://youtu.be/p2LQJywan_0
torre_hercules	Torre de Hércules historia	True	3387	1	20161002	Torre Hercules	Torre de Hércules Leyenda de Generaciones	https://youtu.be/1XqZchCMQJ8
torre_hercules	Torre de Hércules historia	True	714	88	20201002	Turismo A Coruña - Visit Coruna	Visita Guiada Virtual: Torre de Hércules - 21 de marzo	https://youtu.be/eg9HNb9h_lo
torre_hercules	Torre de Hércules historia	True	6476	3	20231002	Fotodronepx	Torre de Hércules	https://youtu.be/-6o7w0ASPms
torre_hercules	Torre de Hércules historia	False	92	1	20211002	Turismo A Coruña - Visit Coruna	Historias da Torre  - La declaración de Patrimonio Mundial	https://youtu.be/DwIlBbB3y6I
torre_hercules	Torre de Hércules historia	True	125	8	20241002	Felipe Vazquez	La Historia de la Torre de Hércules.	https://youtu.be/tHkDfiY63G4
torre_hercules	Torre de Hércules historia	True	907	2	20151002	Torre Hercules	La Torre de Hércules: Iluminación en época romana. Exterior	https://youtu.be/TQ1xNql_Lf4
torre_hercules	Torre de Hércules leyenda	True	108222	7	20131002	EGIPTOAROMA HISTORIA ANTIGUA	The Tower of Hercules, Roman lighthouse, history and legend	https://youtu.be/MTKY51HuCrU
torre_hercules	Torre de Hércules leyenda	True	13613	11	20241002	Fundación Palarq	La Torre de Hércules: Mitos, Leyendas y Misterios del Faro Más Antiguo del Mundo	https://youtu.be/N29xQCQNrCY
torre_hercules	Torre de Hércules leyenda	True	3365	5	20231002	Perusia Studio	LA TORRE DE HÉRCULES l Leyenda de España	https://youtu.be/BwXU4OzTjkk
torre_hercules	Torre de Hércules leyenda	True	141565	27	20260602	Isaac Moreno Gallo	THE TOWER OF HERCULES	https://youtu.be/y4g6QpNkZFc
torre_hercules	Torre de Hércules leyenda	True	988	2	20231002	Mysterio Vortex	TOWER OF HERCULES: LEGENDS and MYSTERIES of A Coruña	https://youtu.be/24vtM8aOd-Y
torre_hercules	Torre de Hércules leyenda	True	6085	79	20260502	RELATOS AL OIDO 	DUÉRMETE CON LA TORRE DE HÉRCULES Y EL MISTERIO QUE LLEVA 2.000 AÑOS ENCENDIDO	https://youtu.be/vvbW22FAUUA
torre_hercules	Torre de Hércules leyenda	True	3387	1	20161002	Torre Hercules	Torre de Hércules Leyenda de Generaciones	https://youtu.be/1XqZchCMQJ8
torre_hercules	Torre de Hércules leyenda	True	2479	5	20081002	Horacio Vázquez Fariña	Torre de Hércules	https://youtu.be/LOjXyFoMmok
torre_hercules	Torre de Hércules leyenda	True	6476	3	20231002	Fotodronepx	Torre de Hércules	https://youtu.be/-6o7w0ASPms
torre_hercules	Torre de Hércules leyenda	False	13375	2	20221002	Top Turismo	⚠️What to See if You Visit the Tower of Hercules 💙 (La Coruña, Galicia) | 😍 History and Curiositi...	https://youtu.be/8nRCwVfdDjA
torre_hercules	Torre de Hércules leyenda	True	471	15	20191002	JLSanz	X aniversario Torre de Hércules PH JLSanz	https://youtu.be/kIzIspy9gz0
torre_hercules	Torre de Hércules leyenda	True	4327	5	20141002	Torre Hercules	Torre de Hércules, 2000 años alumbrando el Atlántico. A Coruña.Galicia.Spain.	https://youtu.be/fdArryi3WXI
torre_hercules	Torre de Hércules leyenda	True	1838	11	20241002	Hechos Históricos	Breogán the mythical Galician king and the Tower of Hercules.	https://youtu.be/pvjyh_qdvVE
torre_hercules	Torre de Hércules leyenda	True	411	3	20151002	Torre Hercules	La Torre de Hércules: Iluminación en época romana. Interior	https://youtu.be/JEywFHj9wQM
torre_hercules	Torre de Hércules leyenda	False	432	0	20211002	Turismo A Coruña - Visit Coruna	Historias da Torre - La leyenda de Hércules	https://youtu.be/_-0ibtkNTok
torre_hercules	Torre de Hércules leyenda	True	1622	21	20241002	About Galicia	TORRE de HÉRCULES: el FARO MÁS ANTIGUO del mundo está en GALICIA 🌊	https://youtu.be/p2LQJywan_0
torre_hercules	Torre de Hércules leyenda	True	1050	6	20201002	Native Explorer	Statue Liberty Twin: Tower of Hercules, UNESCO WORLD HERITAGE, La Coruña, Spain (Torre de Hércules)	https://youtu.be/mwO4W6GW3As
torre_hercules	Torre de Hércules leyenda	True	11309	1	20141002	Torre Hercules	Torre de Hércules, Patrimonio de la Humanidad	https://youtu.be/bX2DUSX9mf4
torre_hercules	Torre de Hércules leyenda	True	907	2	20151002	Torre Hercules	La Torre de Hércules: Iluminación en época romana. Exterior	https://youtu.be/TQ1xNql_Lf4
torre_hercules	Torre de Hércules leyenda	True	1955	1	20161002	Torre Hercules	Torre de Hércules	https://youtu.be/lPnNjgwWU4g
torre_hercules	Tower of Hercules	True	21280	2	20141002	UNESCO	Tower of Hercules (UNESCO/NHK)	https://youtu.be/rmqwbVLBmJQ
torre_hercules	Tower of Hercules	True	1417	12	20251002	World Wonders	Exploring the Ancient Tower of Hercules in Spain	https://youtu.be/Lu_9vqaeaG4
torre_hercules	Tower of Hercules	True	5048	1	20171002	World Heritage Journey	Tower of Hercules - UNESCO World Heritage Site	https://youtu.be/viDHzw_ys2o
torre_hercules	Tower of Hercules	True	2905	9	20181002	MuchoHop	OLDEST WORKING LIGHTHOUSE IN THE WORLD!! TOWER OF HERCULES IN A CORUÑA, NORTHERN SPAIN	https://youtu.be/U9F9IpjbxGU
torre_hercules	Tower of Hercules	True	1266	12	20251002	Endless Journey	Tower of Hercules Built in the 2nd Century - Oldest Working Roman Lighthouse - A Coruña Spain 2024	https://youtu.be/qF3WSAarQts
torre_hercules	Tower of Hercules	True	564	3	20221002	Manolo de Sexto	Historical evolution of the Tower of Hercules	https://youtu.be/uBPFsGHgkXU
torre_hercules	Tower of Hercules	True	755	3	20201002	CANTRE TRIP	THE TOWER of HERCULES (TORRE de HERCULES) NORTHERN SPAIN | CANTRE FAMILY	https://youtu.be/EeVdwqkXA3Q
torre_hercules	Tower of Hercules	True	141565	27	20260602	Isaac Moreno Gallo	THE TOWER OF HERCULES	https://youtu.be/y4g6QpNkZFc
torre_hercules	Tower of Hercules	True	964	2	20111002	euronews	euronews le mag - The Tower of Hercules	https://youtu.be/kLEkLB_EouY
torre_hercules	Tower of Hercules	False	306	2	20221002	Zeus faber - Underwater Treasures	HERCULES' KINGDOM - Under The Tower | #CORUÑA	https://youtu.be/hlcc0mD4lHI
torre_hercules	Tower of Hercules	False	37435	5	20260802	Scenic Routes to the Past	A Roman Lighthouse Still Used Today	https://youtu.be/BrGDyQl92Es
torre_hercules	Tower of Hercules	True	1175	0	20121002	Davidsbeenhere	The Tower of Hercules in A Coruna, Galicia, Spain Davidsbeenhere.com	https://youtu.be/oAmMpgGJrCc
torre_hercules	Tower of Hercules	True	34	2	20251102	CityGems	Top 10 Attractions in A Coruña, Galicia | Tower of Hercules, Domus, Beaches & More 🗼🌊🏛️	https://youtu.be/UeoPDQ7_6ao
torre_hercules	Tower of Hercules	True	1050	6	20201002	Native Explorer	Statue Liberty Twin: Tower of Hercules, UNESCO WORLD HERITAGE, La Coruña, Spain (Torre de Hércules)	https://youtu.be/mwO4W6GW3As
torre_hercules	Tower of Hercules	True	4999	0	20171002	Spain	Tower of Hercules in A Coruña - Spain	https://youtu.be/esoJ39QIQuM
torre_hercules	Tower of Hercules	True	1025	0	20131002	Jori Avlis	Tower of Hercules	https://youtu.be/WZ00_QmRE3k
torre_hercules	Tower of Hercules	True	525	2	20231002	Amazing World of Data	The Oldest Lighthouse in the World | The Tower of Hercules	https://youtu.be/aRPWu3T-b9U
torre_hercules	Tower of Hercules	True	686	1	20181002	places to see in	Places to see in ( Galicia - Spain ) Tower of Hercules - Torre de Hercules	https://youtu.be/U_vXqo0_4OU
torre_hercules	Tower of Hercules	False	2637	59	20231002	Walking Spain	🇪🇸[4K] A CORUÑA Tour. Part 2 Discover TORRE DE HERCULES, the oldest lighthouse in the world #spain	https://youtu.be/q3Mapa-dQd0
torre_hercules	Tower of Hercules	True	3098	3	20071002	alexia muiños	Around the Tower of Hercules	https://youtu.be/LosO-B6mD2A
irmandinos	irmandiños	True	1688	5	20231002	Asalto ao Castelo	Irmandiños en La Sexta Columna	https://youtu.be/mzpm3zx_xVA
irmandinos	irmandiños	True	10550	18	20260702	Historia con H	IRMANDIÑOS (1467)⚔️ GALICIA en Armas contra la Nobleza	https://youtu.be/Nqg41zmqlfM
irmandinos	irmandiños	True	6006	28	20241002	Asalto ao Castelo	"A caída dos castelos" Que foi a Guerra Irmandiña?	https://youtu.be/1OI2l1DhQpI
irmandinos	irmandiños	False	15653	2	20071002	13negativo	IRMANDIÑOS: A REVOLTA 2007. TRAILER	https://youtu.be/Vs8rMiTbacw
irmandinos	irmandiños	True	6948	43	20121002	culturagalega.org	Os Irmandiños: as orixes e o final, por Carlos Barros	https://youtu.be/CNW1Ag2pbTI
irmandinos	irmandiños	True	17758	9	20171002	Chus Polo	HISTORIA DE GALICIA.  OS IRMANDIÑOS	https://youtu.be/1-KuBU5nDwg
irmandinos	irmandiños	False	2747	8	20101002	Federación Galega de Bandas de Música Populares	Irmandiños, de Juan Fernández Guzmán [Parte 1/2] (Banda de Música Municipal de Valga)	https://youtu.be/AJ6XjJQoQ7A
irmandinos	irmandiños	False	2830	15	20111002	Federación Galega de Bandas de Música Populares	Irmandiños, de Juan Fernández Guzmán (Banda de Música Municipal de Caldas de Reis)	https://youtu.be/e1yuy78gdpE
irmandinos	irmandiños	True	30	8	20260918	Atlas de Imperios IA	La Revuelta de los Irmandiños	https://youtu.be/3YDIAD5IHlg
irmandinos	irmandiños	True	1033	48	20221002	Historia a Debate	Os irmandiños, a primeira gran revolta social europea no século XV	https://youtu.be/39OEHmmVcxs
irmandinos	irmandiños	True	157	8	20111002	cifejo	Irmandiños: A Revolta (2006). Reportaxe na TVG	https://youtu.be/c5QKpuSaLzY
irmandinos	irmandiños	False	162	2	20111002	cifejo	Irmandiños: A Revolta - Trailer (2006)	https://youtu.be/Q6LNRnuwC-Q
irmandinos	irmandiños	True	387	48	20241002	Carlos Barros	Os irmandiños, a primeira gran revolta social europea do século XV	https://youtu.be/QratkOLS4a4
irmandinos	irmandiños	True	257	9	20111002	cifejo	Irmandiños: A Revolta (2007). DVD (Parte 1)	https://youtu.be/5v8ke2sQEv4
irmandinos	irmandiños	True	379	3	20251002	La Aventura de la Historia	La revuelta irmandiña	https://youtu.be/1UmPwKeBppY
irmandinos	irmandiños	True	1544	7	20061002	David V	Irmandiños: A revolta	https://youtu.be/7HCh93gncWI
irmandinos	irmandiños	True	75	8	20111002	cifejo	Irmandiños: A Revolta. Reportaxe e entrevista na TVG	https://youtu.be/qXcxEjUYKlo
irmandinos	irmandiños	False	1219	2	20101002	13negativo	IRMANDIÑOS: A REVOLTA 2008. TRAILER.	https://youtu.be/xV_f60r7umg
irmandinos	irmandiños	True	2084	1	20141002	Musica	Marxa d Os Irmandiños	https://youtu.be/CVkukrR81_c
irmandinos	irmandiños	False	967	8	20111002	Federación Galega de Bandas de Música Populares	Irmandiños, de Juan Fernández Guzmán [Parte 1/2] (Agrupación Musical de Vincios)	https://youtu.be/CtQjGAGpkAI
irmandinos	revuelta irmandiña	True	379	3	20251002	La Aventura de la Historia	La revuelta irmandiña	https://youtu.be/1UmPwKeBppY
irmandinos	revuelta irmandiña	True	6006	28	20241002	Asalto ao Castelo	"A caída dos castelos" Que foi a Guerra Irmandiña?	https://youtu.be/1OI2l1DhQpI
irmandinos	revuelta irmandiña	True	1688	5	20231002	Asalto ao Castelo	Irmandiños en La Sexta Columna	https://youtu.be/mzpm3zx_xVA
irmandinos	revuelta irmandiña	True	10550	18	20260702	Historia con H	IRMANDIÑOS (1467)⚔️ GALICIA en Armas contra la Nobleza	https://youtu.be/Nqg41zmqlfM
irmandinos	revuelta irmandiña	True	220	10	20211002	historia del mundo y sus personajes buiña	REVOLUCIÓN IRMANDIÑA	https://youtu.be/EGQ877pcXTs
irmandinos	revuelta irmandiña	True	6948	43	20121002	culturagalega.org	Os Irmandiños: as orixes e o final, por Carlos Barros	https://youtu.be/CNW1Ag2pbTI
irmandinos	revuelta irmandiña	True	386	56	20241002	auditandoeluniverso	La Gran Guerra Irmandiña en Galicia (1467-1469). cap 16	https://youtu.be/12qrBkID1ok
irmandinos	revuelta irmandiña	True	10	10	20251002	RESUMENES DE LIBROS	RESUMEN DEL LIBRO A IRMANDIÑA: MISTERIOS DE FERROLTERRA IV DE ROBER H.L. CAGIAO	https://youtu.be/6AURRKuPb4Q
irmandinos	revuelta irmandiña	True	1544	7	20061002	David V	Irmandiños: A revolta	https://youtu.be/7HCh93gncWI
irmandinos	revuelta irmandiña	True	620	51	20121002	Historia a Debate	T8. Cronología irmandiña, 1467-1472 A	https://youtu.be/DLFL3GT2zo4
irmandinos	revuelta irmandiña	False	15653	2	20071002	13negativo	IRMANDIÑOS: A REVOLTA 2007. TRAILER	https://youtu.be/Vs8rMiTbacw
irmandinos	revuelta irmandiña	False	586	5	20241002	Cosas de la Historia	THE GALICIA PEASANT REVOLTS OF 1467	https://youtu.be/ByBOPvqSo_A
irmandinos	revuelta irmandiña	True	30	8	20260918	Atlas de Imperios IA	La Revuelta de los Irmandiños	https://youtu.be/3YDIAD5IHlg
irmandinos	revuelta irmandiña	True	305	50	20121002	Historia a Debate	T8. Cronología irmandiña, 1467-1472 B	https://youtu.be/3w1YLPwFokw
irmandinos	revuelta irmandiña	False	1219	2	20101002	13negativo	IRMANDIÑOS: A REVOLTA 2008. TRAILER.	https://youtu.be/xV_f60r7umg
irmandinos	revuelta irmandiña	True	292	6	20260502	NAPSTER GEOS	La revuelta Irmandiña. El Castillo de Pambre	https://youtu.be/Wzhar6qINnM
irmandinos	revuelta irmandiña	True	5835	5	20231002	Crónicas dunha desmemoria	CRÓNICA 11 | As Revoltas Irmandiñas	https://youtu.be/FDtUOzcgTiQ
irmandinos	revuelta irmandiña	False	129	2	20211002	EducaHistoria	📙Carlos Barros nos habla de 𝗹𝗮 𝗥𝗲𝘃𝘂𝗲𝗹𝘁𝗮 𝗜𝗿𝗺𝗮𝗻𝗱𝗶𝗻̃𝗮📘	https://youtu.be/QrU_CapgXFk
irmandinos	revuelta irmandiña	True	286	7	20191002	Santiago Dans	Revolta irmandiña	https://youtu.be/qpQee_NADrg
irmandinos	revuelta irmandiña	True	174	50	20121002	Historia a Debate	T8. Cronología irmandiña, 1467-1472 D	https://youtu.be/tWxaG_L-N9s
irmandinos	revolta irmandiña historia	True	379	3	20251002	La Aventura de la Historia	La revuelta irmandiña	https://youtu.be/1UmPwKeBppY
irmandinos	revolta irmandiña historia	True	1688	5	20231002	Asalto ao Castelo	Irmandiños en La Sexta Columna	https://youtu.be/mzpm3zx_xVA
irmandinos	revolta irmandiña historia	True	10550	18	20260702	Historia con H	IRMANDIÑOS (1467)⚔️ GALICIA en Armas contra la Nobleza	https://youtu.be/Nqg41zmqlfM
irmandinos	revolta irmandiña historia	True	6006	28	20241002	Asalto ao Castelo	"A caída dos castelos" Que foi a Guerra Irmandiña?	https://youtu.be/1OI2l1DhQpI
irmandinos	revolta irmandiña historia	True	220	10	20211002	historia del mundo y sus personajes buiña	REVOLUCIÓN IRMANDIÑA	https://youtu.be/EGQ877pcXTs
irmandinos	revolta irmandiña historia	True	5835	5	20231002	Crónicas dunha desmemoria	CRÓNICA 11 | As Revoltas Irmandiñas	https://youtu.be/FDtUOzcgTiQ
irmandinos	revolta irmandiña historia	True	5832	9	20231002	Falemos Do Reino de Galicia	Quen foron os protagonistas da Revolta Irmandiña?	https://youtu.be/FpMnK5woMZg
irmandinos	revolta irmandiña historia	True	2	79	20251002	Historia a Debate	Vitoria histórica irmandiña, 1467-1469	https://youtu.be/ypzpsMgTwgE
irmandinos	revolta irmandiña historia	True	5802	3	20191002	Historia en papeis	As revoltas irmandiñas	https://youtu.be/g18lmmXEq-M
irmandinos	revolta irmandiña historia	True	286	7	20191002	Santiago Dans	Revolta irmandiña	https://youtu.be/qpQee_NADrg
irmandinos	revolta irmandiña historia	True	203	79	20221002	Historia a Debate	Vitoria histórica irmandiña, 1467-1469	https://youtu.be/DETpRq4fen8
irmandinos	revolta irmandiña historia	True	10	10	20251002	RESUMENES DE LIBROS	RESUMEN DEL LIBRO A IRMANDIÑA: MISTERIOS DE FERROLTERRA IV DE ROBER H.L. CAGIAO	https://youtu.be/6AURRKuPb4Q
irmandinos	revolta irmandiña historia	True	620	51	20121002	Historia a Debate	T8. Cronología irmandiña, 1467-1472 A	https://youtu.be/DLFL3GT2zo4
irmandinos	revolta irmandiña historia	True	305	50	20121002	Historia a Debate	T8. Cronología irmandiña, 1467-1472 B	https://youtu.be/3w1YLPwFokw
irmandinos	revolta irmandiña historia	False	15653	2	20071002	13negativo	IRMANDIÑOS: A REVOLTA 2007. TRAILER	https://youtu.be/Vs8rMiTbacw
irmandinos	revolta irmandiña historia	True	174	50	20121002	Historia a Debate	T8. Cronología irmandiña, 1467-1472 D	https://youtu.be/tWxaG_L-N9s
irmandinos	revolta irmandiña historia	True	1178	90	20181002	Historia a Debate	Vencedores e vencidos na revolta irmandiña	https://youtu.be/vKAhzBkJzIc
irmandinos	revolta irmandiña historia	True	5	90	20251002	Historia a Debate	Vencedores e vencidos na revolta irmandiña	https://youtu.be/IRgnLZqpcnI
irmandinos	revolta irmandiña historia	True	423	5	20231002	Jorge Costas	O AVÓ PATACAS CÓNTANOS A HISTORIA DE GALICIA (A GRAN REVOLTA IRMANDIÑA)	https://youtu.be/YOVW7jYnYTQ
irmandinos	revolta irmandiña historia	True	23	8	20211002	marcos chaves	A REVOLTA IRMANDIÑA 8min	https://youtu.be/uNprgCmeHzs
rande	galeones de Rande	True	29869	13	20251102	BATALLAS NAVALES	NAVAL BATTLES 101: Vigo Estuary 1702 - Rande	https://youtu.be/rbIRFeLiokQ
rande	galeones de Rande	True	5828	61	20260102	Sueños de Mar	How a Desperate Admiral Stole the Greatest Treasure in History | The Battle of Rande	https://youtu.be/cHFHWeTXx2Q
rande	galeones de Rande	True	3131	3	20191002	Jorge Diaz Historia de España	El tesoro de Rande	https://youtu.be/p_lyiya-8BI
rande	galeones de Rande	True	631	1	20171002	V television Galicia	Una expedición descubre los tesoros de la batalla de Rande	https://youtu.be/55lYrSquYQg
rande	galeones de Rande	True	6600	2	20111002	vigo al minuto	Galeones de Rande	https://youtu.be/OtkTJf-F86M
rande	galeones de Rande	False	4523	11	20231002	Matidia	💰🚨 BATALLA de VIGO 1702: 3 TESOROS OCULTOS	https://youtu.be/XZFHjU8jVTU
rande	galeones de Rande	True	4916	6	20191002	Jorge Diaz Historia de España	La batalla de Rande	https://youtu.be/6VS84NpQa6k
rande	galeones de Rande	True	1767	0	20241002	Juan F	Batalla de Rande en la Ría de Vigo (I.A.)	https://youtu.be/I572in6k7vU
rande	galeones de Rande	True	98	1	20251102	Firearms Addict	Los galeones hundidos de la bahía de Rande | El tesoro perdido de Vigo de 1702	https://youtu.be/2s8KpPnAm0o
rande	galeones de Rande	True	739	7	20231002	ARTYCULTURA	THE RANDE TREASURE: THE GREAT SECRET OF THE VIGO ESTUARY	https://youtu.be/aCKvpgRlFPI
rande	galeones de Rande	True	8625	7	20151002	Manuel Calavera	El Castillo de Rande 313 años después ...	https://youtu.be/WYSY-y7b7ww
rande	galeones de Rande	True	7823	6	20141002	Desde Galicia para el Mundo	DGPM 1070 - 10: Rande Cove	https://youtu.be/RHDlAAXADCI
rande	galeones de Rande	True	105	6	20260202	Salva Pazó +k INTERESANTE	RANDE 1702  CAÑONES, ORO Y MENTIRAS	https://youtu.be/LhIf3zwLTf0
rande	galeones de Rande	True	279	10	20231002	Atlántico	Javier Luaces, arqueólogo submarino: "En Rande hemos encontrado 12 galeones en muy buen estado"	https://youtu.be/F_7wck6jkgc
rande	galeones de Rande	False	3976	11	20141002	Desde Galicia para el Mundo	DGPM 1062 - 9: Tesoros hundidos	https://youtu.be/x6HMDitywyc
rande	galeones de Rande	True	3478	15	20201002	Viaxes Loa	batalla naval de rande	https://youtu.be/iAf9QZs3RYA
rande	galeones de Rande	True	2497	4	20111002	Via Televisión	Los buzos trabajan para encontrar los tesoros arqueológicos de Rande	https://youtu.be/bgeiiksFQeg
rande	galeones de Rande	True	733	13	20211002	JeroniZmo	The BATTLE of RANDE is waged at the MEIRANDE MUSEUM 🎥	https://youtu.be/XsUBBiM-FbM
rande	galeones de Rande	True	594	5	20151002	Desde Galicia para el Mundo	DGPM 1119 RANDE COVE	https://youtu.be/lvbqmqehm6Y
rande	galeones de Rande	True	909	1	20091002	bluguiavigo	Monumento a la Batalla de Rande, Las Anclas. Vigo	https://youtu.be/PcR43lEj43A
rande	batalla de Rande	True	29869	13	20251102	BATALLAS NAVALES	NAVAL BATTLES 101: Vigo Estuary 1702 - Rande	https://youtu.be/rbIRFeLiokQ
rande	batalla de Rande	True	5828	61	20260102	Sueños de Mar	How a Desperate Admiral Stole the Greatest Treasure in History | The Battle of Rande	https://youtu.be/cHFHWeTXx2Q
rande	batalla de Rande	True	3284	26	20191002	Kodama Mediaworks	Así fué la Batalla de Rande 2019	https://youtu.be/TajJ9i89-c4
rande	batalla de Rande	True	3131	3	20191002	Jorge Diaz Historia de España	El tesoro de Rande	https://youtu.be/p_lyiya-8BI
rande	batalla de Rande	True	631	1	20171002	V television Galicia	Una expedición descubre los tesoros de la batalla de Rande	https://youtu.be/55lYrSquYQg
rande	batalla de Rande	True	4916	6	20191002	Jorge Diaz Historia de España	La batalla de Rande	https://youtu.be/6VS84NpQa6k
rande	batalla de Rande	True	2505	2	20151002	Carlos Viana	Luis Melero. Batalla de Rande. RTVE.	https://youtu.be/qFgFSKBJrbw
rande	batalla de Rande	True	1536	7	20151002	Loli Paz	Batalla de Rande 2014	https://youtu.be/r5fnwhLI-6A
rande	batalla de Rande	True	1395	83	20221002	Decíamos Ayer	The Treasure of Rande: Myth or Reality? with Hispanic Legacy	https://youtu.be/NtNSl_1s7es
rande	batalla de Rande	False	3959	24	20181002	Nuestras Bandas de Música	La batalla de Rande UNIÓN MUSICAL DE GODELLETA	https://youtu.be/zhQxE4eL81A
rande	batalla de Rande	False	3755	27	20171002	Nuestras Bandas de Música	La Batalla de Rande BANDA SINFÓNICA ATENEO MUSICAL DE CULLERA	https://youtu.be/ScX_wSX5QYQ
rande	batalla de Rande	False	4523	11	20231002	Matidia	💰🚨 BATALLA de VIGO 1702: 3 TESOROS OCULTOS	https://youtu.be/XZFHjU8jVTU
rande	batalla de Rande	False	2642	4	20171002	Batalla de Rande Organización	Batalla de Rande 2017 – Natación en aguas abiertas,  27Km open water swimming	https://youtu.be/ybtjlTYQLMc
rande	batalla de Rande	False	14856	6	20121002	Nadando Libre	Nadando Libre · Rande Battle Swimming Crossing 2012	https://youtu.be/7T6w7Me4-mY
rande	batalla de Rande	True	2778	2	20181002	Batalla de Rande Organización	Recorrido de la Batalla de Rande	https://youtu.be/an8PLxdUKfI
rande	batalla de Rande	True	1767	0	20241002	Juan F	Batalla de Rande en la Ría de Vigo (I.A.)	https://youtu.be/I572in6k7vU
rande	batalla de Rande	True	553	14	20260102	Ecos de Sangre	Rande 1702: La Emboscada Naval que Hundió una Flota Entera	https://youtu.be/v2JuqneoKTI
rande	batalla de Rande	True	8625	7	20151002	Manuel Calavera	El Castillo de Rande 313 años después ...	https://youtu.be/WYSY-y7b7ww
rande	batalla de Rande	True	816	54	20151002	Josefa Calvar Directora Canal 14 televisión	Batalla de Rande 2014 "REDONDELA"	https://youtu.be/u6xUXbzS-Gg
rande	batalla de Rande	True	208	5	20260902	Terra Nai Galicia	La batalla de Rande	https://youtu.be/OTijOnmGm2w
rande	tesouro de Rande	True	5828	61	20260102	Sueños de Mar	How a Desperate Admiral Stole the Greatest Treasure in History | The Battle of Rande	https://youtu.be/cHFHWeTXx2Q
rande	tesouro de Rande	True	98	1	20251102	Firearms Addict	The Sunken Galleons of Rande Bay | Vigo’s Lost Treasure of 1702	https://youtu.be/2s8KpPnAm0o
rande	tesouro de Rande	True	1395	83	20221002	Decíamos Ayer	The Treasure of Rande: Myth or Reality? with Hispanic Legacy	https://youtu.be/NtNSl_1s7es
rande	tesouro de Rande	True	43	3	20251002	viagensdemochila	Ponte de Rande #pontes #pontederande #galiza #galicia #espanha #españa #morrazo #batalha #navios	https://youtu.be/rAIiLYus95w
rande	tesouro de Rande	True	52	0	20181002	Filomena Manzano Laso	Os mergulladores do Nautilus atopan o tesouro de Rande	https://youtu.be/LfBJSTlnS78
rande	tesouro de Rande	True	131	9	20251002	Las Lanzas	👑💎💍The BATTLE of Rande and the mystery of the lost TREASURE.	https://youtu.be/1wlLx3Lj6Ns
rande	tesouro de Rande	True	114	7	20201002	Humildad y sencillez	Batalla de rande	https://youtu.be/4pxZqhsM-Hk
rande	tesouro de Rande	True	1063	7	20211002	El Druida Celta	Batalla de Rande, ¿donde está el tesoro?	https://youtu.be/z-74d4H5eFk
rande	tesouro de Rande	True	641	2	20161002	rosa vigo	Tesoros de Rande (Redondela)	https://youtu.be/y3QHA3cdes0
rande	tesouro de Rande	True	15	3	20221002	Canal Barbanza	20062022 09 PRESENTACION LIBRO O TESOURO DE RANDE	https://youtu.be/mExEKbxL7GI
rande	tesouro de Rande	True	63	68	20221002	Biblioteca Pública Municipal do Concello de Verín	Alberte Blanco Casal, conferencia “A batalla e o tesouro de Rande no Códice esmeralda”.	https://youtu.be/OxN9m7IyWsw
rande	tesouro de Rande	True	2505	2	20151002	Carlos Viana	Luis Melero. Batalla de Rande. RTVE.	https://youtu.be/qFgFSKBJrbw
rande	tesouro de Rande	True	435	21	20191002	Fundación FUNDAMAR	NEMO E OS TESOUROS DA RÍA DE VIGO	https://youtu.be/ZQw1_iU8W5I
rande	tesouro de Rande	False	293	7	20260602	hispania magica	Imperial Treasure: The 8 Shipwrecks with the Spanish Empire's Cursed Wealth ⚓💰	https://youtu.be/-LF3RAb7fl8
rande	tesouro de Rande	False	1550	147	20261001	IronRise Dramas	Dumped by His Wife, He Awakens a Sign-In System and Gets Cars, Mansions, Becoming a Tycoon!	https://youtu.be/OqliKKcIhMQ
rande	tesouro de Rande	False	8041	14	20161002	Journeyman Pictures	Timbuktu's Treasure Trove	https://youtu.be/DezhQ4KhhiI
rande	tesouro de Rande	False	30187	1	20111002	Cuentacuentosmagico	PIRATAS TEATRO INFANTIL La divertida historia del Tesoro de Rande	https://youtu.be/EXg0uNa96yY
rande	tesouro de Rande	True	225	1	20131002	Martín Codax	Batalla Ponte de Rande	https://youtu.be/_Npp4vF-Wl8
rande	tesouro de Rande	False	228	2	20131002	Everton Amorim	Caça ao tesouro - O pirata enfeitiçado	https://youtu.be/3tbdGWK8ON8
rande	tesouro de Rande	False	126	22	20260402	Greyquaza	Another Crab's Treasure [Part 10] - At Gunk's Edge - (Hard) Walkthrough Full Gameplay PC	https://youtu.be/3pDR5s_rY-Q
rande	Vigo Bay treasure galleons	True	98	1	20251102	Firearms Addict	The Sunken Galleons of Rande Bay | Vigo’s Lost Treasure of 1702	https://youtu.be/2s8KpPnAm0o
rande	Vigo Bay treasure galleons	False	48	2	20241002	Bonsuivit Themoonlightergroup	The Lost Treasure of Vigo Bay - An audio history ( 1702 battle of shipwreck Spanish galleon)	https://youtu.be/FWYsQnCl9E4
rande	Vigo Bay treasure galleons	True	3327	26	20131002	manu77gz	Rande. The treasure divers of Vigo bay	https://youtu.be/Z63pgKf3SHA
rande	Vigo Bay treasure galleons	False	1726	1	20121002	Al Jazeera English	Spain wins battle for shipwreck treasure	https://youtu.be/9yv6wBCH6us
rande	Vigo Bay treasure galleons	False	82195	12	20241002	Wreckwatch TV	Sunken SECRETS of a ‘$17 Billion’ Spanish Galleon	https://youtu.be/hubcauAuS_U
rande	Vigo Bay treasure galleons	False	5	2	20260924	Stick X	Lost Royal Spain's Treasure Fleet — 1702	https://youtu.be/stfydSQvHR0
rande	Vigo Bay treasure galleons	False	94	23	20260922	SABUNYA TRAVELS  (UA)	Vigo and the Bay of Treasures #caminodesantiago #pilgrim #pilgrimage #spain #travel #caminodesant...	https://youtu.be/GBJKnMAoxIA
rande	Vigo Bay treasure galleons	False	51	22	20171002	Arnold Peter	Searching For The Most Legendary Spanish Shipwreck   Documentary	https://youtu.be/MnGTLNXJQ1Y
rande	Vigo Bay treasure galleons	False	571	30	20251202	The Driver	Driving in Vigo 2 Spain	https://youtu.be/CewwUT4TWT0
rande	Vigo Bay treasure galleons	False	10633	36	20181002	Europe 1	At the heart of history: Treasure hunters (Franck Ferrand)	https://youtu.be/4UZqGpBO4xo
rande	Vigo Bay treasure galleons	False	7	650	20260802	The Knowledge Citadel	The Book of Buried Treasure | Ralph Delahaye Paine | Full Historical Audiobook	https://youtu.be/Z4FaYP_A3g8
rande	Vigo Bay treasure galleons	False	280	438	20211002	LibriVox Audiobooks	The Book of Buried Treasure by Ralph Delahaye Paine read by Tony Posante Part 1/2 | Full Audio Book	https://youtu.be/0KgEBjAhQs0
rande	Vigo Bay treasure galleons	False	18911	264	20260926	Night Watch at Sea and Unsolved Odyssey	4 Hours of Ships That Vanished on Ordinary Days True Maritime Mysteries to Fall Asleep To	https://youtu.be/smWB8APHM7k
rande	Vigo Bay treasure galleons	False	738	0	20131002	Ben Swenson	Curtis Creek Boat Graveyard	https://youtu.be/o3HzxDO6KsY
rande	Vigo Bay treasure galleons	False	295	6	20151002	Carlos Viana	Luis Melero. Misterio del oro de Vigo	https://youtu.be/xHFsA2CrDXg
rande	Vigo Bay treasure galleons	False	244	8	20201002	vinm300	Spanish Succession War & Consequences	https://youtu.be/SojAzwatvJU
rande	Vigo Bay treasure galleons	False	578	26	20181002	Andy Shakespeare	TUI Discovery 2 -Iberian Treasures Cruise 2017 - Day 7 Gibraltar	https://youtu.be/T6VBsDp-fJ0
rande	Vigo Bay treasure galleons	False	4	348	20260918	3ords,com - TTS free audiobooks	Ralph Delahaye Paine - The Book of Buried Treasure — Part 1 | Audiobook	https://youtu.be/H3lVhY6hRdI
rande	Vigo Bay treasure galleons	False	2	357	20260918	3ords,com - TTS free audiobooks	Ralph Delahaye Paine - The Book of Buried Treasure — Part 2 | Audiobook	https://youtu.be/LEE7AiCu2zM
rande	Vigo Bay treasure galleons	False	71	1	20231002	AI.History	Battle of Manila Bay - On this day, 01 May 1898	https://youtu.be/ZOh0mHpLEm4
costa_morte	Costa da Morte naufragios	True	13205	49	20191002	Mega Buques	COSTA DA MORTE (Hundidos) El Don Pedro  -  Documentales	https://youtu.be/Ggp-w1y5m6k
costa_morte	Costa da Morte naufragios	True	525	4	20171002	V television Galicia	The Mysteries of the Costa da Morte	https://youtu.be/192vXixkG1A
costa_morte	Costa da Morte naufragios	True	31824	49	20191002	Mega Buques	COSTA DA MORTE (Hundidos) El HMS SerpentV	https://youtu.be/SvTTBhlwcvk
costa_morte	Costa da Morte naufragios	True	20773	49	20191002	Mega Buques	COSTA DA MORTE (Hundidos) El Cisneros  -  Documentales	https://youtu.be/Pj1pN67pRjA
costa_morte	Costa da Morte naufragios	True	552	34	20251002	Kela - Misterios e Historias Vlog	En Tierra de Mouras- Costa da Morte: El naufragio del HMS Serpent y el cementerio de los ingleses	https://youtu.be/3I-U4Nb39Ns
costa_morte	Costa da Morte naufragios	True	806	2	20251002	Carlos Prado Pampín	The Serpent shipwreck: The tragedy that gave the Costa da Morte its name	https://youtu.be/yGGwG9Omw6s
costa_morte	Costa da Morte naufragios	False	52546	3	20111002	Carlos C	Ana Kiro - Costa da Morte ( o Serpent ) por Carlos  Carril	https://youtu.be/6Tyz5rl19Ms
costa_morte	Costa da Morte naufragios	False	24434	26	20121002	Manu Guinarte	LINEA 900 - Costa da Morte (1992)	https://youtu.be/VRZlJs2CeJQ
costa_morte	Costa da Morte naufragios	True	4	2	20191002	Tito ́s Vigo	Costa da Morte, Murcia no, Muxia	https://youtu.be/IH6KhaTE1No
costa_morte	Costa da Morte naufragios	True	14591	52	20131002	EnMaLiz	A costa da morte TVE	https://youtu.be/v7xrKyICbiQ
costa_morte	Costa da Morte naufragios	True	1038	8	20211002	Donde empiezan los caminos	“Nadie sobrevivió… la tragedia olvidada de la Costa da Morte”	https://youtu.be/efXFSgG2kt0
costa_morte	Costa da Morte naufragios	True	3037	3	20161002	estartittv	Rutas por Galicia : A Costa da Morte  Camariñas - Cementerio de los Ingleses	https://youtu.be/O1pWivXMzQo
costa_morte	Costa da Morte naufragios	True	742	0	20221002	Qvo multitemática	Naufragio en Costa da Morte-Malpica (A Coruña)	https://youtu.be/S5c2zljsSK8
costa_morte	Costa da Morte naufragios	True	15701	49	20191002	Mega Buques	COSTA DA MORTE (Hundidos) El Skyro  -  Documentales	https://youtu.be/KfRA0IUj1FA
costa_morte	Costa da Morte naufragios	True	3564	10	20181002	Paco Prado	NAUFRAGIO DEL SERPENT, Camariñas (Costa da Morte),, (Paco Prado) Carballo de Bergantiños	https://youtu.be/XbGV01igVA4
costa_morte	Costa da Morte naufragios	False	7481	15	20251002	Fran J Sivianes	Costa da Morte, Una Belleza Salvaje al Borde del Océano - GALICIA TERRA MÁXICA	https://youtu.be/_SunC9OZAC4
costa_morte	Costa da Morte naufragios	True	11116	17	20201002	LAGRANCOSAVERDE	La TERRIBLE historia del SERPENT. Naufragio na Costa da Morte. Cementerio de los ingleses.	https://youtu.be/KfAZ2h49qVw
costa_morte	Costa da Morte naufragios	False	88862	46	20201002	jorge suarez	Prestige: Disaster on the Coast of Death	https://youtu.be/cPprHhADX10
costa_morte	Costa da Morte naufragios	False	7362	13	20251002	Top Turismo	Costa da Morte 2 4k	https://youtu.be/Y_98Aa-kvo8
costa_morte	Costa da Morte naufragios	True	138	3	20221002	Pasala	La TERRIBLE historia del SERPENT. Naufragio na Costa da Morte. Cementerio de los ingleses.	https://youtu.be/LBhQow_IkuM
costa_morte	Costa da Morte lendas	True	23	1	20260702	Historia Oculta de España	La leyenda de Costa da Morte	https://youtu.be/iyENh8xvAX8
costa_morte	Costa da Morte lendas	True	6647	7	20151002	La Odisea Del Misterio	La Leyenda de la Costa da Morte	https://youtu.be/Xvs61ygXSFQ
costa_morte	Costa da Morte lendas	True	1060	1	20201002	Costa Da Morte	Camariñas en Costa Da Morte ✅😎 Que lugares visitar en Camariñas A Costa Da Morte	https://youtu.be/Jt_dIZ1qm9M
costa_morte	Costa da Morte lendas	True	38	5	20251002	MAX Leyendas	La Leyenda de Costa da Morte	https://youtu.be/B0mnqGeFkBc
costa_morte	Costa da Morte lendas	True	15701	49	20191002	Mega Buques	COSTA DA MORTE (Hundidos) El Skyro  -  Documentales	https://youtu.be/KfRA0IUj1FA
costa_morte	Costa da Morte lendas	True	138	3	20221002	Pasala	La TERRIBLE historia del SERPENT. Naufragio na Costa da Morte. Cementerio de los ingleses.	https://youtu.be/LBhQow_IkuM
costa_morte	Costa da Morte lendas	True	1560	1	20141002	Gdr Costa da Morte	SPOT #2 "descubrindo COSTA DA MORTE" - GDR (galego)	https://youtu.be/yHliOBJk6bw
costa_morte	Costa da Morte lendas	True	60	2	20171002	V television Galicia	"Piratas" na Costa da Morte?	https://youtu.be/v55hJysLsh4
costa_morte	Costa da Morte lendas	True	101	1	20251002	Naturaleza y ruedas	The Lonely Dolphin of the Costa da Morte: An Atlantic Legend 🐬🌊	https://youtu.be/2f6RK-LXBeg
costa_morte	Costa da Morte lendas	True	64	18	20231002	CURIOSITATS TV	La Costa da morte. nuevo capítulo de la Luna misteriosa	https://youtu.be/568mauzc9BE
costa_morte	Costa da Morte lendas	True	419	4	20171002	Pinceladas de Asturias	Costa da morte	https://youtu.be/zclTQ_OrcYE
costa_morte	Costa da Morte lendas	False	354	6	20221002	Donde empiezan los caminos	TERRIBLE SHIPWRECK ON THE COAST OF DEATH	https://youtu.be/0sE_Nt_tyfg
costa_morte	Costa da Morte lendas	True	1089	5	20131002	Diego Alonso Freire	122 Aniversario del hundimiento del HMS Serpent en Camariñas - Costa da Morte	https://youtu.be/-EE_qL1VSrY
costa_morte	Costa da Morte lendas	True	11116	17	20201002	LAGRANCOSAVERDE	La TERRIBLE historia del SERPENT. Naufragio na Costa da Morte. Cementerio de los ingleses.	https://youtu.be/KfAZ2h49qVw
costa_morte	Costa da Morte lendas	True	15	7	20260702	Allteam47 ever awakend26	Myths and Legends of the Costa da Morte and Finisterre – Atlantic Mysteries in Anime Style	https://youtu.be/f3fpj-kR9Ao
costa_morte	Costa da Morte lendas	True	562	17	20221002	RECOVECOS	COSTA DA MORTE #2 - 5,200 km to New York	https://youtu.be/oikLo7fL3P8
costa_morte	Costa da Morte lendas	True	34	2	20151002	Carballo. Senda do mar	A porta da Costa da Morte PT	https://youtu.be/H6y6GcEHJgE
costa_morte	Costa da Morte lendas	True	15	6	20231002	Susana Seoane	Amar o mar da Costa da Morte á Costa de Dexo	https://youtu.be/mYfIZkcqVxY
costa_morte	Costa da Morte lendas	True	36	18	20241002	Silencios con Alma	MISTERIOSA  COSTA DA MORTE .......	https://youtu.be/iv4zvcRX3qE
costa_morte	Costa da Morte lendas	True	12	0	20191002	Mario González Sánchez	A Costa da Morte, concerto01	https://youtu.be/t4OA0MoZRVw
costa_morte	HMS Serpent Camariñas	True	1751	5	20101002	Diario Camariñán	TELEVISION CAMARIÑAS: Imaxes documental sobre o Serpent(2002	https://youtu.be/A-_SbxZ9BiU
costa_morte	HMS Serpent Camariñas	True	3564	10	20181002	Paco Prado	NAUFRAGIO DEL SERPENT, Camariñas (Costa da Morte),, (Paco Prado) Carballo de Bergantiños	https://youtu.be/XbGV01igVA4
costa_morte	HMS Serpent Camariñas	True	1232	3	20121002	Diego Alonso Freire	Serpent - Coro Municipal de Camariñas.avi	https://youtu.be/xQNFbRAyLXI
costa_morte	HMS Serpent Camariñas	True	1089	5	20131002	Diego Alonso Freire	122 Aniversario del hundimiento del HMS Serpent en Camariñas - Costa da Morte	https://youtu.be/-EE_qL1VSrY
costa_morte	HMS Serpent Camariñas	True	13	0	20260702	Marcos Cabeza Irisarri	HMS Serpent	https://youtu.be/qo1GP5Lh-bQ
costa_morte	HMS Serpent Camariñas	True	168	4	20141002	Diego Alonso Freire	123 Aniversario do Afundimento do Serpent en Camariñas - Costa da Morte	https://youtu.be/TlUX5affo2o
costa_morte	HMS Serpent Camariñas	True	552	34	20251002	Kela - Misterios e Historias Vlog	En Tierra de Mouras- Costa da Morte: El naufragio del HMS Serpent y el cementerio de los ingleses	https://youtu.be/3I-U4Nb39Ns
costa_morte	HMS Serpent Camariñas	True	806	2	20251002	Carlos Prado Pampín	The Serpent shipwreck: The tragedy that gave the Costa da Morte its name	https://youtu.be/yGGwG9Omw6s
costa_morte	HMS Serpent Camariñas	True	786	9	20121002	ANOSACOSTA A comunicación na Costa da Morte	Serpent	https://youtu.be/dulT7Z6CNiI
costa_morte	HMS Serpent Camariñas	False	52546	3	20111002	Carlos C	Ana Kiro - Costa da Morte ( o Serpent ) por Carlos  Carril	https://youtu.be/6Tyz5rl19Ms
costa_morte	HMS Serpent Camariñas	True	727	3	20111002	Jose Manuel Pato	Homenaje de la RLNE al SERPENT- Coro de Mulleres de Camariñas	https://youtu.be/SwEW6mZbb2U
costa_morte	HMS Serpent Camariñas	True	167	1	20161002	Elfrieda	HMS Serpent Top # 8 Facts	https://youtu.be/8Iw--p51NH8
costa_morte	HMS Serpent Camariñas	True	938	4	20111002	jorodmon	HMS SERPENT. 120th Anniversary of  the Wreckage	https://youtu.be/1bg2xhFlXn0
costa_morte	HMS Serpent Camariñas	True	138	3	20221002	Pasala	La TERRIBLE historia del SERPENT. Naufragio na Costa da Morte. Cementerio de los ingleses.	https://youtu.be/LBhQow_IkuM
costa_morte	HMS Serpent Camariñas	True	31824	49	20191002	Mega Buques	COSTA DA MORTE (Hundidos) El HMS SerpentV	https://youtu.be/SvTTBhlwcvk
costa_morte	HMS Serpent Camariñas	False	527	2	20221002	Eridoo	El Cementerio de los Ingleses en Camariñas	https://youtu.be/RTRg4IRYKHg
costa_morte	HMS Serpent Camariñas	False	354	6	20221002	Donde empiezan los caminos	TERRIBLE SHIPWRECK ON THE COAST OF DEATH	https://youtu.be/0sE_Nt_tyfg
costa_morte	HMS Serpent Camariñas	True	1719	0	20251002	La Vanguardia	Recuperada el ancla del Serpent, naufragado en 1890 y que dio lugar al Cemiterio dos Ingleses	https://youtu.be/LpIZR3rsSFw
costa_morte	HMS Serpent Camariñas	True	46	5	20161002	Asociación Contra Armada	Ofrenda-Homenaje al buque SERPENT. La Coruña, 10 de Noviembre de 2010	https://youtu.be/X1visiZLP5Y
costa_morte	HMS Serpent Camariñas	False	2838	20	20260202	Travel Beasts 	No pensé que todavía existieran lugares como este en Europa.	https://youtu.be/tfL3_uazZzc
costa_morte	raqueiros Costa da Morte	True	132	8	20171002	RobinsonDaLobeira	NAUFRAXIOS e VACA FAROL na COSTA DA MORTE. Cape Finisterre. GALICIA.	https://youtu.be/ZCqE5IDr6UU
costa_morte	raqueiros Costa da Morte	False	5107	4	20111002	jakobswegNL	Luar Na Lubre - Costa da Morte	https://youtu.be/NLpkEzn8rwM
costa_morte	raqueiros Costa da Morte	True	141	2	20231002	David Pérez Fotos	🚁 Volando por la COSTA da MORTE [GALICIA]	https://youtu.be/31K7zzJO4uE
costa_morte	raqueiros Costa da Morte	False	10346	4	20171002	Xurxo G Moreiras	Luar na lubre. Costa da morte	https://youtu.be/uvzBQM4_Ov0
costa_morte	raqueiros Costa da Morte	True	963	14	20171002	La ventana esmeralda	Pirates of Yesterday and Today and the Legend of the Raqueiros	https://youtu.be/fCl8XioVtBw
costa_morte	raqueiros Costa da Morte	False	625424	118	20211002	Łs Łs	Filme de ação é ficção completo/ vin diesel - riddick 3 dublado	https://youtu.be/tJGl1W8ZBt0
costa_morte	raqueiros Costa da Morte	False	5072871	2	20251002	Estouradinho da Midia	A PEGADA DO VAQUEIRO É SEGURA DEMAIS - TALITA MEL, FELIPE AMORIM, XAND, JEFDPL (MUIDO DE VAQUEJADA)	https://youtu.be/xbq_1iqe3wQ
costa_morte	raqueiros Costa da Morte	False	79	1	20211002	Migui Ocampo	Luar Na Lubre - Raqueiros	https://youtu.be/BEZXBQWDTLk
costa_morte	raqueiros Costa da Morte	False	359050	116	20260202	Kaio7	ROBIN HOOD - A ORIGEM 🏹 FILME DE AÇÃO 🏹 #fy #filme #ação #robinhood 	https://youtu.be/c-Pw__Ee3rY
costa_morte	raqueiros Costa da Morte	False	10217	2	20121002	Consuelo Gonzalez	Luar na Lubre - Raqueiros	https://youtu.be/tqLtwrHWqTQ
costa_morte	raqueiros Costa da Morte	False	406	11	20260302	RV PLAYS	Ghost of Tsushima - Iki Island Side Quest : Bloodletting	https://youtu.be/RIVmVSbS3pA
costa_morte	raqueiros Costa da Morte	False	13116	7	20111002	Rui Miguel	Luar na Lubre - "Crunia Maris"	https://youtu.be/HA69SAOwP_w
costa_morte	raqueiros Costa da Morte	False	258	0	20081002	ANOSACOSTA A comunicación na Costa da Morte	Roberto García	https://youtu.be/k3iTsfibeNY
costa_morte	raqueiros Costa da Morte	False	8858	23	20260902	Caverna Medieval	Hastings: The Battle That Changed Medieval Warfare and Chivalry	https://youtu.be/M62dfTAqeA4
costa_morte	raqueiros Costa da Morte	False	20120	147	20261001	Focus Short Drama	【ENG DUB】 《Useless? I Made My Village Unstoppable》 | English dubbing | HD online streaming#drama	https://youtu.be/1kvkK7Jf-p0
costa_morte	raqueiros Costa da Morte	False	827164	3	20260902	Resumo Hits by Resumo Produtora	PAU PRA TODA OBRA - Rey Vaqueiro	https://youtu.be/PC70dKlehBs
costa_morte	raqueiros Costa da Morte	False	7126	2	20111002	Lorena Queiroz	Luar Na Lubre - O Soldado Desgraciado	https://youtu.be/_8UpBTpQnkQ
costa_morte	raqueiros Costa da Morte	False	8323	99	20261001	Movie World	The Tyrant of Lydia vs. The Son of Hercules | Full Action Movie	https://youtu.be/3Xj8RGi8tgk
costa_morte	raqueiros Costa da Morte	False	18832	103	20260802	The Painful Historian	1+ Hours of History's Most Dangerous Warriors & Weapons	https://youtu.be/ER5zY_soI3I
costa_morte	raqueiros Costa da Morte	False	5255	110	20260923	StardustTV	【ENG DUB】Modern soldier fakes being a eunuch—and conquers the palace.	https://youtu.be/kM2s0xCAHq4
indianos	indianos gallegos	True	351049	10	20251002	BBC News Mundo	Los indianos, los migrantes españoles que hicieron fortuna en América y su complejo legado	https://youtu.be/_HjLBz_ExJw
indianos	indianos gallegos	False	843	29	20260921	Grandes Relatos para Dormir	El Secreto de los Indianos: Cómo Campesinos Gallegos y Asturianos Conquistaron América	https://youtu.be/nTLVNTSpipc
indianos	indianos gallegos	True	602	13	20251002	Ruta de Dos	De Cuba a Galicia: la increíble riqueza 💰 de los indianos gallegos. De Ida y Vuelta 3 @RutadeDos2	https://youtu.be/XlLIM8w-oGU
indianos	indianos gallegos	True	20089	28	20151002	Manin Llangreu	Una historia de Indianos	https://youtu.be/Ml8MhMyw9gM
indianos	indianos gallegos	False	167	1	20260302	Santa Emilia	Casas Indianas Galicia - Aprende todo sobre este tipo de Casas en el Norte de España	https://youtu.be/8vCSBZilzYk
indianos	indianos gallegos	False	2723773	4	20161002	EL REY DEL PARQUE BERRIO	Las Indianas - Digamonos Adios	https://youtu.be/gbgzv4QM5r0
indianos	indianos gallegos	True	3251	27	20171002	Ayuntamiento de Medio Cudeyo	Encuentro-Documental  "El retornar del Indiano: homenaje a Cuba"	https://youtu.be/Hi9WCldl-ik
indianos	indianos gallegos	True	252	4	20260602	R+R Retirados en España	Ares: Following the footsteps of an 'indiano' great-grandfather	https://youtu.be/rvM7dzVFT6s
indianos	indianos gallegos	True	16084	23	20121002	UNED Documentos	De la emigración al archivo de Indianos	https://youtu.be/UX6ctLZ-HXw
indianos	indianos gallegos	False	240	1	20221002	VIDEOMANÍA-2	ARQUITECTURA INDIANA, ECLÉCTICA Y OSTENTOSA	https://youtu.be/wOjE7Iopg0A
indianos	indianos gallegos	True	505	0	20191002	Turismo. Deputación de Lugo	Ribadeo Indiano	https://youtu.be/6uTlUht4kc0
indianos	indianos gallegos	True	2804	29	20221002	Indianos d'azucre	Indianos d'azucre — El documental	https://youtu.be/-PH0yjlUj88
indianos	indianos gallegos	True	1364	4	20231002	Una aventura con Randy	😱La HISTORIA de los GALLEGOS Esclavos en CUBA🇨🇺	https://youtu.be/d2gQdLXxqfs
indianos	indianos gallegos	True	118	3	20260802	Melody Pro Max 	🤩 INDIANOS IN RIBADEO PART 2 #indianos #ribadeo #galicia #traditions 2026	https://youtu.be/R-sy5T8TfnA
indianos	indianos gallegos	True	123	0	20151002	Mau Marela	Ribadeo indiano de los/as niños/as.	https://youtu.be/A2SY1OuhXB0
indianos	indianos gallegos	True	530	12	20141002	modelismoprofesional	LOS INDIANOS	https://youtu.be/ZEyGWbat6Tg
indianos	indianos gallegos	True	437	58	20151002	Casa de América	Not all Indians. Emigrants in the Americas after independence	https://youtu.be/efG8TWIW1QE
indianos	indianos gallegos	True	913	13	20231002	gavotos por el mundo	Gavotos en Los Indianos Gallegos, Ribadeo	https://youtu.be/vMkzEdX3kXk
indianos	indianos gallegos	True	6712	28	20201002	Xavier Climent	Los indianos Catalanes 1ª Parte	https://youtu.be/M3glDDtNvS4
indianos	indianos gallegos	False	712	1	20221002	Eridoo	Casas indianas en A Guarda	https://youtu.be/wVRDZQp7ZWE
indianos	emigración gallega a América historia	True	959	3	20251002	 Huellas del Pasado	Emigración gallega: el viaje que transformó dos países	https://youtu.be/p_S7Ejqx_14
indianos	emigración gallega a América historia	True	139	1	20161002	TeleVigo	Así recordaban Galicia los emigrantes en América. (INFORMATIVOS)	https://youtu.be/Cm_uSRT1-so
indianos	emigración gallega a América historia	True	102147	19	20231002	Crónicas de la Historia	Los Indianos. La gran EMIGRACIÓN ESPAÑOLA a América, que cambió el PAÍS	https://youtu.be/OPysLA5Qi2c
indianos	emigración gallega a América historia	True	3463	4	20151002	Desde Galicia para el Mundo	DGPM 1117 LA MEMORIA DE LA EMIGRACIÓN	https://youtu.be/HHJEJVVq5y0
indianos	emigración gallega a América historia	True	896	99	20241002	Tu Box Mecánica | RM Soluciones Electrónicas	Emigrar en los años 50: La impactante historia de mi abuela gallega (De Galicia a Uruguay)	https://youtu.be/myyYY0CKOBU
indianos	emigración gallega a América historia	False	267243	9	20251102	BBC News Mundo	Por qué millones de europeos migraron a América Latina tras las independencias	https://youtu.be/jkStlfHNUAs
indianos	emigración gallega a América historia	True	557	77	20151002	Casa de América	Making It in the Americas: Emigration as an Ongoing Dream	https://youtu.be/1RZDXVgofCk
indianos	emigración gallega a América historia	False	52290	5	20151002	DiFilm	Spanish immigrants arrive at the port of Buenos Aires 1969	https://youtu.be/1dBQqHDQHDo
indianos	emigración gallega a América historia	True	99530	12	20151002	Elena vázquez martínez	EMIGRACIÓN GALLEGA: MUJERES	https://youtu.be/tNtkRZORJ8M
indianos	emigración gallega a América historia	True	21066	4	20071002	cancionerototal	Los emigrantes gallegos	https://youtu.be/uD8nV3Dcl-Y
indianos	emigración gallega a América historia	True	1137	2	20231002	Arquivo Histórico Provincial de Pontevedra	Sobranceiros do arquivo VII. As listaxes de embarque de pasaxeiros cara a América. #emigracion	https://youtu.be/RDa398g7BXM
indianos	emigración gallega a América historia	True	16338	40	20181002	Mega Social	EMIGRACIÓN (Gallegos por Esclavos)  -  Documentales	https://youtu.be/YHFBrQcqRks
indianos	emigración gallega a América historia	True	10	9	20251102	Audire Podcast	Maruja – una gallega en América	https://youtu.be/gTww3jZnoIg
indianos	emigración gallega a América historia	True	57	56	20191002	Rede Museística Provincial de Lugo	Galiza: emigración, memoria e identidade. Imaxinario e estereotipos da diáspora galega a America.	https://youtu.be/fHcFHvdCBtQ
indianos	emigración gallega a América historia	True	196	6	20161002	Consello da Cultura Galega	Pilar Cagiao “O Arquivo da Emigracion non o ten todo pero si todas as indicacións de a onde ir”.	https://youtu.be/EMj0iU6zhPc
indianos	emigración gallega a América historia	True	509	3	20171002	HispanoPost	Los gallegos que hicieron las “Américas”	https://youtu.be/10dOgB1m-uY
indianos	emigración gallega a América historia	False	86073	8	20211002	La Historia de España - Memorias Hispánicas	¿Por qué los gallegos tienen más genes norteafricanos? | Episodio corto 4	https://youtu.be/5IXSjx8vBp4
indianos	emigración gallega a América historia	False	843	29	20260921	Grandes Relatos para Dormir	El Secreto de los Indianos: Cómo Campesinos Gallegos y Asturianos Conquistaron América	https://youtu.be/nTLVNTSpipc
indianos	emigración gallega a América historia	False	655	18	20251002	Salva Pazó +k INTERESANTE	Historia de Galicia Cap  IV	https://youtu.be/trluEsrm7Jc
indianos	emigración gallega a América historia	True	6133	5	20211002	El Druida Celta	La dureza de la Emigración Gallega. Una vida lejos del hogar	https://youtu.be/sIapyPMAnj0
indianos	casas de indianos Galicia	False	19	1	20260402	Santa Emilia	Hotel Palacete en Galicia - Casas Indianas convertidas en lujosos hoteles	https://youtu.be/iwNVlJ3GGu4
indianos	casas de indianos Galicia	False	167	1	20260302	Santa Emilia	Casas Indianas Galicia - Aprende todo sobre este tipo de Casas en el Norte de España	https://youtu.be/8vCSBZilzYk
indianos	casas de indianos Galicia	True	1473	3	20171002	V television Galicia	Entramos en una casa de indianos	https://youtu.be/3KhbqJxHFs4
indianos	casas de indianos Galicia	True	351049	10	20251002	BBC News Mundo	Los indianos, los migrantes españoles que hicieron fortuna en América y su complejo legado	https://youtu.be/_HjLBz_ExJw
indianos	casas de indianos Galicia	False	435	4	20260102	CASAS RURALES DE ASTURIAS	Los Palacios Indianos más IMPRESIONANTES de Asturias	https://youtu.be/uKqG5x3P180
indianos	casas de indianos Galicia	False	34243	15	20251002	RODY	ASÍ ES VIVIR en los BONITOS PALACIOS de indianos ¿QUE HAY DENTRO? en ASTURIAS🏡	https://youtu.be/-w-NvIlEZ0k
indianos	casas de indianos Galicia	False	93914	26	20260902	España Secreta	10 Towns in Galicia Where They Practically Give Away Houses and People Still FLEE	https://youtu.be/Mc1sa3Z8LU0
indianos	casas de indianos Galicia	False	240	1	20221002	VIDEOMANÍA-2	ARQUITECTURA INDIANA, ECLÉCTICA Y OSTENTOSA	https://youtu.be/wOjE7Iopg0A
indianos	casas de indianos Galicia	True	6773	5	20221002	Viniegra de Abajo	Paseo por las casas de Indianos de Viniegra de Abajo	https://youtu.be/XXC7jFJmeS4
indianos	casas de indianos Galicia	True	1115	18	20231002	AC Principado TV	Indianos: casas de ensueño | OVIEDO INFORMA  09/03/23	https://youtu.be/l2Yap0hU6OM
indianos	casas de indianos Galicia	False	756	22	20260702	El holandés en ruta	🏚️ La Casa Indiana Más Impresionante de Asturias !!!	https://youtu.be/yO1_t_Pd0ho
indianos	casas de indianos Galicia	True	241119	11	20231002	BBC Global	The complicated legacy of Spain's super-rich 'indianos' – BBC REEL	https://youtu.be/uIZdgdsVgLo
indianos	casas de indianos Galicia	True	3837	5	20091002	Regino Varela	Casas de Indianos	https://youtu.be/mQtBA7kZYoA
indianos	casas de indianos Galicia	False	229	2	20231002	Kasiña De pueblo	Casa indiana rural Gallega en venta con tour por el interior	https://youtu.be/gjeE1ojLDWA
indianos	casas de indianos Galicia	False	712	1	20221002	Eridoo	Casas indianas en A Guarda	https://youtu.be/wVRDZQp7ZWE
indianos	casas de indianos Galicia	False	845	2	20251002	Remax Vetusta	Casa en Venta en Avenida de Galicia, Salas	https://youtu.be/2AXuCKuGv6E
indianos	casas de indianos Galicia	False	268	6	20221002	AgroAnuncios	Casa indiana de piedra y sillería | AgroAnuncios.es	https://youtu.be/OOvgY3zyZPg
indianos	casas de indianos Galicia	False	559	6	20231002	Porrúa Patrimonio	Arquitectura indiana	https://youtu.be/8T55wFu994g
indianos	casas de indianos Galicia	False	489	3	20241002	Maisons de Rêve	Impresionante casona de indianos en el occidente asturiano	https://youtu.be/MHMDFkPthGY
indianos	casas de indianos Galicia	False	47157	13	20260802	Paula Sopeña |  Vivant Boutique Inmobiliaria	SOLD🏠🌴Indian-Style House #Cudillero garden 💐 🌊 *€450,000* #houseforsale #asturias #beautifulhouses	https://youtu.be/XppjGy-Hhio
indianos	emigración galega Cuba	True	36518	54	20191002	Natasha Vázquez	Gallegos: oficio de emigrantes. Galicia- Cuba	https://youtu.be/gxpxIy2A464
indianos	emigración galega Cuba	True	1108	1	20091002	Julio Gonzalez	La emigración de mujeres gallegas a Cuba ¿Un sueño hecho realidad?	https://youtu.be/MESxTUGm9eQ
indianos	emigración galega Cuba	True	9815	125	20251002	Mi Mundo	Gallego - Así fue que llegué a Cuba 🇨🇺 (Edición 2025) 🇪🇸	https://youtu.be/ddih0Tt8USw
indianos	emigración galega Cuba	True	959	3	20251002	 Huellas del Pasado	Emigración gallega: el viaje que transformó dos países	https://youtu.be/p_S7Ejqx_14
indianos	emigración galega Cuba	True	16338	40	20181002	Mega Social	EMIGRACIÓN (Gallegos por Esclavos)  -  Documentales	https://youtu.be/YHFBrQcqRks
indianos	emigración galega Cuba	True	4271	3	20171002	Sabin´s	La huella de los gallegos en Cuba	https://youtu.be/PEDsj8UWtpo
indianos	emigración galega Cuba	True	1859	18	20251102	MEMORIAS DE UN DESAFIO	Gallegos en Cuba 1854: Migración y esclavitud. Pasaje poco conocido en la historia de Cuba y España.	https://youtu.be/eys11s1z9TU
indianos	emigración galega Cuba	True	64	40	20260702	AquariusHispania 	Chronicles: Galician Emigration (2015) | Galician Labor in the 19th Century Cuban Countryside | D...	https://youtu.be/W4mXL4WClXI
indianos	emigración galega Cuba	True	36492	24	20181002	Natasha Vázquez	Fillas de Galicia (documental) Historias de mujeres gallegas en Cuba	https://youtu.be/DWJaruxUiZA
indianos	emigración galega Cuba	True	3463	4	20151002	Desde Galicia para el Mundo	DGPM 1117 LA MEMORIA DE LA EMIGRACIÓN	https://youtu.be/HHJEJVVq5y0
indianos	emigración galega Cuba	True	486	0	20251002	Periódico Cubano	Descendientes de gallegos en Cuba podrán regresar a Galicia con trabajo asegurado	https://youtu.be/ReJ3LWL8-w4
indianos	emigración galega Cuba	True	320	2	20251002	Hijas de Galicia	Natasha Vázquez hablando de la emigración gallega a Cuba	https://youtu.be/3jBJEiv_xO0
indianos	emigración galega Cuba	True	767	9	20251002	Ruta de Dos	When Galicia left for America: the exodus to Cuba. Round Trip, Chapter 1 @RutadeDos2	https://youtu.be/y2xEgSWJg18
indianos	emigración galega Cuba	True	526	1	20231002	Hijas de Galicia	La emigración de mujeres gallegas a Cuba - Un sueño hecho realidad	https://youtu.be/fw4jMSB4_QQ
indianos	emigración galega Cuba	True	624	5	20251002	Cuba 🇨🇺 Actualidad	🛫 CUBAN descendant of GALICIANS | Don't miss this OPPORTUNITY to go to Galicia! 🙆	https://youtu.be/XEezG7zfwKU
indianos	emigración galega Cuba	True	99530	12	20151002	Elena vázquez martínez	EMIGRACIÓN GALLEGA: MUJERES	https://youtu.be/tNtkRZORJ8M
indianos	emigración galega Cuba	True	6616	12	20201002	Jorge Diaz Historia de España	Gallegos en Cuba en 1854	https://youtu.be/QEp0ugChQRs
indianos	emigración galega Cuba	True	1364	4	20231002	Una aventura con Randy	😱La HISTORIA de los GALLEGOS Esclavos en CUBA🇨🇺	https://youtu.be/d2gQdLXxqfs
indianos	emigración galega Cuba	True	15145	1	20131002	MGCubanHistory	Gallegos en Cuba. Romería de 1925 La Habana	https://youtu.be/kAIJXI7b5OM
indianos	emigración galega Cuba	True	602	13	20251002	Ruta de Dos	De Cuba a Galicia: la increíble riqueza 💰 de los indianos gallegos. De Ida y Vuelta 3 @RutadeDos2	https://youtu.be/XlLIM8w-oGU
baleeiros	balleneros gallegos	True	1617	5	20171002	V television Galicia	Cuando los gallegos cazábamos ballenas	https://youtu.be/abt1QAbZ1I8
baleeiros	balleneros gallegos	True	362	149	20251002	Grupo Naturalista Hábitat	Ballenas y balleneros en Galicia (21/02/2025)	https://youtu.be/_WchM-gQrfk
baleeiros	balleneros gallegos	True	362	27	20231002	Documentales Olvidados	Bajo el cielo de Orión: Los últimos balleneros (2003)	https://youtu.be/bhnxjzhcJA4
baleeiros	balleneros gallegos	False	6278	8	20141002	Desde Galicia para el Mundo	DGPM 1056 - 5: El último arponero	https://youtu.be/7R0IE_JGbZM
baleeiros	balleneros gallegos	True	658	2	20181002	Xesús Búa	CANELIÑAS Y BALLENAS  PARTE I	https://youtu.be/2_owHilCWEE
baleeiros	balleneros gallegos	False	2344663	9	20191002	CARKI PRODUCTIONS	History of Galicia in 10 minutes	https://youtu.be/7MkzADeTqlY
baleeiros	balleneros gallegos	False	240	1	20221002	VIDEOMANÍA-2	ARQUITECTURA INDIANA, ECLÉCTICA Y OSTENTOSA	https://youtu.be/wOjE7Iopg0A
baleeiros	balleneros gallegos	False	608	2	20221002	AZTI	SARETU - Escribiendo la historia en azul, del mar y para el mar	https://youtu.be/z47C0t19kas
baleeiros	balleneros gallegos	False	5029	6	20161002	Planet Doc	Patagonia: Atardecer en la Costa	https://youtu.be/R5UQnJV5ivo
baleeiros	balleneros gallegos	True	2232	14	20211002	porracchiajon jon	Balleneros Vascos	https://youtu.be/354Ay3rxl2g
baleeiros	balleneros gallegos	False	1004	1	20211002	deproa noticias portuarias	Sumatra chocando contra el muelle	https://youtu.be/em7yy5wztvU
baleeiros	balleneros gallegos	True	1189	1	20121002	Esmitv El Salvador	Caza de ballenas	https://youtu.be/Tt85iyv7yQU
baleeiros	balleneros gallegos	False	46903	1	20241002	Jesús Barranco Reyes	Hablemos de Historia 08: prohibido matar españoles en Islandia.	https://youtu.be/LKu954gyH2o
baleeiros	balleneros gallegos	False	289	10	20221002	MI NOMBRE ES NINGUNO	Pesca de bacalao en Terranova en la decada de 1930	https://youtu.be/IkEfAwSKAW0
baleeiros	balleneros gallegos	False	288	0	20141002	Diario Digital	Enfrentamientos entre barcos chinos y vietnamitas	https://youtu.be/A5-Hlc9n7Ys
baleeiros	balleneros gallegos	True	12051	35	20141002	cemmacetaceos	"Galicia no lombo da balea", CEMMA	https://youtu.be/Re20fiPRFbM
baleeiros	balleneros gallegos	True	219	1	20131002	SubrayadoHD	Buques contratados por Ancap generan problemas con ballenas	https://youtu.be/EhdhmnYtjkw
baleeiros	balleneros gallegos	False	9045402	10	20161002	CARKI PRODUCTIONS	HISTORY OF THE BASQUE PEOPLE IN 10 MINUTES	https://youtu.be/uPomdKuZMjE
baleeiros	balleneros gallegos	True	2161	7	20161002	videocpidosdices Rois	A Baleeira de Caneliñas	https://youtu.be/r9Iz_MlaPIs
baleeiros	balleneros gallegos	False	129	0	20151002	RobinsonDaLobeira	Mercante "NJ CABO SÉ" da NAVIEIRA JALISIA, & "CAPE CEE" da SICAR. Cabo Cee, RÍA DE CORCUBIÓN.	https://youtu.be/Vx4-y-JTwek
baleeiros	caza de ballenas Galicia Caneliñas	False	6278	8	20141002	Desde Galicia para el Mundo	DGPM 1056 - 5: El último arponero	https://youtu.be/7R0IE_JGbZM
baleeiros	caza de ballenas Galicia Caneliñas	True	1617	5	20171002	V television Galicia	Cuando los gallegos cazábamos ballenas	https://youtu.be/abt1QAbZ1I8
baleeiros	caza de ballenas Galicia Caneliñas	True	835	2	20211002	Adiante TV	Caneliñas II. Setenta aniversario de las ruinas de la última ballenera de España	https://youtu.be/Ekszz6ZugT8
baleeiros	caza de ballenas Galicia Caneliñas	True	657	1	20181002	Xesús Búa	CANELIÑAS Y BALLENAS PARTE II	https://youtu.be/ru6mGQA61SA
baleeiros	caza de ballenas Galicia Caneliñas	True	1266	1	20131002	Via Televisión	Entrar a la ballenera de Massó costó un euro por persona	https://youtu.be/rM_E0JyuIUs
baleeiros	caza de ballenas Galicia Caneliñas	True	497	1	20251002	Revista Intemperie	Factoría ballenera de Caneliñas	https://youtu.be/T3UQZeUWSFQ
baleeiros	caza de ballenas Galicia Caneliñas	True	2161	7	20161002	videocpidosdices Rois	A Baleeira de Caneliñas	https://youtu.be/r9Iz_MlaPIs
baleeiros	caza de ballenas Galicia Caneliñas	True	658	2	20181002	Xesús Búa	CANELIÑAS Y BALLENAS  PARTE I	https://youtu.be/2_owHilCWEE
baleeiros	caza de ballenas Galicia Caneliñas	False	61	1	20161002	Indalecio Caamaño	Caneliñas	https://youtu.be/QClVNHhQJxc
baleeiros	caza de ballenas Galicia Caneliñas	True	5495	1	20221002	Caneliñas, a costa das baleas	Caneliñas, a costa das baleas	https://youtu.be/vOhrWYwzqC0
baleeiros	caza de ballenas Galicia Caneliñas	True	386	2	20171002	Xosé Iglesias. LEVIATHAN 	CANELIÑAS ( ANTIGA BALEEIRA) -- A RELIXIÒN DO MAR	https://youtu.be/YVCCZeadi5Q
baleeiros	caza de ballenas Galicia Caneliñas	True	12051	35	20141002	cemmacetaceos	"Galicia no lombo da balea", CEMMA	https://youtu.be/Re20fiPRFbM
baleeiros	caza de ballenas Galicia Caneliñas	True	298	11	20211002	El Canal Gamberro	La última ballenera. URBEX gamberro ecologista.	https://youtu.be/IZbmMWuG_eI
baleeiros	caza de ballenas Galicia Caneliñas	True	335	20	20131002	Riominho	A Baleeira da Massó - Covadonga López	https://youtu.be/d-SMYt9yChs
baleeiros	caza de ballenas Galicia Caneliñas	False	0	24	20260930	JMG-ELPLANETA	Nada en el cachalote es normal… y esto lo explica	https://youtu.be/hWBueDeWN9g
baleeiros	caza de ballenas Galicia Caneliñas	True	345	15	20161002	videocpidosdices Rois	A Baleeira de Cabo Morás	https://youtu.be/1GQOg3j1LkM
baleeiros	caza de ballenas Galicia Caneliñas	False	160	0	20181002	Galiciaé Xornal Galego	La Xunta suelta 1.500 crías de lumbrigante en Carnota	https://youtu.be/VevSSl5pQFU
baleeiros	caza de ballenas Galicia Caneliñas	True	56	3	20121002	pablosamaniego	ballenas 1	https://youtu.be/PRrrrD2G5lA
baleeiros	caza de ballenas Galicia Caneliñas	True	90	0	20171002	Galicia Confidencial	Unha balea azul en augas de Ons	https://youtu.be/4et8cHHbQv4
baleeiros	caza de ballenas Galicia Caneliñas	False	524	1	20091002	bloqueadorcangas	MANIFESTACIÓN MASIVA EN CANGAS STOP MASSO 1DE AGOSTO DO 2009 022	https://youtu.be/ivxo_ZcKDxk
baleeiros	baleeiros Galicia	False	15643	4	20260702	JOSE IRISARRI and 2 more	The Return of the Giants: Fin Whales in the Galician Atlantic	https://youtu.be/BJyA0nldTHM
baleeiros	baleeiros Galicia	True	362	27	20231002	Documentales Olvidados	Bajo el cielo de Orión: Los últimos balleneros (2003)	https://youtu.be/bhnxjzhcJA4
baleeiros	baleeiros Galicia	False	6278	8	20141002	Desde Galicia para el Mundo	DGPM 1056 - 5: El último arponero	https://youtu.be/7R0IE_JGbZM
baleeiros	baleeiros Galicia	True	176	33	20181002	Xosé Iglesias. LEVIATHAN 	2º parte. Cantiga de Leviatán. Baleeiros a bordo	https://youtu.be/vVBS90nvcmI
baleeiros	baleeiros Galicia	False	99256	20	20251002	Crónicas de la Historia	Pescadores VASCOS de BALLENAS en Terranova   La primera industria ballenera a gran escala	https://youtu.be/bNxreIUsR6A
baleeiros	baleeiros Galicia	True	466	29	20181002	Xosé Iglesias. LEVIATHAN 	1º parte. Cantiga de Leviatán. Baleeiros a bordo	https://youtu.be/cev1qxdZ7as
baleeiros	baleeiros Galicia	False	245	26	20131002	Fernando Balieiro	Balieiros	https://youtu.be/hMovtqGqrP8
baleeiros	baleeiros Galicia	True	224	1	20101002	AGENCIA EFE	Environmental groups lament the lack of agreement to stop whaling.	https://youtu.be/rJwFwVAOv5Q
baleeiros	baleeiros Galicia	True	345	15	20161002	videocpidosdices Rois	A Baleeira de Cabo Morás	https://youtu.be/1GQOg3j1LkM
baleeiros	baleeiros Galicia	True	3794	2	20171002	AFP Español	La caza de ballenas	https://youtu.be/egrQhP05RqE
baleeiros	baleeiros Galicia	True	335	20	20131002	Riominho	A Baleeira da Massó - Covadonga López	https://youtu.be/d-SMYt9yChs
baleeiros	baleeiros Galicia	True	72	13	20151002	Clube Naval da Horta	Apresentação VIII Regata Internacional Botes Baleeiros 2015	https://youtu.be/mXBqflM7NYk
baleeiros	baleeiros Galicia	True	40	6	20171002	Milo O Eulogio	O meu avó caçava baleias 2/2	https://youtu.be/Xz7-jPk6rKw
baleeiros	baleeiros Galicia	False	883	4	20151002	Banco De Regatas	Regata de Tirán: Veterano (10/V/2015 - Remo, Traiñeira - O Con, Galicia)	https://youtu.be/CPYzLVEGPj0
baleeiros	baleeiros Galicia	False	10	3	20211002	宇宙のすべての知識 プリンシピア	ガリシアの捕鯨	https://youtu.be/767lZQLfDNw
baleeiros	baleeiros Galicia	False	82	20	20161002	PilarAymara	Entrevista con Xosé Iglesias, mariñeiro #Mar #Pesca #GZ #Fishing	https://youtu.be/qeFxdDuewZA
baleeiros	baleeiros Galicia	False	316	5	20181002	Diego_Al_Al	Regata en el rió Miño DJI Mavic Pro 4K	https://youtu.be/p7BytrTdwGI
baleeiros	baleeiros Galicia	False	96	6	20151002	Henrique Vilhena	Botes na Horta 20/05/2015 -V	https://youtu.be/AapbX95w_tY
baleeiros	baleeiros Galicia	False	1087	3	20221002	Rotas Açores	Rota das Vinhas - ROTAS AÇORES (PT)	https://youtu.be/LfLTJ33VN7I
baleeiros	baleeiros Galicia	True	1273	12	20251002	PESS Carpintería y Mueble 	Carpinteros Resucitando un Barco Ballenero	https://youtu.be/ISwF1oFx7ls
baleeiros	whaling Galicia Spain	False	11097	0	20181002	thebdri	Amazing video of a blue whale feeding in Galicia (NW Spain)	https://youtu.be/VbgdD02EKXk
baleeiros	whaling Galicia Spain	False	188	0	20181002	thebdri	Research on blue whales in Galicia (NW SPain)	https://youtu.be/LqKt7prkEzk
baleeiros	whaling Galicia Spain	True	1879	0	20181002	Galicia Confidencial	Balea Azul en augas de Galicia	https://youtu.be/udgsuDDeuHY
baleeiros	whaling Galicia Spain	False	191446	4	20111002	MrHuguenote	Human Planet ep01 Oceans - Into the Blue - Galicia's Percebeiros	https://youtu.be/E9dLEQFZIew
baleeiros	whaling Galicia Spain	False	1028573	1	20201002	Guardian News	Orcas damage Spanish naval yacht: 'It broke the rudder!'	https://youtu.be/cSbgr4Afsl8
baleeiros	whaling Galicia Spain	False	5002	1	20191002	thebdri	BDRI scientists studying blue whales in Spanish waters	https://youtu.be/04MqpF4EGjg
baleeiros	whaling Galicia Spain	False	241654	3	20231002	TODAY	Orcas sink 3 boats off Portugal and Spain, damage dozens others	https://youtu.be/r5RigxI8iO0
baleeiros	whaling Galicia Spain	False	131	1	20260918	thebdri	Encounter with Orcas in Galician Waters	https://youtu.be/PKrbHoUcVDY
baleeiros	whaling Galicia Spain	False	1699034	8	20231002	Everything Explained	Why Orcas are ATTACKING Human Boats	https://youtu.be/Y1ZYRnJ80EQ
baleeiros	whaling Galicia Spain	False	300254	0	20201002	Guardian News	Orcas attack boat off the coast of Spain	https://youtu.be/-LXeDSAUefo
baleeiros	whaling Galicia Spain	True	108	0	20221002	Ivy Sol in Spain 🇪🇸 	BOAT LIFE: WHALE IN GALICIA SPAIN, Atlantic Ocean || Fortuna Sailing	https://youtu.be/L-i6ry0F_yk
baleeiros	whaling Galicia Spain	True	354	0	20191002	thebdri	Studying the behaviour of minke whale in Galician waters (NW Spain)	https://youtu.be/KDfC2mI4jmc
baleeiros	whaling Galicia Spain	False	890	1	20181002	thebdri	Stunning Underwater video of the World’s Biggest Animal feeding in Galicia (NW Spain)	https://youtu.be/0pzEmn4qmIs
baleeiros	whaling Galicia Spain	False	74	0	20181002	Sail & Whale	Fin whales in Galicia - August 2018	https://youtu.be/BIXK_06YQbg
baleeiros	whaling Galicia Spain	False	15643	4	20260702	JOSE IRISARRI and 2 more	The Return of the Giants: Fin Whales in the Galician Atlantic	https://youtu.be/BJyA0nldTHM
baleeiros	whaling Galicia Spain	True	32	0	20211002	Viral Tab Archive	50ft Dead Whale Beached On Spanish Coast	https://youtu.be/ISPxVd7mPLA
baleeiros	whaling Galicia Spain	False	1453852	5	20221002	DW News	Orcas increasing attacks on boats off the coast of Spain | Focus on Europe	https://youtu.be/KmgjWdIc7jc
baleeiros	whaling Galicia Spain	False	428605	7	20251002	Domenic Biagini	Killer Whales Chasing our Boat! Is it an "Attack", or Something less Sinister?	https://youtu.be/IxoXsSbyxCc
baleeiros	whaling Galicia Spain	False	62	5	20231002	Sailing Kings’s Angel	Day 34 ~ Sailing from Ria de Muros to Ensenada de Bayona, Galicia, Spain with Cat Elzie on Deck	https://youtu.be/y0CqD6Fuppw
baleeiros	whaling Galicia Spain	False	3488	0	20211002	Green Wire News	Killer Whales Break Sailing Boats Rudder In Night Attack	https://youtu.be/su7ON2_xkjo
linguas_secretas	barallete afiadores	True	725	6	20221002	aradeira de súa	que significa o meu nome? | o barallete: a lingua dos afiadores	https://youtu.be/xj4Lc_ca2Fg
linguas_secretas	barallete afiadores	True	324	6	20260902	Televisión de Galicia	O BARALLETE: a lingua SECRETA dos AFIADORES galegos | TARDE PIACHES	https://youtu.be/gl_VyKtmbK8
linguas_secretas	barallete afiadores	True	315	1	20241002	Casa Gallinitas	O Barallete	https://youtu.be/VW5cEq4oREo
linguas_secretas	barallete afiadores	True	595	2	20171002	V television Galicia	El último afilador de Ourense	https://youtu.be/p4Ejrnnm93I
linguas_secretas	barallete afiadores	True	936	30	20131002	universidadelaboral	Charla barallete 1	https://youtu.be/VsrsiiXBuxM
linguas_secretas	barallete afiadores	False	293	2	20251002	Televisión de Galicia	💬 O BARALLETE, a xerga dos PARAGÜEIROS, MÚSICOS e AFIADORES	https://youtu.be/cpnKwzUJu4o
linguas_secretas	barallete afiadores	True	266	1	20221002	Maximino Fernandez Sendin	Afilador, paraguero...	https://youtu.be/Bv_rj6ljues
linguas_secretas	barallete afiadores	True	1585	4	20221002	Escua Colectivos	Barallete Sound System - As bolas do alcalde #FIB2021 #EmerxenciaCulturalOurense	https://youtu.be/4JYk4kM2tIE
linguas_secretas	barallete afiadores	True	1175	1	20171002	NeiraNews Javier Neira (NeiraNews)	Afilador y paragüero	https://youtu.be/tOOb3qxrsDo
linguas_secretas	barallete afiadores	False	112588	4	20181002	luarnalubregaliza	Luar Na Lubre -  Os Tafenos da Gaurra	https://youtu.be/Uh2S4AAjytw
linguas_secretas	barallete afiadores	True	860	3	20131002	Olga Rosario ORMVM	Afiladores galegos por ORMVM	https://youtu.be/vSWmv1mwgs8
linguas_secretas	barallete afiadores	False	1577	2	20191002	Xoan Xenxo	O Afiadore (con letra)_Fuxan os Ventos	https://youtu.be/BQFP7yMnzwA
linguas_secretas	barallete afiadores	True	710	6	20151002	Elba Rodriguez	TIERRAS DE AFILADORES	https://youtu.be/M6YZFawiVYw
linguas_secretas	barallete afiadores	False	7679	1	20201002	Pablo Lago	🔪🪒 El SECRETO detrás de la FLAUTA de EL AFILADOR	https://youtu.be/OLdp9V31xrU
linguas_secretas	barallete afiadores	False	798	22	20201002	sol negro producciones	Documental Nogueira de Ramuin,retratro de un concello	https://youtu.be/Gi01mXgYQeQ
linguas_secretas	barallete afiadores	True	2378	2	20101002	UnhaGrandeChea	O AFIADOR. www.unhagrandechea.org.es	https://youtu.be/t5TktDGlXEs
linguas_secretas	barallete afiadores	False	272	1	20131002	festivalderios	Aitor & Florencio, os novos chicos Martini, afiando cara Riós	https://youtu.be/Cd7xYyHyT9U
linguas_secretas	barallete afiadores	False	106374	3	20191002	luarnalubregaliza	Luar Na Lubre - Os tafenos da gaurra. Con Maria Xosé Silvar (Sés) e a Coral de Ruada	https://youtu.be/UH5mOnbGOL8
linguas_secretas	barallete afiadores	False	20	1	20141002	pateandoespana	Quilma	https://youtu.be/81Fgy6PyWdc
linguas_secretas	barallete afiadores	False	336	4	20260902	Leonardino	¡Descubrí el Secreto más Grande de LATINOAMÉRICA en este Pueblo de España! 🤯🇪🇸🇻🇪	https://youtu.be/UrNFnIcnDPg
linguas_secretas	afiladores de Ourense historia	True	595	2	20171002	V television Galicia	El último afilador de Ourense	https://youtu.be/p4Ejrnnm93I
linguas_secretas	afiladores de Ourense historia	True	127	1	20191002	ENBHIGA	Afiladores de Ourense - Alejandro Maglione - ENBHIGA	https://youtu.be/Q0W1qsSz2l4
linguas_secretas	afiladores de Ourense historia	False	453	2	20191002	Canal Catorce	The city on the verge of extinction | Knife Sharpener	https://youtu.be/FY0cYoxZu8c
linguas_secretas	afiladores de Ourense historia	False	3028	6	20161002	Desde Galicia para el Mundo	LAND OF THE SHARPENERS	https://youtu.be/UKzhTmLbRZI
linguas_secretas	afiladores de Ourense historia	False	369527	7	20251002	Eugenio Monesma - Documentales	El AFILADOR y su RUEDA DE AFILAR casera. Así se sacaba filo a los CUCHILLOS antiguamente en la calle	https://youtu.be/Ub3jA46WhnU
linguas_secretas	afiladores de Ourense historia	True	81	2	20260402	Televisión de Galicia	Coñecemos ao último AFIADOR | HORA GALEGA	https://youtu.be/Bk8C5JzS-6U
linguas_secretas	afiladores de Ourense historia	False	4871	7	20151002	Desde Galicia para el Mundo	DGPM 1120 LAND OF THE SHARPENERS	https://youtu.be/IdfQ9XRdHN8
linguas_secretas	afiladores de Ourense historia	True	69	1	20201002	Nuria Nerga Bacelar Nerga	"Os afiadores de Ourense" por Xenxo	https://youtu.be/ykfNeCvObIQ
linguas_secretas	afiladores de Ourense historia	True	6	64	20260902	Eldoran	EL MISTERIO DEL AFILADOR Y CÓMO REINO UNIDO CONQUISTÓ LA INDIA | Curiosidades de la Historia 3º	https://youtu.be/4H_D6my-aB8
linguas_secretas	afiladores de Ourense historia	False	955	5	20081002	Periodista Digital	Periodista Digital: Entrevista a Florencio de Arboiro	https://youtu.be/X-mMj6druO0
linguas_secretas	afiladores de Ourense historia	True	3162	6	20201002	FaroTV Ceuta	Baldomero, el último afilador de Ceuta	https://youtu.be/sveJOjOavX8
linguas_secretas	afiladores de Ourense historia	True	57	0	20171002	SGS	¿EL ÚLTIMO AFILADOR?	https://youtu.be/ZkjLUai2Ll0
linguas_secretas	afiladores de Ourense historia	True	1	22	20261001	Así Era Antes	15 Oficios Que Desaparecieron de Nuestras Calles: el Sereno, el Aguador, el Afilador…	https://youtu.be/y_q0MRvmQU8
linguas_secretas	afiladores de Ourense historia	True	710	6	20151002	Elba Rodriguez	TIERRAS DE AFILADORES	https://youtu.be/M6YZFawiVYw
linguas_secretas	afiladores de Ourense historia	False	3463	4	20151002	Desde Galicia para el Mundo	DGPM 1117 LA MEMORIA DE LA EMIGRACIÓN	https://youtu.be/HHJEJVVq5y0
linguas_secretas	afiladores de Ourense historia	True	109	1	20161002	Televinte Chantada	O afiador	https://youtu.be/wmuv9x148Qc
linguas_secretas	afiladores de Ourense historia	False	57	2	20201002	Nuria Nerga Bacelar Nerga	Romaría de San Benito de Veiga por Sara Vidal	https://youtu.be/d5ilQM3-Eys
linguas_secretas	afiladores de Ourense historia	True	860	3	20131002	Olga Rosario ORMVM	Afiladores galegos por ORMVM	https://youtu.be/vSWmv1mwgs8
linguas_secretas	afiladores de Ourense historia	True	2378	2	20101002	UnhaGrandeChea	O AFIADOR. www.unhagrandechea.org.es	https://youtu.be/t5TktDGlXEs
linguas_secretas	afiladores de Ourense historia	False	86	0	20211002	Mariano Ou	Las antiguas farolas del Puente Romano de Ourense	https://youtu.be/ChpH_vmALyM
linguas_secretas	verbo dos arxinas canteiros	True	540	0	20091002	secrearelas	o verbo dos canteiros	https://youtu.be/9O8O-kb4zkA
linguas_secretas	verbo dos arxinas canteiros	True	1074	2	20151002	Monty	Verbo dos Arxinas ( Canteiros). Escola de Canteiros de Poio ( Pontevedra)	https://youtu.be/txUHUiM-pR8
linguas_secretas	verbo dos arxinas canteiros	True	3725	1	20101002	dealeronte	Pallamallada. Verbo dos arxinas.wmv	https://youtu.be/qel3YOOhFeY
linguas_secretas	verbo dos arxinas canteiros	True	1028	0	20151002	Monty	Padrenuestro no Verbo dos Canteiros	https://youtu.be/gSVgmq0g0xo
linguas_secretas	verbo dos arxinas canteiros	True	867	0	20231002	Debullando raíces	QUE? | Benito Franco, canteiro de Xustáns (Ponte Caldelas)	https://youtu.be/Z0aZ32T7Cxk
linguas_secretas	verbo dos arxinas canteiros	True	86	8	20131002	JOSE BLANCO	O SEGREDO DOS ARXINAS	https://youtu.be/gJnKmV3hQ8Q
linguas_secretas	verbo dos arxinas canteiros	True	941	73	20211002	politicalinguistica	Canteiros, os demiúrgos da pedra	https://youtu.be/M-xqCAqUuPE
linguas_secretas	verbo dos arxinas canteiros	True	260	4	20171002	ceip Tenorio	making of Terra dos arxinas	https://youtu.be/92ZXn3NJvC4
linguas_secretas	verbo dos arxinas canteiros	True	34	2	20131002	Daia	amala-arxinas.wmv	https://youtu.be/ZjTSq5JmkxM
linguas_secretas	verbo dos arxinas canteiros	True	1330	8	20091002	Mhorghan	Arte dos canteiros nos camposantos galegos	https://youtu.be/2KUXLI-hu2A
linguas_secretas	verbo dos arxinas canteiros	True	449	6	20201002	Xosé Fuentes	Arufe, a aldea dos canteiros	https://youtu.be/EUFDIIijfAY
linguas_secretas	verbo dos arxinas canteiros	True	867	4	20121002	Daniel Romero	Danza dos Canteiros	https://youtu.be/-OidS5IU-sc
linguas_secretas	verbo dos arxinas canteiros	True	96	0	20201002	Lobo Mau	#7 O canteiro	https://youtu.be/ITvxEiTpp7U
linguas_secretas	verbo dos arxinas canteiros	True	20	3	20131002	Daia	arxinas orde	https://youtu.be/4gZXw-KebJo
linguas_secretas	verbo dos arxinas canteiros	False	2384	9	20071002	Xosé Fuentes	O Verbo Xido	https://youtu.be/OwISrS2-hJw
linguas_secretas	verbo dos arxinas canteiros	False	1009	4	20131002	TheWyrm	The Wyrm - Verbo das arginas	https://youtu.be/g554B1VHU6E
linguas_secretas	verbo dos arxinas canteiros	True	315	1	20241002	Casa Gallinitas	O Barallete	https://youtu.be/VW5cEq4oREo
linguas_secretas	verbo dos arxinas canteiros	True	3136	2	20091002	faltrilover	FALTRIQUEIRA CANTEIROS DE PONTEVEDRA	https://youtu.be/TiVMnuu2pbw
linguas_secretas	verbo dos arxinas canteiros	False	487	0	20171002	Volvemos a Primera	"O Vervo Xido"  (Teaser)	https://youtu.be/trwcfR_x0c8
linguas_secretas	verbo dos arxinas canteiros	True	171	2	20221002	SIRADELLA FILMS	Escola de Cantería Deputación de Pontevedra	https://youtu.be/4ONk1Nsu3EY
serans	seráns fiadeiros	True	2046	17	20201002	AGG	O Serán desta aldea - Pandeireteiras de San Vicente de Oitaven (Fornelos de Montes)	https://youtu.be/JcYFSc5dmMU
serans	seráns fiadeiros	False	1128	4	20111002	ACF O Fiadeiro	I Serán entroido - Pandereteiras O Fiadeiro	https://youtu.be/u18f2LH5iBU
serans	seráns fiadeiros	False	5004	3	20211002	ACF O Fiadeiro	Serán en Gargamala - Pandereteiros O Fiadeiro	https://youtu.be/NpE9aH_Hgqg
serans	seráns fiadeiros	False	2169	4	20161002	Miguel	Pandereteiros de O Fiadeiro-Serán en Traspielas	https://youtu.be/YFttSc-L10k
serans	seráns fiadeiros	False	5511	4	20161002	varo gaiteiro	Afoutos | Serán en Paredes	https://youtu.be/MPNTlCfHvDA
serans	seráns fiadeiros	False	10616	8	20141002	ACF O Fiadeiro	ACF O Fiadeiro en Lorient - Noite Intercéltica (2011)	https://youtu.be/2Kr6X972Ie8
serans	seráns fiadeiros	True	136	0	20141002	Folk Galicia	Serán Fiadeiro	https://youtu.be/80jIzAsBMlA
serans	seráns fiadeiros	False	3260	13	20131002	Trépia Asociación Cultural	Pandereteiras de Sequeiros no serán de Toutón (Febreiro 2000)	https://youtu.be/D-euF54Mvb8
serans	seráns fiadeiros	True	3094	12	20211002	AGG	O Serán desta aldea - Pandeireteiras de  San Vicente de  Oitavén (Fornelos de Montes)	https://youtu.be/PAUdka3nUfY
serans	seráns fiadeiros	False	15458	7	20101002	ACF O Fiadeiro	Canto de mariñeiros de Rianxo e Muiñeira de Malpica de Bergantiños	https://youtu.be/P8hTlFYKgho
serans	seráns fiadeiros	False	635	3	20181002	ACF O Fiadeiro	Serán do Samaín '17 - ACF O Fiadeiro	https://youtu.be/8yAULf_JdQA
serans	seráns fiadeiros	False	3420	8	20111002	Miguel	O FIADEIRO : Añas e xota de Aboal ( Mondariz )	https://youtu.be/hDbVtRKi3Xo
serans	seráns fiadeiros	False	2789	4	20161002	Miguel Lesta	Pandereteiras ACF O Fiadeiro  - Sarria	https://youtu.be/iHnOpeiVKMU
serans	seráns fiadeiros	False	3385	11	20141002	Miguel	O Fiadeiro na Festa da Cultura 2014 (Vigo)	https://youtu.be/RpKED6ouBXk
serans	seráns fiadeiros	True	170	0	20141002	Folk Galicia	Serán Fiadeiro 2	https://youtu.be/ObPx596BzKw
serans	seráns fiadeiros	False	1060	0	20181002	Cidade Da Cultura	Serán'01 | I Encontro Galego de Cultura Popular: Baile e Música Tradicional	https://youtu.be/6ZqfXZS_fEU
serans	seráns fiadeiros	False	315	3	20211002	Río Gillón	Pandeireteiro o Fiadeiro ''Serán en Gargamala''	https://youtu.be/MK3mxSyU6YY
serans	seráns fiadeiros	False	3046	5	20101002	ACF O Fiadeiro	Sárdoma e A Freixa - Escola da Acf O Fiadeiro, grupo de gaitas (Festival fin de curso - 03.07.10)	https://youtu.be/8aW_V4EL43M
serans	seráns fiadeiros	False	12396	4	20181002	ACF O Fiadeiro	Fox nº1 e Muiñeira de Santa Comba - Orquestra O Fiadeiro (Luar - 20.07.18)	https://youtu.be/N3Rg0gCRYTE
serans	seráns fiadeiros	False	1487	3	20161002	Miguel Lesta	Pandereteir@s ACF O Fiadeiro	https://youtu.be/K33AUBDaEwQ
serans	fiadeiros Galicia	True	516	13	20231002	Galicia y otros lugares con Marcos Sancio	Actuación de Fiadeiro de Vigo en Rianxo - 2023 (Bailes regionales de Galicia).	https://youtu.be/eVUaNHYPshw
serans	fiadeiros Galicia	False	977	3	20171002	Folk Dances Around the World	Galicia folk music: Charanga	https://youtu.be/uBtDLsVMjWY
serans	fiadeiros Galicia	False	6723	4	20131002	ACF O Fiadeiro	Jota cruzada de Sequeiro - O Fiadeiro (14.07.00)	https://youtu.be/F9GFjdU0ca8
serans	fiadeiros Galicia	False	376617	4	20121002	ACF O Fiadeiro	Jota e muiñeira de Silvela - ACF O Fiadeiro (06.01.12)	https://youtu.be/ZDrll-JPOBo
serans	fiadeiros Galicia	False	7922	3	20071002	Folk Dances Around the World	Galician traditional folk dance: Xota de Montrove	https://youtu.be/HxnFa2XRLEs
serans	fiadeiros Galicia	False	2760	4	20151002	Río Gillón	Agrupacion Folclorica O Fiadeiro ,En Television de Galicia	https://youtu.be/0B1xZZcDLDw
serans	fiadeiros Galicia	True	767	1	20111002	Nacho Arranz	Lorient   Carpa de Galicia Fiadeiro	https://youtu.be/sG4VyOIGrcM
serans	fiadeiros Galicia	True	3394	4	20151002	Diaño Filmes	Fiadeiro de Vide 2015	https://youtu.be/d93h2aXmA3M
serans	fiadeiros Galicia	True	2209	1	20101002	Folk Dances Around the World	Galician traditional folk dance: Canto de serán	https://youtu.be/Oy5gXiWcLhc
serans	fiadeiros Galicia	False	23371	5	20241002	ACF O Fiadeiro	O Fiadeiro - "Moliñeira de Noceda" e "Maneo de Sísamo"	https://youtu.be/IOVP4Uyj0fk
serans	fiadeiros Galicia	False	2551	6	20151002	Miguel	O FIADEIRO  "A última verbena"	https://youtu.be/clNBTzCCuGo
serans	fiadeiros Galicia	False	8785	3	20121002	ACF O Fiadeiro	Muiñeira de Pontegrixoa - ACF O Fiadeiro (06.01.12)	https://youtu.be/HcWwvjCHAfY
serans	fiadeiros Galicia	False	3524	2	20181002	ACF O Fiadeiro	Jota das Cortellas - Escola O Fiadeiro (Aquí Galicia - 30.12.17)	https://youtu.be/qrooQBDlCyY
serans	fiadeiros Galicia	False	15703	15	20141002	Miguel	O Fiadeiro na Festa da Reconquista 2013	https://youtu.be/dmX84T0CAw4
serans	fiadeiros Galicia	False	5004	3	20211002	ACF O Fiadeiro	Serán en Gargamala - Pandereteiros O Fiadeiro	https://youtu.be/NpE9aH_Hgqg
serans	fiadeiros Galicia	False	2907	3	20201002	ACF O Fiadeiro	Pandereteiras O Fiadeiro San Salvador	https://youtu.be/Y7XR3jT_pFM
serans	fiadeiros Galicia	False	3108	3	20201002	ACF O Fiadeiro	O Fiadeiro - Foliada en corentena	https://youtu.be/WqqQf58bgW0
serans	fiadeiros Galicia	False	3633	2	20111002	Miguel	O FIADEIRO : Muiñeira de Caroi	https://youtu.be/tQ6UqDlcBx0
serans	fiadeiros Galicia	False	3419	7	20091002	hatumsoncco	Os novatos do Fiadeiro	https://youtu.be/XORenC49_x4
serans	fiadeiros Galicia	False	15458	7	20101002	ACF O Fiadeiro	Canto de mariñeiros de Rianxo e Muiñeira de Malpica de Bergantiños	https://youtu.be/P8hTlFYKgho
serans	vida en la aldea gallega antigua	True	4179	2	20221002	Eva Conde-Corbal	Cada vez más extranjeros eligen las aldeas gallegas para vivir	https://youtu.be/AxE_qRzIKLc
serans	vida en la aldea gallega antigua	False	131664	39	20231002	Explorando	Esta es la REALIDAD en las ALDEAS RURALES. Explorando Galicia rural. Aldea de Zobra. ESPAÑA RURAL.	https://youtu.be/fuya-ZW7hqw
serans	vida en la aldea gallega antigua	False	896	99	20241002	Tu Box Mecánica | RM Soluciones Electrónicas	Emigrar en los años 50: La impactante historia de mi abuela gallega (De Galicia a Uruguay)	https://youtu.be/myyYY0CKOBU
serans	vida en la aldea gallega antigua	True	310	10	20221002	Nerea Vázquez	1 día en la ALDEA GALLEGA 🧚🏼✨ | @neereavazquez	https://youtu.be/ZeBnGUaBjOw
serans	vida en la aldea gallega antigua	False	18950	1	20221002	El Camino Verde	Mi Vida en el Rural Gallego. Meiga Pagana en un Pueblo de Galicia. Volver al Campo | Meigas do Lume	https://youtu.be/6P-Smr6vpOo
serans	vida en la aldea gallega antigua	False	4434146	32	20241002	hilux_aventura	ESTA CHICA DEJÓ la CIUDAD y está RESTAURANDO una CASA de MÁS de 100 AÑOS SIN EXPERIENCIA!!	https://youtu.be/Wv-02VMp2Oc
serans	vida en la aldea gallega antigua	False	79989	51	20260502	World View - Documentales	Los Secretos de Galicia Antigua: La Civilización Celta | Documental - AD	https://youtu.be/N0zOdPD0lhA
serans	vida en la aldea gallega antigua	False	171389	12	20260402	Gaelovic	I bought a house in Galicia… and it came with ALL of this!	https://youtu.be/wrhUVvQkCOE
serans	vida en la aldea gallega antigua	False	3694	7	20141002	Desde Galicia para el Mundo	DGPM 1058 - 8: The Galician Pantry	https://youtu.be/ewluWrp1xic
serans	vida en la aldea gallega antigua	False	253557	7	20191002	EL PAÍS	#EU4YOU | Ourense, el epicentro de la España envejecida	https://youtu.be/JLgZR8haKXo
serans	vida en la aldea gallega antigua	False	372386	37	20221002	Explorando	THIS IS LIFE in a VILLAGE where only OLD PEOPLE live. Abandoned villages.	https://youtu.be/BdMRFDYUUq4
serans	vida en la aldea gallega antigua	False	870164	47	20241002	Explorando	Explorando ALDEAS PERDIDAS por las MONTAÑAS de GALICIA.	https://youtu.be/KvpW3ix-cms
serans	vida en la aldea gallega antigua	False	6438	27	20260911	Fincas Olvidadas	¿Por Qué Nadie Compra Estas Casas de Piedra Baratas en Galicia con Terreno? Llevan Meses a la Venta	https://youtu.be/nCdjqDRk4Gk
serans	vida en la aldea gallega antigua	True	210	1	20191002	Galicia Desde Mi Moto	A Godela. Aldea Abandonada	https://youtu.be/rmSZlN9PeLA
serans	vida en la aldea gallega antigua	False	9114	38	20260802	Aurora	We found a hidden revolver while renovating our house in a Galician village	https://youtu.be/eFlY0S2Xat0
serans	vida en la aldea gallega antigua	False	45818	27	20251002	Aurora	Tour of our stone house in a Galician village | Before and after | Discover its secrets 😲	https://youtu.be/spLhgfXZg7E
serans	vida en la aldea gallega antigua	False	71558	26	20260402	Con amor camino	The renovation of my house in a Galician village has begun… 🏡 and my father came to help me!	https://youtu.be/nLJiNWfYIeQ
serans	vida en la aldea gallega antigua	False	2344663	9	20191002	CARKI PRODUCTIONS	HISTORIA DE GALICIA EN 10 MINUTOS	https://youtu.be/7MkzADeTqlY
serans	vida en la aldea gallega antigua	False	1490567	17	20260202	Basquecraft	THE SCAM OF BUYING A TOWNHOUSE	https://youtu.be/ErZwNfSmQFc
serans	vida en la aldea gallega antigua	False	1613	13	20181002	TURISMO BAÑOS DE MOLGAS	BAÑOS DE MOLGAS. AUGAS de VIDA (Provincia de Ourense)	https://youtu.be/iIOTR-ihHmw
serans	historias de aldea gallega para dormir	False	108415	121	20251102	RELATOS AL OIDO 	🔴 DUÉRMETE CON las Leyendas Más Antiguas y Misteriosas de GALICIA | Relatos al Oído	https://youtu.be/ij7nuBjh1PQ
serans	historias de aldea gallega para dormir	False	41416	128	20251202	RELATOS AL OIDO 	LAS HURDES: La Zona más Maldita de España | RELATOS AL OÍDO	https://youtu.be/6-h6WQNRf1o
serans	historias de aldea gallega para dormir	False	843	29	20260921	Grandes Relatos para Dormir	El Secreto de los Indianos: Cómo Campesinos Gallegos y Asturianos Conquistaron América	https://youtu.be/nTLVNTSpipc
serans	historias de aldea gallega para dormir	False	2740	51	20260921	La Maldición de la Luna and Historias de Hombres Lobo	El cura de un pueblo de Galicia nos dio balas de plata. Mi padre se negó a tocarlas	https://youtu.be/NLPx7cIWZRc
serans	historias de aldea gallega para dormir	False	382696	94	20260102	Historia Olvidada	THE WORLD OF DRUIDS AND MYTHOLOGY – THE CELTS | Full Documentary	https://youtu.be/ZgW_UPKZHNY
serans	historias de aldea gallega para dormir	False	107872	1	20091002	Antena 3	Clasicos - Los gallegos y el sueño	https://youtu.be/nX0OuDKPSl8
serans	historias de aldea gallega para dormir	False	2264	58	20261001	Veredas de Antes	Los Gallegos de Buenos Aires: el Almacén de la Esquina y la Libreta del Fiado	https://youtu.be/Gd7-7MdIKO4
serans	historias de aldea gallega para dormir	False	996	17	20241002	Misterios Macabros TV	HORROR STORIES of THE HOLY COMPANY, the forests of Galicia hide HORRORS / real legends	https://youtu.be/MVrOwDXZxK0
serans	historias de aldea gallega para dormir	False	32968	104	20181002	 Canal de Terrror Jhonny Evil	Milenio 3   La Santa Compaña	https://youtu.be/3AO2EgpqHOQ
serans	historias de aldea gallega para dormir	False	277	27	20201002	Luna Violinera	The Galician dwarves - A popular folktale from Galicia	https://youtu.be/SXkqOucRVeE
serans	historias de aldea gallega para dormir	False	731553	10	20171002	OQO Filmes - galego	Corre corre, cabaciña	https://youtu.be/Eiypr98wXWE
serans	historias de aldea gallega para dormir	False	2695333	9	20231002	Vidas Nómadas Documental	NOMADIC LIFE: Man Brings New Wife and Throws Out Wife and Children	https://youtu.be/IcU_8vMnik4
serans	historias de aldea gallega para dormir	False	32	7	20251102	Las Historias de Aiko. 	El Guardián del Cementerio | Historia real de terror que te dejará sin dormir (narración completa)	https://youtu.be/ZUhEfAtlKzY
serans	historias de aldea gallega para dormir	False	7	9	20251102	Magicino	Marina y el faro de niebla: Una luz en la oscuridad	https://youtu.be/7uZ5Qv3HK4U
serans	historias de aldea gallega para dormir	False	836059	20	20251002	Kibara	CASI NO SALIMOS de AQUÍ | La Casa de la Carretera	https://youtu.be/dEjFyLvIPck
serans	historias de aldea gallega para dormir	False	1303	3	20231002	Instituto de Estudos Miñoráns	A RAPA DAS BESTAS.  "EL ESCARABAJO VERDE" (RTVE, 2005)	https://youtu.be/LHMjjjr6Lg8
serans	historias de aldea gallega para dormir	False	197001	193	20191002	Canal Iker Jiménez	En la tierra de la Santa Compaña | #MilenioLive | Programa T1x34 (25/05/2019)	https://youtu.be/HoJwsNgMNxQ
serans	historias de aldea gallega para dormir	True	47	1	20251002	deCabañas	Aldea A Paínza | Cabañas en Arzúa	https://youtu.be/GzJoaLUqYcg
serans	historias de aldea gallega para dormir	False	1048	9	20201002	Fernando SB Videos	OTERO (MUNICIPIO DE QUIROGA - LUGO)  - Vistas de Mi Pueblo Materno	https://youtu.be/ofGbHZY2AGo
serans	historias de aldea gallega para dormir	False	1078	5	20141002	Ciencia del Saber	Mondariz Cemetery (Urban Legends)	https://youtu.be/kyEu_HuEDoE
mosteiros	monasterio de Samos	True	32967	8	20141002	Desde Galicia para el Mundo	DGPM 1078 EL MONASTERIO DE SAMOS	https://youtu.be/-ne6ebjQ6Y8
mosteiros	monasterio de Samos	True	19018	16	20260702	About Galicia	SAMOS: the OLDEST inhabited MONASTERY in Spain	https://youtu.be/kn9TqE6qfzk
mosteiros	monasterio de Samos	True	14590	2	20221002	Fotodronepx	Monasterio de Samos	https://youtu.be/OWjfAQoJDYA
mosteiros	monasterio de Samos	True	3166	48	20231002	Eduardo Manuel Fernandez-Tafall Pardo	1989  -MONASTERIO DE SAMOS (LUGO )	https://youtu.be/L5WT_jdd5v0
mosteiros	monasterio de Samos	True	753	0	20221002	Albergues del Camino de Santiago	Albergue de peregrinos del Monasterio de Samos, Samos, Lugo - Camino Francés	https://youtu.be/Ck_zzwRBxiA
mosteiros	monasterio de Samos	True	10211	8	20191002	Manuel Lages	San Julián de Samos Monastery (Lugo)	https://youtu.be/5KYpRu2rMGM
mosteiros	monasterio de Samos	True	67	1	20251002	theglobaltrip	Touring the Monasterio de Samos	https://youtu.be/e1sCCIrN1Pc
mosteiros	monasterio de Samos	True	129	1	20251002	theglobaltrip	Touring the Monasterio de Samos, Galicia, Spain	https://youtu.be/a-u0D3MduC8
mosteiros	monasterio de Samos	True	1583	1	20221002	La España del Generalísimo Franco	1960 09 26 NODO 925B  Lugo  Franco inaugura el reconstruido Monasterio de Samos	https://youtu.be/1ZPE4OrY3LQ
mosteiros	monasterio de Samos	True	377	1	20201002	TIC- SERVIZO DE AUDIOVISUAIS da Deputación de Lugo	Descubrindo Lugo: Mosteiro de Samos	https://youtu.be/4Fbwo_0s3aE
mosteiros	monasterio de Samos	True	5854	3	20141002	Hermosa Galicia	MONASTERIO DE SAMOS - LUGO	https://youtu.be/5VWzJFntYPE
mosteiros	monasterio de Samos	True	96	0	20201002	JUAN PEDRO HERVAS	Abadía de Samos · Monasterio de Samos	https://youtu.be/ndDscRcnW5g
mosteiros	monasterio de Samos	True	1591	7	20211002	Viajarmola	✞ ​MONASTERIO de SAMOS ✞ todo lo que debes saber y ver en Samos 2021	https://youtu.be/TniebzR_qOo
mosteiros	monasterio de Samos	True	504	1	20131002	lugoplusvideo	Monasterio de Samos	https://youtu.be/3ZjcvH3N4tI
mosteiros	monasterio de Samos	True	51	2	20260102	Juan P Panozzo	Monasterio San Julián de Samos - Siglo VI - Galicia - España	https://youtu.be/VrK6Uz_0lXw
mosteiros	monasterio de Samos	True	1545	4	20141002	CAMINO DE SANTIAGO SAMOS ABADIA	CAMINO DE SANTIAGO SAMOS ABADIA	https://youtu.be/Sg0P53BBAUQ
mosteiros	monasterio de Samos	True	2622	34	20251002	Ponfexplorer	SAMOS	https://youtu.be/LbTpEeVkFNo
mosteiros	monasterio de Samos	True	56	10	20221002	Manuel Valdezate	Mosteiro de Samos	https://youtu.be/7SDryLee9c4
mosteiros	monasterio de Samos	True	3076	0	20101002	Pablo Ferlo	MONASTERIO DE SAMOS LUGO	https://youtu.be/VjYhB_OHvb4
mosteiros	monasterio de Samos	True	1750	4	20221002	HIKINGWAYS	Monastery of San Xulián de Samos - Camino de Santiago	https://youtu.be/clzjvBO2TSQ
mosteiros	monasterio de Oseira	True	90480	59	20131002	El Rincon del Cura	MONASTERIO DE OSEIRA	https://youtu.be/c9abcl4xq0A
mosteiros	monasterio de Oseira	True	5334	2	20231002	Fotodronepx	Monasterio de Oseira	https://youtu.be/qoPpfHszgN4
mosteiros	monasterio de Oseira	True	143934	8	20151002	Desde Galicia para el Mundo	DGPM 1117 THE MONASTERY OF OSEIRA	https://youtu.be/NqMG2EebpAM
mosteiros	monasterio de Oseira	True	3499	12	20211002	El Rincon del Cura	Oseira Monastery (Part II)	https://youtu.be/WUFyETqmwM0
mosteiros	monasterio de Oseira	True	23810	7	20211002	Mosteiro de Oseira	El Monasterio de Oseira: un forma de vida!	https://youtu.be/7C-sbXHSSfE
mosteiros	monasterio de Oseira	True	1624	10	20221002	Donde empiezan los caminos	LOS 23 MONASTERIOS MÁS GRANDES Y BONITOS DE ESPAÑA   MONASTERIO DE OSEIRA ORENSE	https://youtu.be/eEYfo2L-_iI
mosteiros	monasterio de Oseira	True	663	1	20141002	MyGuide.Travel	Oseira Monastery	https://youtu.be/RWTxi0k1u_s
mosteiros	monasterio de Oseira	True	21937	10	20191002	Sela Rodríguez	"Oseira Monastery: young and old story" Documentary Film - Irene Sela Rodríguez Lorenzo	https://youtu.be/aFZaf3MkEDs
mosteiros	monasterio de Oseira	True	54	2	20221002	Galicia Hiking	Pena Veidosa y Monasterio de Oseira	https://youtu.be/NLB8GRVKdkY
mosteiros	monasterio de Oseira	True	228	3	20260202	Televisión de Galicia	❄️How do the MONKS of the OSEIRA MONASTERY FIGHT THE COLD? | HORA GALICIA	https://youtu.be/HxYo2vG45ds
mosteiros	monasterio de Oseira	True	489	1	20260402	Asociación Los Pueblos Más Bonitos De España	Oseira, uno de Los Pueblos más Bonitos de España	https://youtu.be/S6xNbBUBrFc
mosteiros	monasterio de Oseira	True	5387	1	20161002	Aerocamaras Especialistas en Drones	Video aéreo Monasterio de Santa María la Real de Oseira	https://youtu.be/wUgUfxJEA5I
mosteiros	monasterio de Oseira	True	2851	3	20191002	Conchi Ortega MOTOVLOG	MONASTERIO DE OSEIRA	https://youtu.be/RdN4GAFVDc8
mosteiros	monasterio de Oseira	True	332	2	20260802	Patrimonio para jóvenes	Semana de voluntariado en el Monasterio de Oseira. Julio 2026	https://youtu.be/PMRMbM8dNhE
mosteiros	monasterio de Oseira	True	241	0	20191002	Marie Lau Florin	Ave Maria Monasterio de Oseira	https://youtu.be/uu-fp0wDHQ8
mosteiros	monasterio de Oseira	True	43	2	20221002	Eridoo	Monasterio de Oseira	https://youtu.be/VQH272RQM3I
mosteiros	monasterio de Oseira	True	293	5	20231002	No Allo	MONASTERIO DE OSEIRA 🌄	https://youtu.be/fwR1nb3nhcw
mosteiros	monasterio de Oseira	True	54	1	20181002	galicia24horas	Mosteiro de Oseira	https://youtu.be/ApG7GPqWYKI
mosteiros	monasterio de Oseira	True	2	2	20260402	portugallook	O MOSTEIRO DE OSEIRA OU O ESCORIAL GALEGO	https://youtu.be/_DpGyxxOZm8
mosteiros	monasterio de Oseira	True	3910	4	20091002	mosteirodeoseira	Mosteiro de Oseira Punto Org | Completas III	https://youtu.be/uPmO5lo4DEk
mosteiros	Ribeira Sacra historia monasterios	True	4388	6	20161002	Desde Galicia para el Mundo	EL ORIGEN DE A RIBEIRA SACRA (MONTEDERRAMO)	https://youtu.be/VEZR565SSLo
mosteiros	Ribeira Sacra historia monasterios	False	134	37	20181002	Chad Pharr	El mejor Documental La Ribera Sacra Las claves del Románico	https://youtu.be/l8JBe9OXhfU
mosteiros	Ribeira Sacra historia monasterios	False	1018	35	20231002	Documentales legendarios	Las claves del románico Galica 1 La Ribera Sacra	https://youtu.be/HhGzVgocY7g
mosteiros	Ribeira Sacra historia monasterios	False	60943	17	20241002	TrotandoMundos	Ribeira Sacra VLog: A Guide to Explore It Thoroughly - TrotandoMundos.com	https://youtu.be/PGOrA6Fowwk
mosteiros	Ribeira Sacra historia monasterios	True	12508	9	20151002	Viajandoconpio	Ruta de monjes y eremitas | 3 monasterios imprescindibles en la Ribeira Sacra	https://youtu.be/xcDseLmlWQo
mosteiros	Ribeira Sacra historia monasterios	True	542	8	20251002	Aviones de Papel TV	SANTA CRISTINA: The ABANDONED MONASTERY of the RIBEIRA SACRA	https://youtu.be/-m8y7iLZhUk
mosteiros	Ribeira Sacra historia monasterios	True	16899	56	20191002	Mega Etnografía	GALICIA (Cuaderno de Paso) A Ribeira Sacra  -  Documentales	https://youtu.be/MXI6bubEmLA
mosteiros	Ribeira Sacra historia monasterios	True	677	10	20221002	Proyecto GLIRP	Ribeira Sacra (Parte II). Monasterios e historia.	https://youtu.be/fX2IdqbFK5A
mosteiros	Ribeira Sacra historia monasterios	True	92535	31	20151002	NÉMESIS AUDIOVISUAL	DOCUMENTAL RIBEIRA SACRA 2015	https://youtu.be/GTKa67_qjwU
mosteiros	Ribeira Sacra historia monasterios	True	1223	4	20161002	Desde Galicia para el Mundo	THE SIMPLICITY OF THE CISTERS (MONASTERY OF SANTA MARÍA XUNQUEIRA)	https://youtu.be/Uuw3CzFKBu4
mosteiros	Ribeira Sacra historia monasterios	True	124	4	20151002	Desde Galicia para el Mundo	DGPM 1127 EL MONASTERIO DE SANTA MARÍA	https://youtu.be/c7PH40VS6ec
mosteiros	Ribeira Sacra historia monasterios	True	1018	53	20251202	Yo y mi maleta	Galicia: Parada de Sil, en el corazón de la Ribeira Sacra	https://youtu.be/xk-BR-iOlho
mosteiros	Ribeira Sacra historia monasterios	True	158	24	20260702	El sextante de JC | Lugares de España maravillosos	El monasterio de San Pedro de Rocas 🏜 Ribeira Sacra 🌋 Ourense | Galicia	https://youtu.be/SunSi2MIAtY
mosteiros	Ribeira Sacra historia monasterios	True	597	18	20251002	El sextante de JC | Lugares de España maravillosos	Ribeira Sacra Monastery of Santa Cristina de Ribas | Heroic Viticulture | What to see in Spain	https://youtu.be/gZ6ApTY7mWA
mosteiros	Ribeira Sacra historia monasterios	True	6456	7	20231002	Contigo en la maleta	🚨 (SECRETOS de GALICIA III) MONASTERIO de SANTO ESTEVO de RIBAS de SIL	https://youtu.be/iRD1kU2RSRw
mosteiros	Ribeira Sacra historia monasterios	True	2653	22	20251002	SalvAndo Caminos	A RIBEIRA SACRA y LOS CAÑONES DEL SIL	https://youtu.be/CTUsTkMM_nY
mosteiros	Ribeira Sacra historia monasterios	True	10	5	20260502	marewira	Ribeira Sacra, un viaje entre historia y naturaleza	https://youtu.be/KblPU7hEQE8
mosteiros	Ribeira Sacra historia monasterios	True	15570	29	20221002	Miguel Manjon	MONASTERIO DE PIEDRA (ZARAGOZA) ITS HISTORY	https://youtu.be/fYamddVOfnU
mosteiros	Ribeira Sacra historia monasterios	True	17317	60	20260502	RELATOS AL OIDO 	Go to sleep with the lost monastery in Galicia that no one knows about | Mysteries and Legends of...	https://youtu.be/61Hd__sGT7w
mosteiros	Ribeira Sacra historia monasterios	True	415	4	20260902	JF Diseño Digital	🍷What to see in Monforte de Lemos 🏰 | Medieval capital of the Ribeira Sacra	https://youtu.be/gQv-69yFoik
mosteiros	mosteiros de Galicia	True	1059	10	20121002	Visita Silleda	Mosteiros de Galicia, Carboeiro, Silleda	https://youtu.be/hUfQcaemNrc
mosteiros	mosteiros de Galicia	True	130	3	20101002	loislusco	Mosteiros de Galicia II.wmv	https://youtu.be/Qm8J4JSF7wA
mosteiros	mosteiros de Galicia	True	740	2	20201002	Televisión de Galicia	'Un país 360' - Mosteiro de Oseira	https://youtu.be/DP26fGKAVlw
mosteiros	mosteiros de Galicia	True	55	1	20121002	AMPstudio	Mosteiro de Melon, Galiza, España (Galicia, Spain)	https://youtu.be/zqrd-3dWX6U
mosteiros	mosteiros de Galicia	True	170	0	20081002	Telemiño Ourense	LIBRO MOSTEIROS DE GALICIA	https://youtu.be/u2b1cox9vAE
mosteiros	mosteiros de Galicia	True	1321	4	20241002	Angel J. Carrera	MONASTERIO SAN FIZ DE CANGAS - San Fiz - Pantón - Lugo - GALICIA	https://youtu.be/dlwJXqbv8Iw
mosteiros	mosteiros de Galicia	True	99	8	20141002	Patxi Marijo	Igrexas Mosteiros de Galicia	https://youtu.be/Gk4b4qt710k
mosteiros	mosteiros de Galicia	True	55	1	20201002	TOURO GALEGO	Mosteiro de Samos. Galicia - Spain	https://youtu.be/Z_U5gzwHXZE
mosteiros	mosteiros de Galicia	True	851	2	20221002	Televisión de Galicia	Un país en 360 - Mosteiro de Carboeiro	https://youtu.be/5l19MD8vv3w
mosteiros	mosteiros de Galicia	True	90	0	20231002	Andrones I Drones Galicia	Monasterio de Sobrado dos Monxes I Galicia	https://youtu.be/2kXAgqrurfk
mosteiros	mosteiros de Galicia	True	217	1	20211002	VaitePoloMundo!	Mosteiro de Santa María de Aciveiro, Forcarei | GALICIA EN DRON	https://youtu.be/I0HzqAdHs9g
mosteiros	mosteiros de Galicia	True	229	2	20131002	Galicious by Mónica Castelao	Mosteiro de San Xusto de Toxosoutos ( Galicia, España )	https://youtu.be/PirtkQxtX8c
mosteiros	mosteiros de Galicia	True	477	5	20241002	Sky Surfer. Landscapes.	MOSTEIRO DE SAN LORENZO DE CARBOEIRO -- PONTEVEDRA (GALICIA)	https://youtu.be/sXXgaP_vdTc
mosteiros	mosteiros de Galicia	True	484	2	20131002	Galicious by Mónica Castelao	Mosteiro de San Xusto de Toxosoutos ( Galicia )	https://youtu.be/0RgBvU7Qy1Q
mosteiros	mosteiros de Galicia	True	9766	5	20131002	Concello de Cea	www.concellodecea.com | Un País para Comérselo: Mosteiro de Oseira	https://youtu.be/6b7on6GVmj0
mosteiros	mosteiros de Galicia	True	44	2	20260802	viagensdemochila	MOSTEIRO DE OIA - PONTEVEDRA #mosteiro #pontevedra #oia #galiza #galicia #espanha #igreja #iglesia	https://youtu.be/YTohaFvf27Y
mosteiros	mosteiros de Galicia	True	27	0	20101002	JamesJacobite	monastery Galicia	https://youtu.be/fjdSX2PUBWw
mosteiros	mosteiros de Galicia	True	353	5	20211002	TOURO GALEGO	Mosteiro de Sobrado dos Monxes, Galicia	https://youtu.be/ZEJxSUnpodg
mosteiros	mosteiros de Galicia	True	116	0	20201002	Cidade Da Cultura	Un universo medieval: Mosteiros | Galicia, un relato no mundo	https://youtu.be/0NSbB-Z1Xks
mosteiros	mosteiros de Galicia	True	115	1	20201002	TOURO GALEGO	Galicia - Spain - Fragas do Eume - Mosteiro de Caaveiro	https://youtu.be/jie_nA_jquE
ouro_castros	castros de Galicia	True	90151	17	20221002	La Vida de M	SPAIN | The CASTROS in GALICIA | The Almost Secret History | The Life of M	https://youtu.be/f7_DLWuyzSM
ouro_castros	castros de Galicia	True	1060	5	20221002	Donde empiezan los caminos	CASTROS CELTAS EN GALICIA   EL FASCINANTE CASTRO DE BAROÑA	https://youtu.be/i4OHY7TEtN8
ouro_castros	castros de Galicia	True	109835	12	20260102	El Mundo Único	La España Que Existía Antes de Roma: Los Castros Celtas	https://youtu.be/RR1JLzDYF8w
ouro_castros	castros de Galicia	True	34315	8	20141002	Manu Guinarte	GALICIA NUNCA FUE CELTA - Los Castros	https://youtu.be/9U8AahPdxKs
ouro_castros	castros de Galicia	True	10975	7	20171002	BLV, edición y gestión audiovisual (BLV Info)	La cultura castreña. Castros en Galicia. PACC	https://youtu.be/dBpGeVAk5vM
ouro_castros	castros de Galicia	True	79989	51	20260502	World View - Documentales	Los Secretos de Galicia Antigua: La Civilización Celta | Documental - AD	https://youtu.be/N0zOdPD0lhA
ouro_castros	castros de Galicia	True	4071	35	20260202	Somos Celtas	CULTURA CASTREÑA | Analizando Castros del NO peninsular ‼️	https://youtu.be/nlOjQ1e97OE
ouro_castros	castros de Galicia	False	123806	3	20161002	Pasou o que pasou (arquivo da TVG)	Viaxe a Galicia do presidente de Cuba. Fidel Castro visita a casa natal do seu pai en Láncara	https://youtu.be/YEaUue0bwrY
ouro_castros	castros de Galicia	True	1258	4	20231002	Ceip San Clemente de Cesar	Vídeo 5 - Los Castros en Galicia	https://youtu.be/HD_CfadpTz0
ouro_castros	castros de Galicia	False	37067	2	20171002	Pasou o que pasou (arquivo da TVG)	Visita de Raúl Castro a Galicia no ano 2005	https://youtu.be/RXQGWsvVV2U
ouro_castros	castros de Galicia	False	236	15	20260920	Misterio Global	The 3,000-Year-Old Abandoned Village in Galicia… What Happened Here?	https://youtu.be/K4jbCmUmiEM
ouro_castros	castros de Galicia	True	4930	8	20181002	Ouroborus trece	CASTROS and CASTREXO CULTURE - GALICIA - 1	https://youtu.be/yFSONtXuKiI
ouro_castros	castros de Galicia	True	4087	19	20171002	INCIPIT - CSIC	La aventura del saber. El túnel del tiempo. TVE. Serie documental. Galicia 3. Castros	https://youtu.be/zVUkotSRhXc
ouro_castros	castros de Galicia	False	140546	12	20251202	The History Hub	El rincón olvidado de Europa: el secreto genético de Galicia	https://youtu.be/zlzykc0rUHg
ouro_castros	castros de Galicia	False	18495	11	20251002	Fundación Palarq	Cultura Castreña: La civilización de piedra que cambió Galicia para siempre	https://youtu.be/DFIgG0rROvw
ouro_castros	castros de Galicia	True	1057	1	20181002	Dree Your Own Weird	Ancient Castros of Galicia, Spain	https://youtu.be/SoFC9-mTeBc
ouro_castros	castros de Galicia	False	11685	51	20260402	World View - Documentary	The Celtic Legacy: The Lost Civilization of Galicia | Documentary Historical - AD	https://youtu.be/OZn3LXq14Zs
ouro_castros	castros de Galicia	False	733	16	20260928	Descubre Con Trasgu!	RECREATING the PAST in GALICIA	https://youtu.be/82dwCyFum-o
ouro_castros	castros de Galicia	True	1341	5	20191002	Isabella Durmiente	Castro de Baroña - Porto do Son (Galicia)	https://youtu.be/TMXCWemAr2s
ouro_castros	castros de Galicia	True	584	61	20181002	Rogelio Albers	Castros celtas Galicia	https://youtu.be/latFaPRAzJI
ouro_castros	oro de los castros torques	False	309	0	20171002	WatchShop	Fossil Jewellery Ladies' Rose Gold Plated Turquoise Torque Bangle (JF02641791)	https://youtu.be/SEW9fOo1xTY
ouro_castros	oro de los castros torques	False	113855	17	20221002	Luis Lovon	"HOW TO USE A CORDLESS DRILL" - USING THE TORQUE - LUIS LOVON	https://youtu.be/0jLAWVkkF4Y
ouro_castros	oro de los castros torques	False	407751	1	20221002	Implementos S.A.	Implementos "En el Camino" | Multiplicador de Torque	https://youtu.be/QEYxCBLDz60
ouro_castros	oro de los castros torques	False	605606	35	20121002	Cesar Antonio Izquierdo Merlo	Clase 6: Definición de Torque	https://youtu.be/qDlupqrk14U
ouro_castros	oro de los castros torques	True	308	4	20151002	Desde Galicia para el Mundo	DGPM 1119 LOS TORQUES REGRESAN AL MUSEO	https://youtu.be/Qoc9ikqdBEk
ouro_castros	oro de los castros torques	False	15639	4	20241002	Joel Alfaro	Hyundai Accent RB 1.4 G4LC engine cylinder head torque specs	https://youtu.be/as54oL0c70c
ouro_castros	oro de los castros torques	False	99563629	3	20251002	Jombriel	Jombriel, Ryan Castro, Alex Krack - Parte & Choke [Remix] (Video Oficial)	https://youtu.be/Av5nHC2tUWY
ouro_castros	oro de los castros torques	False	676	15	20260502	Resources Rising Stars	Torque Metals (ASX: TOR) - Craig Jones, CEO y Director General	https://youtu.be/abqigc8P_iY
ouro_castros	oro de los castros torques	False	179500	7	20221002	Mecanica en linea	Hyundai G4ED Engine Cylinder Head Torque	https://youtu.be/H-BNhI-vpRg
ouro_castros	oro de los castros torques	False	7386	3	20241002	Demian Caula Oficial	Demian Caula - Himno Montevideo City Torque	https://youtu.be/dil2nPrXQws
ouro_castros	oro de los castros torques	False	35033	14	20260918	Deporte Brutal 	PRENSA URUGUAYA LLORA DE FRUSTRACIÓN tras CAER ante CIENCIANO VS CITY TORQUE por la Sudamericana	https://youtu.be/9KqZXJjvGIM
ouro_castros	oro de los castros torques	False	89092	4	20221002	MkNk FACIL	Cylinder head torque sequence for Platina, Clio, Sandero, Megane, Laguna.	https://youtu.be/rJ0PFPlo-zQ
ouro_castros	oro de los castros torques	False	1088825	2	20251002	Royal Vibes	Ryan Castro, Westcol, Ovy On The Drums - SQ (W Sound 04)	https://youtu.be/KOZmzao0YfM
ouro_castros	oro de los castros torques	False	50974349	3	20260702	ConepMusicPR	Conep - After (Official Video)	https://youtu.be/6dfNMwl6sSM
ouro_castros	oro de los castros torques	False	19867043	3	20241002	Ryan Castro	RYAN CASTRO, ARCANGEL - PUEBLO DE MEDALLO (Video Oficial)	https://youtu.be/obMjnyHDwiU
ouro_castros	oro de los castros torques	False	34141471	3	20260402	W Sound	W Sound 08 “PICO Y CHAO” - Kris R, Westcol, Ovy On The Drums	https://youtu.be/fjOm_ezrA90
ouro_castros	oro de los castros torques	False	32358618	6	20151002	Carlos Pinto V.	Ave de Cristal  Los Kjarkas	https://youtu.be/pQsx7rlZ8rE
ouro_castros	oro de los castros torques	False	345015446	2	20231002	Ryan Castro	Ryan Castro, Peso Pluma - QUEMA 🔥 (Video Oficial)	https://youtu.be/aTcpp8La4T0
ouro_castros	oro de los castros torques	False	11228079	2	20251002	RadioReggaeton	Ryan Castro, Dongo - SANKA (LETRA)	https://youtu.be/y-hUk7i6Muk
ouro_castros	oro de los castros torques	False	947	3	20191002	El Del Torque	El Del Torque - Se Lo Que Te Gusta (Prod. By EDT Music)	https://youtu.be/TJAw24S8J6o
ouro_castros	Gallaecia romana oro	True	797	5	20191002	Minería Sostenible de Galicia	As Raíces da Galicia Industrial - O ouro do Sil	https://youtu.be/NAuf9_9zXXQ
ouro_castros	Gallaecia romana oro	True	30	4	20241002	Blog Lvcvs Avgvsti	El oro de Roma en Gallaecia	https://youtu.be/XgGagT4uM0M
ouro_castros	Gallaecia romana oro	False	169745	30	20241002	Isaac Moreno Gallo	THREE MINES. The great Roman open-pit gold mine	https://youtu.be/h2uS11riVDg
ouro_castros	Gallaecia romana oro	True	4735	1	20251202	Carlos Prado Pampín	Buscando oro en el río Miño	https://youtu.be/acatpv23_oU
ouro_castros	Gallaecia romana oro	True	726	63	20181002	Museo Arqueológico Nacional de España	La minería romana de oro en la Bessa (Biella, Italia). Precedente  de la minería en Hispania	https://youtu.be/13AlUvADjpw
ouro_castros	Gallaecia romana oro	True	1933	16	20221002	El Canal Gamberro	Regreso a las minas de oro abandonadas. Nos aventuramos por galerías muy peligrosas || URBEX GALICIA	https://youtu.be/wd8nOL5K2_M
ouro_castros	Gallaecia romana oro	True	136	82	20181002	Libraría Cartabón	A invención da Gallaecia e a minaría do ouro	https://youtu.be/27FD0T-elbQ
ouro_castros	Gallaecia romana oro	False	16137	2	20191002	JAVIER FERNÁNDEZ LOZANO	El mayor complejo aurífero romano (León)/The largest gold district in Roman times (NW Spain)	https://youtu.be/VlI__49h9zI
ouro_castros	Gallaecia romana oro	True	790	76	20161002	UNED INTECCA	Génesis y evolución de la Gallaecia durante las épocas romana y altomedieval - Antonio Rodríguez	https://youtu.be/a7ots_29paA
ouro_castros	Gallaecia romana oro	True	39	0	20231002	¡Una que otras cosillas!..	Orense, Galicia (ESPAÑA). "La ciudad del oro"	https://youtu.be/YvDdu_Docqw
ouro_castros	Gallaecia romana oro	True	2475	2	20171002	Producciones Montana	Montefurado - Subterraneo de Galicia - Producciones Montana	https://youtu.be/Ngh0mcFGaJ4
ouro_castros	Gallaecia romana oro	True	4633	1	20181002	La Región	La mina de oro romana en Oira	https://youtu.be/xFIqtRTmivQ
ouro_castros	Gallaecia romana oro	True	2846	3	20181002	Javier Prieto Gallego	Sendero de las Minas Romanas de Pino del Oro * Guía de viaje	https://youtu.be/TASnyP9y90A
ouro_castros	Gallaecia romana oro	True	331	5	20131002	Paula Santiago	Gallaecia Legado romano	https://youtu.be/0Guff_D8uBM
ouro_castros	Gallaecia romana oro	True	179771	11	20241002	Isaac Moreno Gallo	MONTEFURADO - A gold mine under the river	https://youtu.be/SsPVqArNz0k
ouro_castros	Gallaecia romana oro	True	728	9	20231002	Naturaleza made in Galicia	Playa de Ponzos II, Mina de Oro.	https://youtu.be/OIi9L61r6Po
ouro_castros	Gallaecia romana oro	False	121220	6	20201002	EL PAÍS	COLTÁN ESPAÑOL | Esta es la mina GALLEGA donde se extrae el ORO NEGRO | REPORTAJE	https://youtu.be/jPWSyLYF7I0
ouro_castros	Gallaecia romana oro	True	882	67	20171002	Museo Arqueológico Nacional de España	El oro de Tresminas (Paisaje cultural y tecnología minera romana)	https://youtu.be/MK3HjgtNmO0
ouro_castros	Gallaecia romana oro	False	3478	4	20201002	cirroestrato	El Monte Furado romano del río Pentes, Barxa, A Gudiña, Ourense. 4K	https://youtu.be/ATjRH4-U3uo
ouro_castros	Gallaecia romana oro	False	1780	2	20191002	JAVIER FERNÁNDEZ LOZANO	Minería aurífera romana en el Teleno Antena 3 Noticias	https://youtu.be/gqdNOuemsu4
ouro_castros	cultura castrexa	False	18495	11	20251002	Fundación Palarq	Cultura Castreña: La civilización de piedra que cambió Galicia para siempre	https://youtu.be/DFIgG0rROvw
ouro_castros	cultura castrexa	True	1581	4	20111002	Sadageli	cultura castrexa	https://youtu.be/sVEAGv1Dl6c
ouro_castros	cultura castrexa	True	4071	35	20260202	Somos Celtas	CULTURA CASTREÑA | Analizando Castros del NO peninsular ‼️	https://youtu.be/nlOjQ1e97OE
ouro_castros	cultura castrexa	True	109835	12	20260102	El Mundo Único	La España Que Existía Antes de Roma: Los Castros Celtas	https://youtu.be/RR1JLzDYF8w
ouro_castros	cultura castrexa	True	4087	19	20171002	INCIPIT - CSIC	La aventura del saber. El túnel del tiempo. TVE. Serie documental. Galicia 3. Castros	https://youtu.be/zVUkotSRhXc
ouro_castros	cultura castrexa	True	38	2	20260502	Cultura de Galicia	Castro de Quenxe (Corcubión) - Campaña arqueolóxica 2025	https://youtu.be/mRng1IOmaoE
ouro_castros	cultura castrexa	False	112	51	20260902	SitocamTV 🎥 Operador de Cámara en València 	Documentary Series "The Moving Dune" RTVE (The Hidden Face of the Hillforts) (08/20/1985)	https://youtu.be/3YaYsfCrhBk
ouro_castros	cultura castrexa	True	1603	0	20191002	Turismo de Galicia	Parque Arqueolóxico da Cultura Castrexa - San Cibrao de Las	https://youtu.be/Ni8f0gnD8WY
ouro_castros	cultura castrexa	True	584	61	20181002	Rogelio Albers	Castros celtas Galicia	https://youtu.be/latFaPRAzJI
ouro_castros	cultura castrexa	True	401	4	20231002	Ceip San Clemente de Cesar	Así Vestían Os Castrexos	https://youtu.be/OCpQkKtyRXg
ouro_castros	cultura castrexa	True	79989	51	20260502	World View - Documentales	Los Secretos de Galicia Antigua: La Civilización Celta | Documental - AD	https://youtu.be/N0zOdPD0lhA
ouro_castros	cultura castrexa	True	4930	8	20181002	Ouroborus trece	CASTROS and CASTREXO CULTURE - GALICIA - 1	https://youtu.be/yFSONtXuKiI
ouro_castros	cultura castrexa	True	71	1	20141002	Galicia Auténtica	Cuntis " A Cultura Castrexa"	https://youtu.be/kc6FeBR2r2M
ouro_castros	cultura castrexa	True	10975	7	20171002	BLV, edición y gestión audiovisual (BLV Info)	La cultura castreña. Castros en Galicia. PACC	https://youtu.be/dBpGeVAk5vM
ouro_castros	cultura castrexa	True	213	13	20260911	Fran Contreras	A Guarda /La Guardia, los secretos del Castro de Santa Tecla (Primera Parte) 	https://youtu.be/wH1WCfIbfsc
ouro_castros	cultura castrexa	True	609	8	20211002	Nós Diario	Descobre todos os segredos que agochan os castros galegos	https://youtu.be/d_WK7a8fYy0
ouro_castros	cultura castrexa	True	160	4	20211002	Arde Lucus	Proceso de elaboración da cerámica castrexa. Diferenzas no tempo. ARH Tir Na N´Og	https://youtu.be/eSQtok7KxO4
ouro_castros	cultura castrexa	True	193	0	20151002	Telemiño Ourense	Parque cultura castrexa primer año	https://youtu.be/o89MWApR1E4
ouro_castros	cultura castrexa	True	85	1	20141002	Galicia Auténtica	Cuntis "A Cultura Castrexa II"	https://youtu.be/up1tC9EqrKk
ouro_castros	cultura castrexa	True	908	2	20171002	André Pena	A CULTURA CASTREXA INEXISTENTE	https://youtu.be/x_bxiYU5YSA
suevos	reino suevo	True	12963	18	20260602	Historia con H	¿Por qué la historia OLVIDÓ al Reino Suevo? | La verdad detrás de su caída	https://youtu.be/W6P22r6btDE
suevos	reino suevo	True	165679	26	20251002	Crónicas de la Historia	El Reino SUEVO de GALLAECIA ¿El primer reino medieval de Occidente?	https://youtu.be/mGvhOHynN0I
suevos	reino suevo	True	69778	29	20241002	La Historia de España - Memorias Hispánicas	La historia del Reino suevo de Gallaecia	https://youtu.be/bmBtjEu2EXA
suevos	reino suevo	True	376443	81	20231002	Fundación Juan March	Los visigodos (III) | Los suevos: primer reino independiente posromano  | La March	https://youtu.be/MSx-2qjw__A
suevos	reino suevo	True	29599	22	20260502	Historia con H	El Origen del reino SUEVO: La causa del Particularismo GALLEGO	https://youtu.be/UJxCsvxlKn4
suevos	reino suevo	False	55472	38	20260202	Codigo Humano ES	SUEBI: The Forgotten Kingdom of Galicia — 200 Years of History that Changed Spain	https://youtu.be/kHKbtF6hsyQ
suevos	reino suevo	True	5262	57	20231002	CELTFLIX	O Reino Suevo de Galicia - Parte 1 (Documental) TV GALICIA	https://youtu.be/HQFOzWauKxk
suevos	reino suevo	True	10067	37	20241002	La Historia de España - Memorias Hispánicas	El apogeo del Reino suevo	https://youtu.be/4qw7v4KOUMU
suevos	reino suevo	True	133130	49	20171002	Mega Medieval	GERMANIA (Los Suevos)  -  Documentales	https://youtu.be/Vrkp7p6lQJE
suevos	reino suevo	True	50397	83	20231002	BELLUMARTIS HISTORIA MILITAR	LOS SUEVOS, ORIGEN Y LA INVASIÓN DE HISPANIA. ** Zoilo Hernández **	https://youtu.be/LpUZH9me0uk
suevos	reino suevo	True	119478	6	20211002	Canal Medieval	Reino Suevo: el primer reino católico de Europa	https://youtu.be/Qb1j-9CNA48
suevos	reino suevo	True	2456	80	20260602	Pergaminos Olvidados	SUEVOS: DUERME ESCUCHANDO LA HISTORIA COMPLETA | DOCUMENTAL DE HISTORIA PARA DESCANSAR Y DORMIR	https://youtu.be/bQBJMapRKQA
suevos	reino suevo	False	4273	13	20260502	Histórias, Mitos e Lendas de Portugal 	The Kingdom that Portugal Forgot - The Legacy of the Suebi	https://youtu.be/q4gWc6TGIfo
suevos	reino suevo	True	4011	112	20260302	Vercingétorix	La Verdadera Historia de los Suevos | La Historia Completa del Primer Reino Germánico en Hispania	https://youtu.be/AYDhVpO5UdE
suevos	reino suevo	False	4229	12	20260702	Mira la Historia / Mitologia	THE FIRST KINGDOM OF EUROPE: The History of the Suebi in the Iberian Peninsula	https://youtu.be/AA4uFL3XpII
suevos	reino suevo	True	593	43	20260202	Comunidade Odinista de Galicia COE Asatrú	Paganismo del Reino Suevo en Gallaecia	https://youtu.be/U3-c4spqoZY
suevos	reino suevo	True	120	98	20261001	The Origins of History	La historia completa de los suevos (409–585 d. C.)	https://youtu.be/zSqLpXjZGIg
suevos	reino suevo	True	12085	57	20221002	Burla Negra 🏴‍☠️	📼 O Reino Suevo da Galiza | Parte II (Documentario Completo en Galego, 2019)	https://youtu.be/sfeaGJcfJXQ
suevos	reino suevo	True	38927	14	20251002	Geo-História Lusófona	SUEVI: The People Who Laid the Foundations of What Is Now Portugal!	https://youtu.be/dVcS7er3h8o
suevos	reino suevo	False	31035	14	20260202	Histórias Romanas and Histórias Milenares	The First Kingdom of Europe: The History of the Suebi in the Iberian Peninsula	https://youtu.be/v8TwCtSnQxw
suevos	reino suevo de Galicia	True	5262	57	20231002	CELTFLIX	O Reino Suevo de Galicia - Parte 1 (Documental) TV GALICIA	https://youtu.be/HQFOzWauKxk
suevos	reino suevo de Galicia	True	165679	26	20251002	Crónicas de la Historia	El Reino SUEVO de GALLAECIA ¿El primer reino medieval de Occidente?	https://youtu.be/mGvhOHynN0I
suevos	reino suevo de Galicia	True	23820	62	20221002	Burla Negra 🏴‍☠️	📼 O Reino Suevo da Galiza | Parte I (Documentario Completo en Galego, 2019)	https://youtu.be/ZeAZynEKiyA
suevos	reino suevo de Galicia	True	69778	29	20241002	La Historia de España - Memorias Hispánicas	La historia del Reino suevo de Gallaecia	https://youtu.be/bmBtjEu2EXA
suevos	reino suevo de Galicia	True	376443	81	20231002	Fundación Juan March	Los visigodos (III) | Los suevos: primer reino independiente posromano  | La March	https://youtu.be/MSx-2qjw__A
suevos	reino suevo de Galicia	True	2151	57	20231002	CELTFLIX	O Reino Suevo de Galicia - Parte 2 (Documental) TV GALICIA	https://youtu.be/qQS2UmX0ljo
suevos	reino suevo de Galicia	True	29599	22	20260502	Historia con H	El Origen del reino SUEVO: La causa del Particularismo GALLEGO	https://youtu.be/UJxCsvxlKn4
suevos	reino suevo de Galicia	False	55472	38	20260202	Codigo Humano ES	SUEBI: The Forgotten Kingdom of Galicia — 200 Years of History that Changed Spain	https://youtu.be/kHKbtF6hsyQ
suevos	reino suevo de Galicia	True	50397	83	20231002	BELLUMARTIS HISTORIA MILITAR	LOS SUEVOS, ORIGEN Y LA INVASIÓN DE HISPANIA. ** Zoilo Hernández **	https://youtu.be/LpUZH9me0uk
suevos	reino suevo de Galicia	True	119478	6	20211002	Canal Medieval	Reino Suevo: el primer reino católico de Europa	https://youtu.be/Qb1j-9CNA48
suevos	reino suevo de Galicia	True	133130	49	20171002	Mega Medieval	GERMANIA (Los Suevos)  -  Documentales	https://youtu.be/Vrkp7p6lQJE
suevos	reino suevo de Galicia	True	12963	18	20260602	Historia con H	¿Por qué la historia OLVIDÓ al Reino Suevo? | La verdad detrás de su caída	https://youtu.be/W6P22r6btDE
suevos	reino suevo de Galicia	True	24788	17	20191002	NSR Nobles Scutarii Rex	Histórico | Regnum Suevorum | El Reino Suevo de Gallaecia	https://youtu.be/8oFbtZRvZzY
suevos	reino suevo de Galicia	True	10067	37	20241002	La Historia de España - Memorias Hispánicas	El apogeo del Reino suevo	https://youtu.be/4qw7v4KOUMU
suevos	reino suevo de Galicia	True	21463	10	20231002	Falemos Do Reino de Galicia	Seguimos a ter algo de suevos?	https://youtu.be/_wp3MRoR_FY
suevos	reino suevo de Galicia	False	4229	12	20260702	Mira la Historia / Mitologia	THE FIRST KINGDOM OF EUROPE: The History of the Suebi in the Iberian Peninsula	https://youtu.be/AA4uFL3XpII
suevos	reino suevo de Galicia	True	983	0	20221002	Telemiño Ourense	La serie documental O Reino Suevo de Galicia, premio del público en la FICAB	https://youtu.be/PSvRTE0LVoM
suevos	reino suevo de Galicia	False	2344670	9	20191002	CARKI PRODUCTIONS	HISTORIA DE GALICIA EN 10 MINUTOS	https://youtu.be/7MkzADeTqlY
suevos	reino suevo de Galicia	True	593	43	20260202	Comunidade Odinista de Galicia COE Asatrú	Paganismo del Reino Suevo en Gallaecia	https://youtu.be/U3-c4spqoZY
suevos	reino suevo de Galicia	True	166	13	20251002	“Viajero en el Tiempo | Historia y Geopolítica”	"The Suevi Kingdom of Galicia: The First Medieval State in the West"	https://youtu.be/4VDsTMdpvdI
suevos	suevos Gallaecia	True	165679	26	20251002	Crónicas de la Historia	El Reino SUEVO de GALLAECIA ¿El primer reino medieval de Occidente?	https://youtu.be/mGvhOHynN0I
suevos	suevos Gallaecia	False	55472	38	20260202	Codigo Humano ES	SUEBI: The Forgotten Kingdom of Galicia — 200 Years of History that Changed Spain	https://youtu.be/kHKbtF6hsyQ
suevos	suevos Gallaecia	True	5262	57	20231002	CELTFLIX	O Reino Suevo de Galicia - Parte 1 (Documental) TV GALICIA	https://youtu.be/HQFOzWauKxk
suevos	suevos Gallaecia	True	69778	29	20241002	La Historia de España - Memorias Hispánicas	La historia del Reino suevo de Gallaecia	https://youtu.be/bmBtjEu2EXA
suevos	suevos Gallaecia	True	376443	81	20231002	Fundación Juan March	Los visigodos (III) | Los suevos: primer reino independiente posromano  | La March	https://youtu.be/MSx-2qjw__A
suevos	suevos Gallaecia	True	50397	83	20231002	BELLUMARTIS HISTORIA MILITAR	LOS SUEVOS, ORIGEN Y LA INVASIÓN DE HISPANIA. ** Zoilo Hernández **	https://youtu.be/LpUZH9me0uk
suevos	suevos Gallaecia	True	29599	22	20260502	Historia con H	El Origen del reino SUEVO: La causa del Particularismo GALLEGO	https://youtu.be/UJxCsvxlKn4
suevos	suevos Gallaecia	True	133130	49	20171002	Mega Medieval	GERMANIA (Los Suevos)  -  Documentales	https://youtu.be/Vrkp7p6lQJE
suevos	suevos Gallaecia	False	6474	10	20260402	Punto de Historia 	Celtic DNA or Suebian DNA the origin of Galicia	https://youtu.be/8fT216CPnB8
suevos	suevos Gallaecia	True	23	10	20260702	Roma Tarda	LOS SUEVOS EN GALICIA: el reino olvidado de Gallaecia	https://youtu.be/BQzG_0dnDyk
suevos	suevos Gallaecia	True	12963	18	20260602	Historia con H	¿Por qué la historia OLVIDÓ al Reino Suevo? | La verdad detrás de su caída	https://youtu.be/W6P22r6btDE
suevos	suevos Gallaecia	True	4011	112	20260302	Vercingétorix	La Verdadera Historia de los Suevos | La Historia Completa del Primer Reino Germánico en Hispania	https://youtu.be/AYDhVpO5UdE
suevos	suevos Gallaecia	True	593	43	20260202	Comunidade Odinista de Galicia COE Asatrú	Paganismo del Reino Suevo en Gallaecia	https://youtu.be/U3-c4spqoZY
suevos	suevos Gallaecia	True	2151	57	20231002	CELTFLIX	O Reino Suevo de Galicia - Parte 2 (Documental) TV GALICIA	https://youtu.be/qQS2UmX0ljo
suevos	suevos Gallaecia	True	21463	10	20231002	Falemos Do Reino de Galicia	Seguimos a ter algo de suevos?	https://youtu.be/_wp3MRoR_FY
suevos	suevos Gallaecia	True	563	3	20260902	Hello world	Historia de los suevos: el primer reino medieval de Europa occidental	https://youtu.be/HWCcRG_C6Y0
suevos	suevos Gallaecia	True	317	29	20251002	Historia de las Tribus Humanas	¿Quiénes fueron los suevos? El pueblo germano que conquistó la antigua Hispania	https://youtu.be/S5O5wyGUU30
suevos	suevos Gallaecia	True	2456	80	20260602	Pergaminos Olvidados	SUEVOS: DUERME ESCUCHANDO LA HISTORIA COMPLETA | DOCUMENTAL DE HISTORIA PARA DESCANSAR Y DORMIR	https://youtu.be/bQBJMapRKQA
suevos	suevos Gallaecia	True	13104	5	20231002	Enciclopédia de História	The Germanic Kingdom of Gallaecia	https://youtu.be/Qfqu2-vk_eY
suevos	suevos Gallaecia	True	341	5	20260202	Misterios Militates y Bélicos	El Reino Suevo de Galicia: El Primer Reino de España	https://youtu.be/FqODj1BNcGk
suevos	Suebian kingdom	False	399681	27	20241002	The Histories	Who were the Suebi?	https://youtu.be/_o6XPPxARmY
suevos	Suebian kingdom	False	106239	16	20231002	Ancient Sight	The Kingdom of the Suebi	https://youtu.be/yUFj-bdaqzE
suevos	Suebian kingdom	False	100	9	20251202	The Dusty Codex	The Forgotten Empire of SPAIN: The Suebi Kingdom (Beyond the Goths)	https://youtu.be/SdgHzIOe3Lo
suevos	Suebian kingdom	False	5527	56	20241002	ASMR Historian	History of the Kingdom of the Suebi  | Human Voiced, No Ads	https://youtu.be/QHXRulHbC2o
suevos	Suebian kingdom	False	2118	27	20241002	New History of Spain	History of the Kingdom of the Suebi | Full Documentary	https://youtu.be/7IqG90GzU04
suevos	Suebian kingdom	False	3806	13	20260702	See U in History / Mythology	THE FIRST KINGDOM OF EUROPE: The Story of the Suebi in the Iberian Peninsula	https://youtu.be/b9GOprd-yEc
suevos	Suebian kingdom	True	120	98	20261001	The Origins of History	The Entire History of the Suevi (409–585 AD)	https://youtu.be/zSqLpXjZGIg
suevos	Suebian kingdom	False	1670	11	20260502	Robert's Vignettes	Vignettes of History: Kingdom of the Suebi	https://youtu.be/uhwsdpyLKb8
suevos	Suebian kingdom	False	181640	26	20201002	The Symposium	The Suebi Reign of Terror	https://youtu.be/lbk-o8FMhcM
suevos	Suebian kingdom	False	1454	219	20251002	Historical	The Kingdom of the Suebi: The First Germanic Kingdom in Iberia	https://youtu.be/baos_RTU5oU
suevos	Suebian kingdom	False	11377	88	20260911	Chompu’s Boring Empire	The Rise and Fall of the Suebi: The Barbarian Warriors Who Challenged Rome and Built a Kingdom	https://youtu.be/z20uVByCzlg
suevos	Suebian kingdom	False	241	114	20260302	History Unlocked	The Suebi: The First Germanic Kingdom in Western Europe	https://youtu.be/THgMKvPlokI
suevos	Suebian kingdom	False	32	26	20260302	Historiass Romanas tales	The First Kingdom of Europe: The History of the Suebi in the Iberian Peninsula	https://youtu.be/bPmpuq9V_jg
suevos	Suebian kingdom	False	960	36	20241002	New History of Spain	The Rise and Fall of the Kingdom of the Suebi	https://youtu.be/DDqQ6cTJam4
suevos	Suebian kingdom	False	23	21	20260930	Empire Atlas 	Axes, Faith and Betrayal: The Untold Story of Pre-Muslim Iberia	https://youtu.be/BdYDGzuGZ6U
suevos	Suebian kingdom	False	452	5	20211002	Eat To My Own Beat	Kingdom of the Suebi - Episode 37 -  History of Portugal	https://youtu.be/1Nyqz5sl9ok
suevos	Suebian kingdom	False	3062	21	20161002	WikiAudio	Kingdom of the Suebi	https://youtu.be/EmtNG08qwW8
suevos	Suebian kingdom	False	444	44	20260925	Vanko History	Who Were the Suebi? The Kingdom of the Suebi Explained	https://youtu.be/EJcKp8KOBI8
suevos	Suebian kingdom	False	26	219	20260202	Geographical Extended	The Rise and Fall of the Kingdom of the Suebi  The Battle for Survival	https://youtu.be/seF91qVUMYE
suevos	Suebian kingdom	False	512782	23	20251002	Brofessor Stein	Every Major Germanic Tribe Explained By a German	https://youtu.be/O_iMPsrwMog
ribarteme	Santa Marta de Ribarteme	True	467	1	20221002	Atlántico	Santa Marta de Ribarteme regresa... sin ataúdes	https://youtu.be/VMaWLnHbHFk
ribarteme	Santa Marta de Ribarteme	True	3103	0	20091002	La Voz de Galicia	Procesión de Santa Marta de Ribarteme	https://youtu.be/Yr5clQoej8Q
ribarteme	Santa Marta de Ribarteme	True	5330	3	20161002	Pasou o que pasou (arquivo da TVG)	A romaxe dos cadaleitos de Santa Marta de Ribarteme en 1986	https://youtu.be/mPXgfatD7Ls
ribarteme	Santa Marta de Ribarteme	False	3615	0	20181002	euronews	Watch: Spanish town hosts annual Festival of Near-Death Experiences	https://youtu.be/f3npcr77PNY
ribarteme	Santa Marta de Ribarteme	True	539	2	20231002	Oeste Marketing	Momentos en Romería Santa Marta de Ribarteme	https://youtu.be/hrBalT0XCIM
ribarteme	Santa Marta de Ribarteme	True	10999	1	20161002	ZoomingTravel	Near Death Experiences Pilgrimage - Santa Marta de Ribarteme	https://youtu.be/Y1lceSDI2XY
ribarteme	Santa Marta de Ribarteme	False	278	103	20260802	Producciones Carrasco Oficial	-(4K) "PROCESIÓN DE SANTA MARTA" Martos 29 de Julio del 2026 (4k)-	https://youtu.be/dKr6SZF-D4Q
ribarteme	Santa Marta de Ribarteme	False	9424	12	20171002	DW Documentary	Spain: a festival of life and death | DW Documentary	https://youtu.be/6Ruzivpk8Vg
ribarteme	Santa Marta de Ribarteme	True	628	11	20251002	Televisión de Galicia	A ROMARÍA de Santa Marta de RIBARTEME: ¡Dentro dun ATAÚD! ⚰️	https://youtu.be/M2mkOfZN-9g
ribarteme	Santa Marta de Ribarteme	True	1297	1	20171002	Televisión de Galicia	Vaia Troula - A procesión dos cadaleitos de Santa Marta de Ribarteme	https://youtu.be/uJSHM2Gsk1I
ribarteme	Santa Marta de Ribarteme	True	119	0	20241002	Mónica González	ROMERÍA DE SANTA MARTA DE RIBARTEME, AS NEVES  2	https://youtu.be/7aYLtUR8uxk
ribarteme	Santa Marta de Ribarteme	False	612	19	20260802	Nació en la Cava	Procesión de Santa Marta de la Algaba en 2026. Incluye salida 	https://youtu.be/w8C1k-IeRqo
ribarteme	Santa Marta de Ribarteme	True	429	2	20141002	Ignacio Grilo	santamartaderibartemevideo	https://youtu.be/Q7M0bT-RUKQ
ribarteme	Santa Marta de Ribarteme	True	4195	15	20141002	JOSE MARIA MORENO GARCIA	Romería de Santa Marta de Ribarteme 2014	https://youtu.be/3xNxX7FMHHY
ribarteme	Santa Marta de Ribarteme	True	10797	0	20091002	La Voz de Galicia	Procesión de Santa Marta de Ribarteme II	https://youtu.be/DK4q-_022sY
ribarteme	Santa Marta de Ribarteme	True	6726	2	20131002	José Daneta	Salida de la procesion de Santa Marta de Ribarteme en As Neves	https://youtu.be/KwV3lgw6A_Q
ribarteme	Santa Marta de Ribarteme	True	1995	3	20181002	AP Archive	Tiny Spanish village parades near-death survivors in coffin festival	https://youtu.be/YN-woNLO16E
ribarteme	Santa Marta de Ribarteme	True	122	0	20241002	Mónica González	ROMERÍA DE SANTA MARTA DE RIBARTEME, AS NEVES 1	https://youtu.be/jzeZuamZSDc
ribarteme	Santa Marta de Ribarteme	True	153	0	20221002	Eva Conde-Corbal	Santa Marta de Ribarteme: ¿devoción o espectáculo?	https://youtu.be/5CVC3I5pTKo
ribarteme	Santa Marta de Ribarteme	True	2985	5	20121002	FlorodelMonte	Santa Marta de Ribarteme.	https://youtu.be/7gkharZZy9s
ribarteme	procesión de los ataúdes Galicia	True	1866	1	20191002	EL TIEMPO	La procesión de ataúdes abiertos de un pueblo español | EL TIEMPO	https://youtu.be/TN6vsgVjYXA
ribarteme	procesión de los ataúdes Galicia	True	2729	9	20191002	Michele Bergamini	Procession of the Coffins .....the "living dead" of S.MARTA of RIBARTEME (GALICIA)	https://youtu.be/gN_ak6kolnQ
ribarteme	procesión de los ataúdes Galicia	True	1425	1	20191002	AFP Español	La procesión de ataúdes abiertos de un pueblo español | AFP	https://youtu.be/RkKNGUPB3f4
ribarteme	procesión de los ataúdes Galicia	True	241	1	20231002	anto la curiosa	Sabias que? Una Procesión llena de Ataúdes,A  Pobra Do Caramiñal, Galicia	https://youtu.be/z6ObIwRDTo0
ribarteme	procesión de los ataúdes Galicia	True	26379	2	20181002	AGENCIA EFE	Desfilan en ataúdes en Galicia quienes esquivaron a la muerte	https://youtu.be/JWovo5cYZRo
ribarteme	procesión de los ataúdes Galicia	True	18677	1	20121002	WiGumAthletic1	Romería de Ataúdes - Fiesta rarísima en Galicia	https://youtu.be/Di-WbETXMe8
ribarteme	procesión de los ataúdes Galicia	True	634	0	20221002	Eva Conde-Corbal	Tercer año sin procesión de ataúdes en Santa Marta de Ribarteme	https://youtu.be/Yi60Foy84bw
ribarteme	procesión de los ataúdes Galicia	True	9382	5	20161002	La Fiebre Del Ocio	Procesion de Ataudes	https://youtu.be/ZbhHasLVR24
ribarteme	procesión de los ataúdes Galicia	True	4649	2	20231002	Atlántico	Vuelven los ataúdes a la procesión de Santa Marta de Ribarteme	https://youtu.be/pG1Qu3PNRwk
ribarteme	procesión de los ataúdes Galicia	True	1364	10	20141002	Via Televisión	Cuatro ataudes procesionan en Santa Marta de Ribarteme (As Neves)	https://youtu.be/0I2-o9XJNF4
ribarteme	procesión de los ataúdes Galicia	True	21086	1	20151002	LDcultura	A procession of open coffins, among the strangest celebrations in the world	https://youtu.be/SfvDPC5witE
ribarteme	procesión de los ataúdes Galicia	False	16684	10	20171002	VICE en Español	Ibérica: Resucitar en Galicia	https://youtu.be/4vWiWwiVmic
ribarteme	procesión de los ataúdes Galicia	False	341	2	20251002	Cajón de arena	Procesión de las mortajas. Pobra do Caramiñal. Que ver en Galicia	https://youtu.be/-yLj8CmFSCY
ribarteme	procesión de los ataúdes Galicia	True	249	1	20171002	V television Galicia	The coffin procession, the second strangest festival in the world according to The Guardian	https://youtu.be/TCPtxaNip-o
ribarteme	procesión de los ataúdes Galicia	True	370	1	20191002	Gestión Mundo	Desfilar en ataúdes en vida, la tradición que desafía a la muerte	https://youtu.be/dWq34hQ8-Fs
ribarteme	procesión de los ataúdes Galicia	True	2596	13	20191002	Beat D. Hebeisen	Very Much Alive - Coffin Procession	https://youtu.be/WDXGIcUB-Ww
ribarteme	procesión de los ataúdes Galicia	True	134	1	20171002	V television Galicia	A Pobra celebra su procesión de ataúdes	https://youtu.be/cdYv-mvEKDM
ribarteme	procesión de los ataúdes Galicia	True	1003	1	20221002	Galiciaé Xornal Galego	Los ataúdes regresan a Xende	https://youtu.be/S4mT7T9_ZMM
ribarteme	procesión de los ataúdes Galicia	True	188	1	20231002	Mundo! TV	Pasear metido dentro de un ataúd, así es esta fiesta gallega #mundotv	https://youtu.be/szJFxDj7Oy4
ribarteme	procesión de los ataúdes Galicia	True	1927	12	20151002	NTN24	Coffin parade in Spain: the unique festival where people celebrate life	https://youtu.be/oIO15j-Sw7Q
ribarteme	romerías raras de Galicia	True	26379	2	20181002	AGENCIA EFE	Desfilan en ataúdes en Galicia quienes esquivaron a la muerte	https://youtu.be/JWovo5cYZRo
ribarteme	romerías raras de Galicia	True	1204	5	20260911	Atlántico	A Caniza celebra la tradicional romería de A Franqueira con lasvacas y la danza	https://youtu.be/quHyunR8xVY
ribarteme	romerías raras de Galicia	True	899	16	20260918	videoXIAN	Romería de la Virgen de la Barca de Muxía 2025 - Galicia	https://youtu.be/UYQv541OLa4
ribarteme	romerías raras de Galicia	True	249	1	20171002	V television Galicia	The coffin procession, the second strangest festival in the world according to The Guardian	https://youtu.be/TCPtxaNip-o
ribarteme	romerías raras de Galicia	False	81872	1	20260502	JANUS	ROMERÍA - Official Trailer	https://youtu.be/da3CAnPA_EM
ribarteme	romerías raras de Galicia	True	6	2	20251002	Exprimehistorias	ataudes en romeria #religion #romeria #promesas #curaciones	https://youtu.be/57yQ3jgWaz0
ribarteme	romerías raras de Galicia	False	39458	4	20151002	Donde Vamos Eva	Fiestas tradicionales y populares: Romeria Vikinga de Catoira - Pontevedra (Galicia) Spain	https://youtu.be/posbLizh9e0
ribarteme	romerías raras de Galicia	False	10456	1	20260502	PalaceFilms	ROMERÍA - Official HD Trailer - Only In Cinemas	https://youtu.be/tE1m4YbmyZE
ribarteme	romerías raras de Galicia	False	6706	6	20241002	EL ESPAÑOL	Inside the Viking pilgrimage of Catoira (Galicia), which has commemorated the Norman invasions si...	https://youtu.be/TSzEEq4vbIw
ribarteme	romerías raras de Galicia	False	33890	37	20231002	Aventurero Elliot en ESPAÑOL 	Conocí la fiesta MÁS GUARRA y SALVAJE de TODO ESPAÑA | GALICIA	https://youtu.be/O66G1GnuK1A
ribarteme	romerías raras de Galicia	True	21086	1	20151002	LDcultura	A procession of open coffins, among the strangest celebrations in the world	https://youtu.be/SfvDPC5witE
ribarteme	romerías raras de Galicia	True	102	27	20260911	Romería da Virxe da Barca de Muxía	Reportaje France 3 TV (Bretagne) - Romería Virxe da Barca 2025	https://youtu.be/7JUbmXYUnbA
ribarteme	romerías raras de Galicia	False	2006	20	20251002	About Galicia	The WILDEST PARTY in GALICIA: VIKING PARTY of CATOIRA, Pontevedra, Galicia (Spain)	https://youtu.be/FngPU_Fx4f4
ribarteme	romerías raras de Galicia	False	6152	7	20141002	CSCondeVlog	VIKING FESTIVAL 2014	https://youtu.be/bctboyH215Q
ribarteme	romerías raras de Galicia	False	3710	12	20241002	Cat dog travels	Catoira Viking Festival | Galicia's Most Spectacular Celebration	https://youtu.be/jhdJNW8OkpY
ribarteme	romerías raras de Galicia	True	241	1	20231002	anto la curiosa	Sabias que? Una Procesión llena de Ataúdes,A  Pobra Do Caramiñal, Galicia	https://youtu.be/z6ObIwRDTo0
ribarteme	romerías raras de Galicia	True	634	0	20221002	Eva Conde-Corbal	Tercer año sin procesión de ataúdes en Santa Marta de Ribarteme	https://youtu.be/Yi60Foy84bw
ribarteme	romerías raras de Galicia	False	3338	8	20221002	Ruralzoom	The CRAZIEST, Funniest, and Weirdest Village FIESTAS in Spain | Original and Curious Traditions	https://youtu.be/hRvMRQX-Pak
ribarteme	romerías raras de Galicia	True	284	2	20191002	Tuitealo	La extraña tradición de meterse a un ataúd estando vivo	https://youtu.be/WpCuL3n-UkQ
ribarteme	romerías raras de Galicia	True	9	4	20260926	Terra Nai Galicia	Romería dos mortos vivos	https://youtu.be/KzmRXxpiCAs
horreos	hórreos de Galicia historia	False	176	8	20251102	Maravillas del Mundo	Galician granaries: guardians of grain and history.	https://youtu.be/bVtg-NS0pig
horreos	hórreos de Galicia historia	True	131	6	20260502	El Rincon de Ernesto MV: Belleza y Curiosidad	HORREOS DE GALICIA   Un paseo por nuestra Historia  10042026	https://youtu.be/3TQZy0XoJR8
horreos	hórreos de Galicia historia	False	108415	121	20251102	RELATOS AL OIDO 	🔴 DUÉRMETE CON las Leyendas Más Antiguas y Misteriosas de GALICIA | Relatos al Oído	https://youtu.be/ij7nuBjh1PQ
horreos	hórreos de Galicia historia	True	1171	0	20231002	Televisión de Galicia	#DígochoEu Isto é un hórreo	https://youtu.be/DhcGUZ4tLC4
horreos	hórreos de Galicia historia	False	14848	7	20181002	el Gasturiano	El Hórreo asturiano, historia y estructura | El Gasturiano	https://youtu.be/0k3Cc1EBGYM
horreos	hórreos de Galicia historia	True	219	2	20211002	El Correo Gallego	Libraría Couceiro: Atlas dos hórreos de Galicia	https://youtu.be/YIsfm86eKk4
horreos	hórreos de Galicia historia	False	2168	22	20211002	politicalinguistica	Os horrea galaicos do castro da Acea	https://youtu.be/lOm05UbG-kk
horreos	hórreos de Galicia historia	True	63	2	20260911	Galicia Ignota	LOS HORREOS. galicia ignota	https://youtu.be/7-2rvgDI0W0
horreos	hórreos de Galicia historia	False	5262	57	20231002	CELTFLIX	O Reino Suevo de Galicia - Parte 1 (Documental) TV GALICIA	https://youtu.be/HQFOzWauKxk
horreos	hórreos de Galicia historia	True	2452	10	20260919	somos urbx	Los 24 hórreos que esconde Galicia	https://youtu.be/b-AaeqENPOU
horreos	hórreos de Galicia historia	True	1451	1	20221002	Tu Reforma & Proyecto Colocación	Los Hórreos: element of traditional Galician architecture | a pie de obra	https://youtu.be/9fJiooJWM7Y
horreos	hórreos de Galicia historia	True	263	4	20181002	Televisión de Galicia	Capítulo 447 de Ben Falado: Os nomes do hórreo galego. 1	https://youtu.be/ZkycphMBUkc
horreos	hórreos de Galicia historia	True	242	14	20231002	Cosas de José Antonio	HÓRREOS DE GALICIA	https://youtu.be/6aJYzkp4AGE
horreos	hórreos de Galicia historia	False	5679	12	20231002	Javifer Explorando 	What to see in Asturias Discover the secrets of the Asturian granary and the bread baskets in the...	https://youtu.be/DIT2fHkvsOI
horreos	hórreos de Galicia historia	True	97	3	20260502	g24noticias	O Goberno español DECLARA os HÓRREOS como Patrimonio CULTURAL Inmateiral  | NO FOCO	https://youtu.be/iFKH3haURWI
horreos	hórreos de Galicia historia	True	26	2	20171002	V television Galicia	Los hórreos, en peligro	https://youtu.be/NEo0ZMrOkO4
horreos	hórreos de Galicia historia	True	102	3	20211002	Jose Casalderrey	horreos	https://youtu.be/f-ulVMq-4Ps
horreos	hórreos de Galicia historia	True	28921	31	20231002	Explorando	Explorando el HÓRREO más LARGO del MUNDO. Araño Rianxo. Galicia Rural.	https://youtu.be/ZqtwgxWfSus
horreos	hórreos de Galicia historia	False	4814	99	20231002	RIDEA Asturias	Maestros del hórreo asturiano	https://youtu.be/cWn56f9gk2U
horreos	hórreos de Galicia historia	True	2629	3	20221002	Olga D'Yemayá	Los Hórreos y las paneras	https://youtu.be/9D-a4GDUOis
horreos	hórreo de Carnota	True	2256	7	20131002	Lagarto Rojo	EL HÓRREO GIGANTE DE CARNOTA	https://youtu.be/pBrgwrosCEQ
horreos	hórreo de Carnota	True	71	4	20141002	pateandoespana	Hórreo de Carnota	https://youtu.be/ivrJT4rKERM
horreos	hórreo de Carnota	True	1615	1	20131002	El Rincón de Asís Pino	Hórreo de Carnota: monumento nacional	https://youtu.be/e6iCRIuefyY
horreos	hórreo de Carnota	True	338	3	20131002	Hermosa Galicia	HORREO DE CARNOTA	https://youtu.be/_EZoDWr1nsw
horreos	hórreo de Carnota	True	751	9	20260502	Yo y mi maleta	GALICIA | Costa da Morte: Ézaro, Carnota y Lira (lo que no cuentan las guías)	https://youtu.be/amsSRJmkvRU
horreos	hórreo de Carnota	True	55	1	20231002	QueverTurismo	Hórreo de #Carnota en la #Coruña	https://youtu.be/V9PGzXjitcE
horreos	hórreo de Carnota	True	3521	2	20091002	Viajes y Lugares	Hórreo de Carnota • Playa Boca do Río • Ría de Muros y Noia	https://youtu.be/RQAmVCXA6DQ
horreos	hórreo de Carnota	True	83	3	20221002	ALEX TRUCK AND TRANSPORT	Visitando el Hórreo de Carnota el más grande de Galicia	https://youtu.be/pLsrMFs8-aM
horreos	hórreo de Carnota	False	120	29	20260602	HeyJess	El HORREO más GRANDE del mundo 🤯 | Ruta GALICIA Furgo vlog 3 🚙🌊	https://youtu.be/DBB7aws1gB0
horreos	hórreo de Carnota	True	18	3	20221002	Resham Thapa Vlogs	Horreo De Carnota Spain खाद्य भन्डार र आफ्नो पुस्ता पुस्तौको लागि चियान किन्ने स्पेनको यो शहर	https://youtu.be/ylIPfTRHesk
horreos	hórreo de Carnota	True	109	0	20091002	Claudio Perherin	Horreo dE Carnota	https://youtu.be/cCB1QID3O6w
horreos	hórreo de Carnota	True	326	9	20231002	UNA VIDA CAMPER	Hórreo de CARNOTA: Visitamos el Más Largo de Galicia (34 Metros) | Van Life Costa da Morte	https://youtu.be/8_ZHZBXF8kE
horreos	hórreo de Carnota	False	14779	19	20221002	Nómadas Charlatanes	¡ES INCREÍBLE!😮Galicia en AUTOCARAVANA 🚍#8 Ézaro, Muros, Tavilo y Horreo de Carnota	https://youtu.be/WCCqmZvbGww
horreos	hórreo de Carnota	True	614	1	20181002	Eloy Rodriguez	Hórreos de CARNOTA - A Coruña - Spain  [HD]	https://youtu.be/Hxdk6fpp3dE
horreos	hórreo de Carnota	True	16	0	20231002	TRAXCA VATOR	Hórreo de Lira y hórreo de Carnota.	https://youtu.be/wGx_vexbibw
horreos	hórreo de Carnota	True	575	1	20181002	places to see in	Places to see in ( Galicia - Spain ) Horreo de Carnota	https://youtu.be/8qJKcNFlgFE
horreos	hórreo de Carnota	True	4989	8	20241002	Cat dog travels	Carnota Beach | The Most Spectacular Beach in Galicia	https://youtu.be/efaQtn9-VxE
horreos	hórreo de Carnota	True	106	1	20201002	Adiante TV	Hórreo de Carnota	https://youtu.be/T6xGLdicQ10
horreos	hórreo de Carnota	True	424	0	20081002	Xornal Certo	Horreo de Carnota	https://youtu.be/hE-LUp_AYdM
horreos	hórreo de Carnota	True	80	0	20221002	Jerónimo Pérez Paz	En Carnota está el hórreo más grande del mundo	https://youtu.be/QzTPfaaWV-A
horreos	cruceiros de Galicia	True	1859	9	20181002	Mega Dogma	CRUCEIROS (Los Anxeliños del Limbo)  -  Documentales	https://youtu.be/b_hU3ag89cc
horreos	cruceiros de Galicia	True	129	2	20211002	EL TESORO DE LA ISLA	Cruceiros • Camino de Santiago #32	https://youtu.be/xFpsMUuuMFE
horreos	cruceiros de Galicia	True	1725	2	20151002	Retroclips	1971 Cruceiros Gallegos - Imágenes de Cristo crucificado por toda Galicia. Crucifijos de piedra.	https://youtu.be/ZD-ZvUX0zI8
horreos	cruceiros de Galicia	True	5330	58	20231002	Nós Televisión	As testemuñas silenciosas, un documental sobre cruceiros galegos	https://youtu.be/c5xcQthYKpE
horreos	cruceiros de Galicia	True	2352	13	20231002	Marcos que no Polo	🔵 COMBARRO (Pontevedra) Uno de los pueblos gallegos mas bonitos. Entre hórreos y cruceiros	https://youtu.be/WK8TSELmGuw
horreos	cruceiros de Galicia	True	273	9	20241002	Viajar sin reservas	Combarro. El pueblo de hórreos y cruceiros	https://youtu.be/EpzZpIneues
horreos	cruceiros de Galicia	True	2036	2	20131002	Galicia Sin Rumbo	Cruceiros  de Galicia	https://youtu.be/oYjISfdKh4c
horreos	cruceiros de Galicia	True	158	3	20211002	Enrique Feijóo Pérez	CRUCEIROS DE GALICIA	https://youtu.be/pAYY1zjcO-I
horreos	cruceiros de Galicia	True	468	3	20221002	Thupten Chophel Shambala	Ría de Aldán y Cruceiro de Hío (Galicia), desde el Aire y en 4K	https://youtu.be/hhwc7Wk5e2U
horreos	cruceiros de Galicia	True	29	1	20251002	Caminando Galicia	Barbadás - Cruceiros, Castillos, Capillas y Pazos de Piñor y A Valenzá	https://youtu.be/1xJLaw3JAD8
horreos	cruceiros de Galicia	False	1297	20	20260302	About Galicia	Discover MELIDE: the TASTIEST crossroads in GALICIA	https://youtu.be/tTRbNRUiAKU
horreos	cruceiros de Galicia	True	14	3	20211002	BARCIELA CRA VILABOA	cruceiros en vilaboa	https://youtu.be/VW7XU_kqzJI
horreos	cruceiros de Galicia	True	151	2	20141002	ruben uceira	Cruceiros de Galicia	https://youtu.be/r2BuXAAr2zU
horreos	cruceiros de Galicia	True	48687	0	20241002	Amare Turismo Náutico S.L	Cruceiros en la ruta Traslatio	https://youtu.be/ThB4t6zK3xk
horreos	cruceiros de Galicia	True	247	1	20121002	Coast Traveller	Horreos and Cruceiros in Combarro, Rias Baixas, Spain	https://youtu.be/ahfpFPnZ9tQ
horreos	cruceiros de Galicia	False	51	0	20251002	g24noticias	🚢 A CORUÑA recibe TRES cruceiros nun amencer de película na cidade	https://youtu.be/UceU9KU-JAk
horreos	cruceiros de Galicia	True	331	8	20211002	Road Mixes	Combarro. | EL PUEBLO MAS BONITO DE GALICIA | Visitando hórreos y cruceiros	https://youtu.be/xYhD5iUkhAo
horreos	cruceiros de Galicia	True	312	7	20211002	Florian Yubero Cañas	THE HIO CRUCERO	https://youtu.be/mcHhHFJlyUM
horreos	cruceiros de Galicia	True	6	2	20191002	juan luis garcia	CRUCEIROS	https://youtu.be/dDGpzpvn-2k
horreos	cruceiros de Galicia	True	295	3	20211002	Lugares Que Ver en Galicia	Cruceiro e Iglesia de Hío. En Cangas de Morrazo.	https://youtu.be/hvZ8TickTq8
horreos	horreo Galicia	False	12149	4	20241002	Tubuencamino	What is a Hórreo? 🏛️ Curiosities of the Camino de Santiago | Pilgrim's Vlog 🎒	https://youtu.be/xA7VCa2f9Fo
horreos	horreo Galicia	True	3217	3	20181002	Quinta de San Amaro Hotel	Nuestro Horreo	https://youtu.be/qJRD4CXnokY
horreos	horreo Galicia	True	1171	0	20231002	Televisión de Galicia	#DígochoEu Isto é un hórreo	https://youtu.be/DhcGUZ4tLC4
horreos	horreo Galicia	True	28921	31	20231002	Explorando	Explorando el HÓRREO más LARGO del MUNDO. Araño Rianxo. Galicia Rural.	https://youtu.be/ZqtwgxWfSus
horreos	horreo Galicia	True	1364	28	20231002	El Circulo de 3	✅ EL HORREO DEL PAZO VILLAVERDE EL + EXTRAÑO DE TODA GALICIA. Urbex Galicia, +500 años...	https://youtu.be/-8AwHKqhZQQ
horreos	horreo Galicia	True	39	0	20260902	Propuestas de ocio en Galicia - Paxinas Galegas	Hórreo de Araño	https://youtu.be/p0wBzj4rqLs
horreos	horreo Galicia	True	831	3	20221002	GCiencia	Un hórreo único en Galicia confirma o tesouro romano de Proendos	https://youtu.be/P7SQvQ5FV0M
horreos	horreo Galicia	True	2452	10	20260919	somos urbx	Los 24 hórreos que esconde Galicia	https://youtu.be/b-AaeqENPOU
horreos	horreo Galicia	False	120	29	20260602	HeyJess	El HORREO más GRANDE del mundo 🤯 | Ruta GALICIA Furgo vlog 3 🚙🌊	https://youtu.be/DBB7aws1gB0
horreos	horreo Galicia	True	268	2	20141002	Hermosa Galicia	HORREO DE VILABOA  - PONTEVEDRA	https://youtu.be/eF0pV-nVgqY
horreos	horreo Galicia	True	14808	1	20141002	VIDEOS JEVIBE	HORREO  GALLEGO. EL MAS LARGO DE GALICIA  ESPAÑA	https://youtu.be/GEvW8z1RrEA
horreos	horreo Galicia	True	54	10	20251102	Jesus Villarino	O hórreo de Galicia, símbolo da identidade rural de Galicia	https://youtu.be/T_VKqP0j_Po
horreos	horreo Galicia	True	356	2	20121002	Hermosa Galicia	HORREO DE VILABOA	https://youtu.be/lMFwJVcID7M
horreos	horreo Galicia	False	91643	20	20251202	Cenando con Pablo	Trying beef and ox ribeye steaks at a Galician steakhouse - Is it expensive?	https://youtu.be/RPMj88DuqvM
horreos	horreo Galicia	True	121	0	20231002	Chum Sothea	"HORREO" - a typical barn for storing cereals	https://youtu.be/ASiHTBsk8dA
horreos	horreo Galicia	True	1819	1	20191002	GRANISEIXO S.L	Montaxe hórreo Galego	https://youtu.be/Gh_4_FFrGN0
horreos	horreo Galicia	True	1451	1	20221002	Tu Reforma & Proyecto Colocación	Los Hórreos: element of traditional Galician architecture | a pie de obra	https://youtu.be/9fJiooJWM7Y
horreos	horreo Galicia	False	6743	3	20201002	DeTodoUnPoco	DIY Horreo Gallego con Palitos Pinchos	https://youtu.be/ygBIVyqJ6Wg
horreos	horreo Galicia	True	313	1	20181002	Xesús Búa	HORREO DE SAN MARTIÑO DE OZÓN, UNO DE LOS MAS GRANDES EN #VIVAACOSTADAMORTE	https://youtu.be/r7AoHS9O0aw
horreos	horreo Galicia	True	3278	0	20141002	Vídeo Actualidad	Viajes: Así es un hórreo gallego	https://youtu.be/CtmsH-Lh0m0
entroido	Entroido de Laza peliqueiros	True	41760	8	20131002	galiciaparaelmundo	El entroido de Laza: os Peliqueiros	https://youtu.be/GSWsrF5Row8
entroido	Entroido de Laza peliqueiros	True	14390	14	20231002	Gabriel Álvarez	ENTROIDO de Laza. The most ANCESTRAL tradition in Galicia	https://youtu.be/Oi0E7yPc88s
entroido	Entroido de Laza peliqueiros	True	5236	0	20201002	Turismo de Galicia	FARRAPADA DE LAZA	https://youtu.be/Ru5c3IIae6M
entroido	Entroido de Laza peliqueiros	True	32836	41	20161002	Alalá TVG	Alala nº 178 "O Entroido de Castro de Laza"- TVG	https://youtu.be/NiR0-rN_tuI
entroido	Entroido de Laza peliqueiros	True	665	1	20251002	Lembranzas de un minuto	Entroido de Laza | O son eterno dos Peliqueiros (2025) | Cultura y tradiciones de Galicia	https://youtu.be/JLaBnduOT3c
entroido	Entroido de Laza peliqueiros	True	374	2	20201002	António de Souza e Silva	Entroido de Laza  (Galiza)  - Domingo de Estreia	https://youtu.be/OVyM6nGIXAE
entroido	Entroido de Laza peliqueiros	True	19438	4	20071002	Riominho	Entroido Laza 2007	https://youtu.be/73yNHY6W94w
entroido	Entroido de Laza peliqueiros	True	29722	2	20151002	emilio	peliqueiros de Laza 2015	https://youtu.be/XgAwgJpi_s4
entroido	Entroido de Laza peliqueiros	True	3092	9	20251002	miguel selas canga	Mañana de Estrea dos "Peliqueiros" Carnavales de Laza (Orense).	https://youtu.be/_J7LyT1pCsA
entroido	Entroido de Laza peliqueiros	True	9387	1	20131002	SOCIEDADE ANTROPOLÓXICA GALEGA SAGA	Peliqueiros de Laza. 2013-HD	https://youtu.be/xvK4iKGB5Vo
entroido	Entroido de Laza peliqueiros	True	3312	0	20101002	entroidodelaza	PELIQUEIROS ENTROIDO DE LAZA 2010	https://youtu.be/MllpsL8_5wM
entroido	Entroido de Laza peliqueiros	True	43929	5	20171002	ciudaddormida	Entroido de Laza,  Orense, Galicia (España) / Carnaval de Laza, 2016	https://youtu.be/5VsY2aShobs
entroido	Entroido de Laza peliqueiros	False	4064	3	20231002	Diario do Támega	𝖤𝗇𝗍𝗋𝗈𝗂𝖽𝗈 𝖽𝖾 𝖫𝖺𝗓𝖺 𝟤𝟢𝟤𝟥	https://youtu.be/xFKoDgx3vAY
entroido	Entroido de Laza peliqueiros	True	1784	0	20131002	O Jalejo	Peliqueiros de Laza 2012	https://youtu.be/vnLr-nGAkg0
entroido	Entroido de Laza peliqueiros	True	4276	0	20231002	Luís do Río Pena	Peliqueiros abríndose paso en Laza. 20/02/2023.	https://youtu.be/cS_yOJkre4M
entroido	Entroido de Laza peliqueiros	True	219	1	20251002	Lembranzas de un minuto	Entroido de Laza | A Bica dos Peliqueiros (2025) | Cultura y tradiciones de Galicia	https://youtu.be/NVHjpjL5leM
entroido	Entroido de Laza peliqueiros	True	2599	0	20111002	dorfun	Peliqueiros do entroido de Laza	https://youtu.be/bkeGt4lOgeo
entroido	Entroido de Laza peliqueiros	True	4148	3	20071002	redomil	EnTRoiDo De LaZa	https://youtu.be/YGOjUfwtBeQ
entroido	Entroido de Laza peliqueiros	True	1962	4	20101002	lazaentroido	Entroido de Laza 2010	https://youtu.be/0fll-5uzY5Y
entroido	Entroido de Laza peliqueiros	True	6457	3	20071002	redomil	entroido de laza 2007	https://youtu.be/tEaRXF5V9ys
entroido	cigarróns Verín	True	19141	3	20171002	PixelAudiovisuais Operadora de Drone	Cigarrón Promo Entroido Verín 2017	https://youtu.be/ak25UF3JGQs
entroido	cigarróns Verín	True	612	0	20231002	O Sil Televisión	Cigarróns de Verín	https://youtu.be/qKi15i9kxRc
entroido	cigarróns Verín	True	11295	0	20091002	Oscar Cigarrón	Entroido Verin Cigarron	https://youtu.be/JqYLEXR6_Wc
entroido	cigarróns Verín	True	7488	3	20171002	Concello de Verín	Cigarrón Promo Entroido Verín 2017	https://youtu.be/Onjeo-K8jJ8
entroido	cigarróns Verín	True	4484	2	20161002	Javi Baños	Cigarróns - Martes de Entroido - Entroido de Verín 2016	https://youtu.be/HoYGKAl4KPI
entroido	cigarróns Verín	True	41	1	20260302	VIDEFERRE - T.V - FIESTAS	Carnaval en troido de Verín 2026 desfile de cigarron	https://youtu.be/VCnMiVUcQO0
entroido	cigarróns Verín	True	1838	0	20141002	Nemesio Pérez Pérez	Cigarrones Verín. Plaza Do Cigarrón 2014	https://youtu.be/VpZtBYEeMPY
entroido	cigarróns Verín	True	42422	6	20131002	galiciaparaelmundo	El entroido de Verín. Las chocas.	https://youtu.be/AawiIsJxUww
entroido	cigarróns Verín	True	7935	0	20161002	Desde Galicia para el Mundo	EL ENTROIDO DE VERÍN	https://youtu.be/S0Bb88TNE8I
entroido	cigarróns Verín	True	812	0	20101002	dorfun	Cigarróns de Verín	https://youtu.be/4g5IN2KKYtk
entroido	cigarróns Verín	True	13114	1	20161002	Javi Baños	Cigarróns - Domingo de Corredoiro - Entroido de Verín 2016	https://youtu.be/a1HXpcTKiNw
entroido	cigarróns Verín	True	77	0	20191002	Juan José Bermejo Sánchez	Entroidos de Verín 2019	https://youtu.be/-Pqj279k_Qw
entroido	cigarróns Verín	True	18250	7	20201002	Telemiño Ourense	#Entroido 2020. Os Cigarróns de #Verín	https://youtu.be/eKokRDxEYpM
entroido	cigarróns Verín	True	251	1	20241002	Shan 	#cigarrons #entroido Verín	https://youtu.be/C_wl86ptOR0
entroido	cigarróns Verín	True	130	1	20231002	Un dibujante de la vida 🌍 XD	Cigarrones de Verín!!! Presente y futuro!!! Imágenes echas por Fer López!!! (2023)	https://youtu.be/IYbH7HZDvRo
entroido	cigarróns Verín	True	2660	1	20121002	Three Peaks Channel	Arranque de los Cigarrones en el Entroido de Verín 2012	https://youtu.be/MOy9tOR9SwY
entroido	cigarróns Verín	True	542	0	20181002	La Región	Bautizo do cigarrón en Verín	https://youtu.be/LG5zxPF_QhM
entroido	cigarróns Verín	True	775	0	20131002	AEROMEDIA UAV - DRONES	CIGARRONS VERIN 2013 VISTA AEREA	https://youtu.be/nK3nPW9wy9U
entroido	cigarróns Verín	True	185	1	20260302	VIDEFERRE - T.V - FIESTAS	Carnaval entroido de Verín 2026 desfile de cigarron 	https://youtu.be/kyYLSca2QVk
entroido	cigarróns Verín	True	3140	0	20141002	Nemesio Pérez Pérez	Cigarrones Martes de Entroido Verín.	https://youtu.be/4IGyLEDVVA8
entroido	Entroido galego historia	True	24188	14	20211002	Aviones de Papel TV	ENTROIDO GALEGO 🎭 - El CARNAVAL Tradicional en GALICIA	https://youtu.be/gzBAOkOvYNM
entroido	Entroido galego historia	True	23650	19	20251002	RC Celta	[DOCUMENTARY] 🎭 The Color of Entroido | RC Celta	https://youtu.be/jalc_ZoaBxM
entroido	Entroido galego historia	True	23	69	20241002	Orgullo Galego	O animalario do entroido galego: Mito e tradición. Conversa co investigador Carlos Ares	https://youtu.be/JWeRsvAV2gQ
entroido	Entroido galego historia	True	660	80	20241002	Orgullo Galego	O animalario do entroido galego: Mito e tradición. Conversa co investigador Carlos Ares	https://youtu.be/Mdvk0KuiQxM
entroido	Entroido galego historia	True	22962	20	20231002	Alanna	Fertility and purification rites: the ENTROIDO, the ancient Galician Carnival	https://youtu.be/fACqASVg1lI
entroido	Entroido galego historia	True	2918	5	20211002	CEIP Antonio Insua Bermudez	O Entroido en Galicia	https://youtu.be/3CNaGRdfUQ0
entroido	Entroido galego historia	False	4887	1	20091002	AmilCouto	As aldeias de Galiza - (Historias de Galicia) TVG	https://youtu.be/ppYjFf3TSkc
entroido	Entroido galego historia	True	28678	85	20161002	Alalá TVG	Alalá nº 213 "O Entroido en Galicia" - TVG	https://youtu.be/b7S2Fs2twY0
entroido	Entroido galego historia	True	276	104	20211002	Programa de Estudos Galegos UERJ	O entroido galego: entre a tradição e a modernidade	https://youtu.be/1ZOR-uNINak
entroido	Entroido galego historia	True	6582	28	20260302	RC Celta	[DOCUMENTAL] 🎭 A Cor do Entroido II: XINZO de LIMIA | Celta	https://youtu.be/AXpElHL1umM
entroido	Entroido galego historia	False	1133	61	20260302	Orgullo Galego	A Revolución Galega de 1846. O que se descubriu dous anos despois	https://youtu.be/vZvc0N8FMJI
entroido	Entroido galego historia	True	146	0	20221002	Televisión de Galicia	Un país en 360 - Visita ao Museo Galego do Entroido, na Limia	https://youtu.be/SkBdBgNzZWQ
entroido	Entroido galego historia	False	1414425	57	20251002	Iconografia da História	MANINHO, THE GAMBLER WHO TURNED RJ INTO A SEA OF BLOOD	https://youtu.be/2YDTnQ7176c
entroido	Entroido galego historia	True	113	2	20171002	C.R.A. Ponte da Pedra	ENTROIDO GALEGO- ESCOLA DE CANCES 2017	https://youtu.be/QCbO2317jy8
entroido	Entroido galego historia	False	821185	19	20221002	Iconografia da História	JOGO DO BICHO: THE COMPLETE AND DETAILED STORY #history #riodejaneiro #crime	https://youtu.be/axe6V7UzxO0
entroido	Entroido galego historia	True	92	2	20191002	Telemiño Ourense	Reapertura Museo Galego do Entroido y presentación programción provincial de entroido 19 2 19	https://youtu.be/s1TMNnlM1qU
entroido	Entroido galego historia	True	1107	8	20181002	Casa do Neno	O Entroido en Galicia	https://youtu.be/cnwYkriyVOo
entroido	Entroido galego historia	False	207391	7	20241002	Charla Podcast	GABRIEL DAVID TALKS ABOUT THE DOCUMENTARY VALE O ESCRITO: "I WAS UPSET WHEN THAT CAME OUT"	https://youtu.be/IYD6sJccbLg
entroido	Entroido galego historia	True	2236	6	20131002	galiciaparaelmundo	Carnaval: El entroido en Galicia.	https://youtu.be/Ek89pjwMFyE
entroido	Entroido galego historia	True	6429	9	20211002	Orgullo Galego	"O entroido sempre existirá" · Lola, primeira muller en vestir a Pantalla ✨ Arrieiros Somos.	https://youtu.be/zEW6-LvX9wE
entroido	carnaval gallego tradicional	True	24188	14	20211002	Aviones de Papel TV	ENTROIDO GALEGO 🎭 - El CARNAVAL Tradicional en GALICIA	https://youtu.be/gzBAOkOvYNM
entroido	carnaval gallego tradicional	False	39176	1	20221002	Demillo Huevos	Filloas gallegas de leche: receta tradicional del "Entroido" gallego	https://youtu.be/CzC0wDlqK4I
entroido	carnaval gallego tradicional	True	6202	0	20161002	VIDEOSDIARIOS	Carnaval de LAZA - Galicia	https://youtu.be/L-vbbO9iV-s
entroido	carnaval gallego tradicional	True	22962	20	20231002	Alanna	Fertility and purification rites: the ENTROIDO, the ancient Galician Carnival	https://youtu.be/fACqASVg1lI
entroido	carnaval gallego tradicional	True	28	0	20201002	Ponto por Ponto Tour Operator	Carnaval Galego 2020	https://youtu.be/875qUzZAyo8
entroido	carnaval gallego tradicional	False	22537	1	20221002	Demillo Huevos	Orellas de Entroido: receta tradicional del Carnaval gallego	https://youtu.be/j1riEK46DKk
entroido	carnaval gallego tradicional	True	7935	0	20161002	Desde Galicia para el Mundo	EL ENTROIDO DE VERÍN	https://youtu.be/S0Bb88TNE8I
entroido	carnaval gallego tradicional	True	56978	5	20151002	videoXIAN	EL CARNAVAL EN GALICIA - Entroido Tradicional - Presentación en Santiago de Compostela.	https://youtu.be/U6FCY2pE3x8
entroido	carnaval gallego tradicional	True	430	10	20191002	Josefa Vlogs	GRAN CARNAVAL GALLEGO EN ESPAÑA	https://youtu.be/_fDCtHu9Rmg
entroido	carnaval gallego tradicional	True	1853	2	20141002	Europa Press	Desfile del carnaval gallego en la plaza del Obradoiro	https://youtu.be/2-28llcKIc8
entroido	carnaval gallego tradicional	True	177	1	20101002	Marlon Fuentes Vizcaino	Carnaval Gallego	https://youtu.be/74mpdn1zmB8
entroido	carnaval gallego tradicional	False	103700	24	20201002	CAMBALACHE3 *EL COCINERO* *Y MUCHÍSIMO MAS*	OREJAS DE CARNAVAL U ORELLAS DE ENTROIDO (LA RECETA ORIGINAL)	https://youtu.be/NUoSK5KPAts
entroido	carnaval gallego tradicional	True	92	1	20151002	Rádio Cidade Verde	Galego visita baile de carnaval tradicional na zona Leste	https://youtu.be/beRNyKbhqyE
entroido	carnaval gallego tradicional	True	85	1	20201002	Tomas Cid Mtz. de la Pera	Desfile de Carnaval de Vitoria-Gasteiz 2020 Centro Gallego en Álava: Carnaval Gallego.	https://youtu.be/hwLez2AXj90
entroido	carnaval gallego tradicional	True	11	1	20211002	Franciscolairtondesousaleite Sousa	Carnaval tradicional na AABB - Galego Batera	https://youtu.be/nVQJoOXFfls
entroido	carnaval gallego tradicional	True	5385	5	20121002	74369586	DANZA DE GALLEGOS DE CARNAVAL	https://youtu.be/tDfi14dJfgM
entroido	carnaval gallego tradicional	True	23536	3	20151002	Turismo de Galicia	ENTROIDO	https://youtu.be/1dTpwSIOvew
entroido	carnaval gallego tradicional	True	82	1	20161002	FaroTV Ceuta	El Centro Gallego da la bienvenida al Carnaval con la tradicional 'Laconada'	https://youtu.be/zbYNdWA5xM0
entroido	carnaval gallego tradicional	True	94	0	20201002	RTVCE	El Centro Gallego acoge la tradicional Laconada de Carnaval	https://youtu.be/XxZxn7RUSYQ
entroido	carnaval gallego tradicional	True	63	0	20201002	RTVCE	El Centro Gallego acoge la tradicional Laconada de Carnaval	https://youtu.be/wot5dsCPup0
magosto	magosto	False	62523	2	20211002	MERCEDES RIVERA	CANCIÓN DO MAGOSTO 13 LÚAS	https://youtu.be/MROVeaRgT7U
magosto	magosto	True	1084	2	20141002	CaminoWays.com	O Magosto: chestnuts, winter and pork meat | CaminoWays.com	https://youtu.be/w_YgSj8ONxQ
magosto	magosto	True	119	1	20171002	Patricia Bermudez	Magosto 2016	https://youtu.be/bIGW8ROVGOU
magosto	magosto	True	369	1	20171002	V television Galicia	The Big Day of the Magosto	https://youtu.be/jXa1dfRkUxE
magosto	magosto	True	78232	7	20091002	soutov	Magosto de D.O. 7	https://youtu.be/0lEi0qViqwg
magosto	magosto	False	409	3	20251002	Soñadora Compulsiva	Discover Magosto: The Galician tradition that celebrates autumn #magosto #chestnuts #party	https://youtu.be/zOqzBrLCr7s
magosto	magosto	True	1271	2	20151002	ies ponteceso Ponteceso	MAGOSTO IES DE PONTECESO 2014	https://youtu.be/94xydUNcNt4
magosto	magosto	True	967	0	20231002	La Región	Ribadavia disfruta del magosto	https://youtu.be/9TAF1zTls54
magosto	magosto	True	2655	1	20091002	forestman	El Magosto en la comarca del Bierzo	https://youtu.be/6imR4iBieQQ
magosto	magosto	True	110	3	20171002	P LT	MAGOSTO 2016	https://youtu.be/uNG2EPxtlyg
magosto	magosto	True	1041	10	20251202	EL SOGIL DE SAÚL 	El magosto, una tarde que hace pueblo.	https://youtu.be/UAqra70kc-0
magosto	magosto	True	172	2	20121002	JESÚS ARIAS ARIAS	MAGOSTO-2011 (2)	https://youtu.be/DdFb24IkHOQ
magosto	magosto	True	1402	8	20181002	videocpidosdices Rois	Magosto, 2017	https://youtu.be/Qk8OeexXdrs
magosto	magosto	True	457	5	20251202	Carlos de Francisco	Magosto 2025 en Cacabelos	https://youtu.be/UcQutu6HM6M
magosto	magosto	True	7480	1	20181002	Turismo de Galicia	O Magosto en Galicia	https://youtu.be/XzmW3XpRzaE
magosto	magosto	False	86661	4	20171002	Silvia	O RAP DO MAGOSTO	https://youtu.be/oEo74iZhFuE
magosto	magosto	True	158	4	20121002	Marymol10	Magosto na escola	https://youtu.be/RTe2aZuukmA
magosto	magosto	True	2403	1	20141002	manolocados	Vals. O Magosto	https://youtu.be/JP2lMx0Oal0
magosto	magosto	True	154	3	20131002	IngDep	Magosto 2012	https://youtu.be/yyuDOVqK2Vs
magosto	magosto	True	318	2	20231002	Ceip Riotorto	MAGOSTO RIOTORTO 2022	https://youtu.be/F3if9zWklxM
magosto	castañas Galicia historia	True	1409205	37	20221002	Eugenio Monesma - Documentales	Las CASTAÑAS. Recolección, conservación y elaboración de este fruto | Oficios Perdidos | Documental	https://youtu.be/i4TKhzjwKRI
magosto	castañas Galicia historia	False	3630	2	20251002	Naturaleza y ruedas	🌳 The CHESTNUT tree: history, facts, and secrets of an ancient tree 🌰✨	https://youtu.be/r-HiO2M1YK8
magosto	castañas Galicia historia	True	66	0	20181002	Víctor Ramón Piñeiro	Las castañas en Galicia son un regalo de la naturaleza	https://youtu.be/ZPonYT5P3Tk
magosto	castañas Galicia historia	True	231	6	20191002	Posada Marron Glacé	María Posada y la historia de la castaña y el Marron Glacé.	https://youtu.be/EP9AQapl3zo
magosto	castañas Galicia historia	True	66	3	20251202	Televisión de Galicia	A TUÁ HISTORIA: O CASTAÑEIRO de SANTIAGO | HORA GALEGA	https://youtu.be/DqBUPermpxA
magosto	castañas Galicia historia	False	291926	2	20211002	laSexta	La impresionante finca de un presunto narco granadino, a imagen y semejanza de la de Pablo Escobar	https://youtu.be/T07sMsLT734
magosto	castañas Galicia historia	True	12561	5	20231002	ES VIRAL	Qué son las castañas? Origen y Significado del castañas	https://youtu.be/yDhFs3P3aO4
magosto	castañas Galicia historia	True	4049	2	20221002	Planet Nuts	Huerto productivo de castaño de 12 años, variedad marrón	https://youtu.be/mKz5gn1S3WY
magosto	castañas Galicia historia	True	1353	1	20091002	laregionvaldeorras	Castañas Rafael	https://youtu.be/YTU9GUUb0Oc
magosto	castañas Galicia historia	False	906217	39	20181002	Aduanas-Vigilancia Aduanera	'Los Castañas' controlan el 70% del trafico de hachis - Aduanas SVA	https://youtu.be/fdB5qBDlYTs
magosto	castañas Galicia historia	True	3854	6	20161002	Tierra y Mar & Espacio Protegido Canal Sur	Castañas de Los Marines (Huelva)	https://youtu.be/chOn-3zk8W8
magosto	castañas Galicia historia	True	430	2	20161002	Iberia Mágica	La castaña, el Magosto y Samaín	https://youtu.be/TsiOqiuSCUE
magosto	castañas Galicia historia	True	69	1	20141002	Televinte Chantada	Escairón acolle unha charla sobre a produción de castaña 30 01 2014	https://youtu.be/_uMLrt90z9A
magosto	castañas Galicia historia	False	7663	8	20141002	Desde Galicia para el Mundo	DGPM 1057 - 5: Slow Cooked	https://youtu.be/rWd9rMkvF1E
magosto	castañas Galicia historia	True	137	1	20161002	Momo Baiona	Explicación del huevo de castaña	https://youtu.be/kf6u6PJ2bv4
magosto	castañas Galicia historia	True	255	1	20211002	Prensa Escuela La Voz de Galicia	¿Sabes cómo ayudan los bosques de castaños a impulsar la biodiversidad?	https://youtu.be/rUSiECrjlz0
magosto	castañas Galicia historia	True	131	4	20191002	El Correo Gallego	Libraría Couceiro: No medievo, castañas e castiñeiros como recursos económicos	https://youtu.be/XaO_VZmpleg
magosto	castañas Galicia historia	False	41090	6	20221002	El Salto	Mercheros. Los primeros desertores del arado	https://youtu.be/qSOsz5Hl9kU
magosto	castañas Galicia historia	False	817208	52	20191002	Aduanas-Vigilancia Aduanera	Vida de Sito 'Miñanco' reportaje del narco más famoso,  'El Pablo Escobar gallego' - Aduanas SVA	https://youtu.be/E6zp4OnMzWM
magosto	castañas Galicia historia	True	2551	1	20211002	Ssissimon	"A CASTAÑA QUE REBENTOU COA RISA". A historia "segreda" das castañas do Magosto,	https://youtu.be/hWzPhgTD2LU
magosto	soutos de castiñeiros	True	675	103	20241002	Real Academia Galega de Ciencias RAGC	XXXIV Xornadas Luís Asorey. 1ª Xornada: Os soutos de castiñeiros como sistemas agroforestais	https://youtu.be/NwXRGybJMvg
magosto	soutos de castiñeiros	True	473	99	20241002	Real Academia Galega de Ciencias RAGC	XXXIV Xornadas Luís Asorey. 3ª Xornada: Creación de soutos mansos e plantacións de castiñeiro para..	https://youtu.be/_KU8uWMn9zs
magosto	soutos de castiñeiros	True	372	2	20191002	LIFE Lugo Biodinámico	Poda de castiñeiros nos soutos do LIFE Lugo + Biodinámico	https://youtu.be/pTzuJ8024JY
magosto	soutos de castiñeiros	True	1	0	20261001	Asociación desarrollo Rural Bierzo-Cabrera	Souto Vivo · Más que castaños: plantas aromáticas y medicinales en Quintana de Fuseros	https://youtu.be/9hL1h-jliHw
magosto	soutos de castiñeiros	False	73	3	20251002	APBVigo Naturaleza Salvaje	O Castiñeiro de Pumbariños. #galicia #apbvigo	https://youtu.be/2PsfMs0JKMA
magosto	soutos de castiñeiros	True	79	3	20260919	ISAAC TEIJEIRO LÓPEZ	PR-G 137 RUTA DOS SOUTOS DE CESURIS (MANZANEDA) OURENSE 2026	https://youtu.be/Pvykw3Kt_UE
magosto	soutos de castiñeiros	True	161	4	20211002	Galca Agroforestal	Curando castaños	https://youtu.be/8YE96s_CHaU
magosto	soutos de castiñeiros	False	3	0	20201002	Suki	Replantando Castiñeiros	https://youtu.be/DVH8KoBx9SU
magosto	soutos de castiñeiros	True	34	2	20251002	ISAAC TEIJEIRO LÓPEZ	RUTA SOUTOS BAIXO PENA FALCUEIRA (RUBIÁ) OURENSE 2025	https://youtu.be/LWdLDXmNkj8
magosto	soutos de castiñeiros	False	3350	4	20221002	Asociación Forestal de Galicia	Poda de castiñeiro para froito	https://youtu.be/dXW6U35MIdQ
magosto	soutos de castiñeiros	False	1114	5	20201002	Permaculture in Galicia	Árbores Senlleiras Ep. 01 Castiñeiro Milenario de Entrambosríos | 4K Galego	https://youtu.be/lkG-3lkR7ew
magosto	soutos de castiñeiros	True	10	2	20260602	Asociación Galega das Castañas e dos Soutos	CASTAÑA FROITA FRESCA (II)	https://youtu.be/h6AHd4TexcY
magosto	soutos de castiñeiros	True	250	2	20151002	Televinte Chantada	Propietarios de Taboada cederon fincas ó proxecto Soutos para a produción de castaña 11 11 2014	https://youtu.be/tMp1dN3KLjc
magosto	soutos de castiñeiros	False	1219	1	20101002	María Esther Valencia	CASTIÑEIRO DE PUMBARIÑOS  de María Esther Valencia	https://youtu.be/Z0NPC1jsdAo
magosto	soutos de castiñeiros	False	52	1	20141002	Dr.Parrocho	LABRANZA 20110313 castiñeiros	https://youtu.be/JZK3myusM2U
magosto	soutos de castiñeiros	True	102	99	20221002	AFINET SP	Antonio Rigueiro Rodríguez - “Castiñeiros e soutos monumentais en Galicia e no Courel”	https://youtu.be/isefAXQmGSY
magosto	soutos de castiñeiros	False	152	1	20161002	evpeam	Castiñeiros de Pumbariños	https://youtu.be/QPgdpI0zTgA
magosto	soutos de castiñeiros	True	584	25	20181002	Diputación Provincial de Cáceres	Jornadas de Cultivos Alternativos 2017: CASTAÑOS	https://youtu.be/Mz9K_gPCekE
magosto	soutos de castiñeiros	True	1390	4	20251002	Campo Galego	Claves para a poda do castiñeiro / Claves para la poda del castaño	https://youtu.be/AreSVf-YjG0
magosto	soutos de castiñeiros	True	240	0	20181002	La Región	Puxedo, Lobios recuperacion de soutos que ardieron este verano	https://youtu.be/9vONKpHBYuo
