concepto,titulo,url_pagina,url_imagen_original,autor,licencia,resolucion,año_época,tipo,idoneidad_img2img,idoneidad_controlnet,notas,texto_atribucion
01-horreo,"2018. Combarro, Poio. Galiza-4.jpg","https://commons.wikimedia.org/wiki/File:2018._Combarro,_Poio._Galiza-4.jpg",https://upload.wikimedia.org/wikipedia/commons/a/a5/2018._Combarro%2C_Poio._Galiza-4.jpg,Luis Miguel Bugallo Sánchez (Lmbuga),CC BY-SA 4.0,3411x5122,2017-07-13 14:39:37,foto,4,4,"Puntuación = estimación automática por metadatos (título, resolución, categoría de calidad); SIN revisión visual | CC BY-SA: la obra derivada podría tener que compartirse igual (SA)","«2018. Combarro, Poio. Galiza-4.jpg», Luis Miguel Bugallo Sánchez (Lmbuga), CC BY-SA 4.0, vía Wikimedia Commons: https://commons.wikimedia.org/wiki/File:2018._Combarro,_Poio._Galiza-4.jpg"
01-horreo,Horreos-Galicien-IMG 0274a.jpg,https://commons.wikimedia.org/wiki/File:Horreos-Galicien-IMG_0274a.jpg,https://upload.wikimedia.org/wikipedia/commons/a/ab/Horreos-Galicien-IMG_0274a.jpg,Christof46,CC0,4000x6000,2019-04-26 10:38:07,foto,4,4,"Puntuación = estimación automática por metadatos (título, resolución, categoría de calidad); SIN revisión visual","«Horreos-Galicien-IMG 0274a.jpg», Christof46, CC0, vía Wikimedia Commons: https://commons.wikimedia.org/wiki/File:Horreos-Galicien-IMG_0274a.jpg"
01-horreo,Conxunto horreos.jpg,https://commons.wikimedia.org/wiki/File:Conxunto_horreos.jpg,https://upload.wikimedia.org/wikipedia/commons/9/98/Conxunto_horreos.jpg,Anxo The original uploader was Xelo2004 at Galician Wikipedia.,CC BY-SA 3.0,1184x896,2007-07-10,foto,4,4,"Puntuación = estimación automática por metadatos (título, resolución, categoría de calidad); SIN revisión visual | CC BY-SA: la obra derivada podría tener que compartirse igual (SA)","«Conxunto horreos.jpg», Anxo The original uploader was Xelo2004 at Galician Wikipedia., CC BY-SA 3.0, vía Wikimedia Commons: https://commons.wikimedia.org/wiki/File:Conxunto_horreos.jpg"
01-horreo,2013. Hórreo en Cambados. Galicia (Spain).jpg,https://commons.wikimedia.org/wiki/File:2013._H%C3%B3rreo_en_Cambados._Galicia_(Spain).jpg,https://upload.wikimedia.org/wikipedia/commons/1/11/2013._H%C3%B3rreo_en_Cambados._Galicia_%28Spain%29.jpg,Luis Miguel Bugallo Sánchez (Lmbuga),CC BY-SA 3.0,5666x3777,2013-03-02 13:27:11,foto,4,4,"Puntuación = estimación automática por metadatos (título, resolución, categoría de calidad); SIN revisión visual | CC BY-SA: la obra derivada podría tener que compartirse igual (SA)","«2013. Hórreo en Cambados. Galicia (Spain).jpg», Luis Miguel Bugallo Sánchez (Lmbuga), CC BY-SA 3.0, vía Wikimedia Commons: https://commons.wikimedia.org/wiki/File:2013._H%C3%B3rreo_en_Cambados._Galicia_(Spain).jpg"
01-horreo,"Camino de Santiago, Lugo, España, 2015-09-20, DD 25.jpg","https://commons.wikimedia.org/wiki/File:Camino_de_Santiago,_Lugo,_Espa%C3%B1a,_2015-09-20,_DD_25.jpg",https://upload.wikimedia.org/wikipedia/commons/f/f5/Camino_de_Santiago%2C_Lugo%2C_Espa%C3%B1a%2C_2015-09-20%2C_DD_25.jpg,Diego Delso,CC BY-SA 4.0,8449x5633,2015-09-20 14:36:31,foto,4,4,"Puntuación = estimación automática por metadatos (título, resolución, categoría de calidad); SIN revisión visual | CC BY-SA: la obra derivada podría tener que compartirse igual (SA)","«Camino de Santiago, Lugo, España, 2015-09-20, DD 25.jpg», Diego Delso, CC BY-SA 4.0, vía Wikimedia Commons: https://commons.wikimedia.org/wiki/File:Camino_de_Santiago,_Lugo,_Espa%C3%B1a,_2015-09-20,_DD_25.jpg"
01-horreo,"Hórreo, Toxibo, Camino de Santiago, Lugo, España, 2015-09-20, DD 21.jpg","https://commons.wikimedia.org/wiki/File:H%C3%B3rreo,_Toxibo,_Camino_de_Santiago,_Lugo,_Espa%C3%B1a,_2015-09-20,_DD_21.jpg",https://upload.wikimedia.org/wikipedia/commons/7/79/H%C3%B3rreo%2C_Toxibo%2C_Camino_de_Santiago%2C_Lugo%2C_Espa%C3%B1a%2C_2015-09-20%2C_DD_21.jpg,Diego Delso,CC BY-SA 4.0,7958x5305,2015-09-20 11:18:13,foto,4,4,"Puntuación = estimación automática por metadatos (título, resolución, categoría de calidad); SIN revisión visual | CC BY-SA: la obra derivada podría tener que compartirse igual (SA)","«Hórreo, Toxibo, Camino de Santiago, Lugo, España, 2015-09-20, DD 21.jpg», Diego Delso, CC BY-SA 4.0, vía Wikimedia Commons: https://commons.wikimedia.org/wiki/File:H%C3%B3rreo,_Toxibo,_Camino_de_Santiago,_Lugo,_Espa%C3%B1a,_2015-09-20,_DD_21.jpg"
01-horreo,Hórreo de Lira. Carnota. Galiza.jpg,https://commons.wikimedia.org/wiki/File:H%C3%B3rreo_de_Lira._Carnota._Galiza.jpg,https://upload.wikimedia.org/wikipedia/commons/9/99/H%C3%B3rreo_de_Lira._Carnota._Galiza.jpg,Luis Miguel Bugallo Sánchez (Lmbuga),CC BY-SA 4.0,3610x4814,2015-09-27 15:44:57,foto,4,4,"Puntuación = estimación automática por metadatos (título, resolución, categoría de calidad); SIN revisión visual | CC BY-SA: la obra derivada podría tener que compartirse igual (SA)","«Hórreo de Lira. Carnota. Galiza.jpg», Luis Miguel Bugallo Sánchez (Lmbuga), CC BY-SA 4.0, vía Wikimedia Commons: https://commons.wikimedia.org/wiki/File:H%C3%B3rreo_de_Lira._Carnota._Galiza.jpg"
01-horreo,2015. Hórreo á beira da igrexa de Santa Comba de Carnota Galiza.jpg,https://commons.wikimedia.org/wiki/File:2015._H%C3%B3rreo_%C3%A1_beira_da_igrexa_de_Santa_Comba_de_Carnota_Galiza.jpg,https://upload.wikimedia.org/wikipedia/commons/5/5b/2015._H%C3%B3rreo_%C3%A1_beira_da_igrexa_de_Santa_Comba_de_Carnota_Galiza.jpg,Luis Miguel Bugallo Sánchez (Lmbuga),CC BY-SA 4.0,4421x2947,2015-09-27 16:10:22,foto,4,4,"Puntuación = estimación automática por metadatos (título, resolución, categoría de calidad); SIN revisión visual | CC BY-SA: la obra derivada podría tener que compartirse igual (SA)","«2015. Hórreo á beira da igrexa de Santa Comba de Carnota Galiza.jpg», Luis Miguel Bugallo Sánchez (Lmbuga), CC BY-SA 4.0, vía Wikimedia Commons: https://commons.wikimedia.org/wiki/File:2015._H%C3%B3rreo_%C3%A1_beira_da_igrexa_de_Santa_Comba_de_Carnota_Galiza.jpg"
01-horreo,Cabozo Horreo Provincia Lugo.JPG,https://commons.wikimedia.org/wiki/File:Cabozo_Horreo_Provincia_Lugo.JPG,https://upload.wikimedia.org/wikipedia/commons/0/0c/Cabozo_Horreo_Provincia_Lugo.JPG,User:Xelo2004,CC BY-SA 3.0,2080x1544,2006-04-24,foto,4,4,"Puntuación = estimación automática por metadatos (título, resolución, categoría de calidad); SIN revisión visual | CC BY-SA: la obra derivada podría tener que compartirse igual (SA)","«Cabozo Horreo Provincia Lugo.JPG», User:Xelo2004, CC BY-SA 3.0, vía Wikimedia Commons: https://commons.wikimedia.org/wiki/File:Cabozo_Horreo_Provincia_Lugo.JPG"
01-horreo,Aermidahorreo.jpg,https://commons.wikimedia.org/wiki/File:Aermidahorreo.jpg,https://upload.wikimedia.org/wikipedia/commons/b/b7/Aermidahorreo.jpg,Ogalego.gal,CC BY-SA 4.0,3396x2942,2017-10-28,foto,4,4,"Puntuación = estimación automática por metadatos (título, resolución, categoría de calidad); SIN revisión visual | CC BY-SA: la obra derivada podría tener que compartirse igual (SA)","«Aermidahorreo.jpg», Ogalego.gal, CC BY-SA 4.0, vía Wikimedia Commons: https://commons.wikimedia.org/wiki/File:Aermidahorreo.jpg"
01-horreo,2 horreos.JPG,https://commons.wikimedia.org/wiki/File:2_horreos.JPG,https://upload.wikimedia.org/wikipedia/commons/a/a5/2_horreos.JPG,laura perez cid,CC BY 3.0,3072x2304,2011-06-06 11:14:38,foto,4,4,"Puntuación = estimación automática por metadatos (título, resolución, categoría de calidad); SIN revisión visual","«2 horreos.JPG», laura perez cid, CC BY 3.0, vía Wikimedia Commons: https://commons.wikimedia.org/wiki/File:2_horreos.JPG"
01-horreo,"Horreo en Paradela, Boborás.JPG","https://commons.wikimedia.org/wiki/File:Horreo_en_Paradela,_Bobor%C3%A1s.JPG",https://upload.wikimedia.org/wikipedia/commons/4/46/Horreo_en_Paradela%2C_Bobor%C3%A1s.JPG,Xosé Antonio,Public domain,2112x2816,2008-11-21,foto,4,4,"Puntuación = estimación automática por metadatos (título, resolución, categoría de calidad); SIN revisión visual | Dominio público declarado en Commons: verificar en la página","«Horreo en Paradela, Boborás.JPG», Xosé Antonio, Public domain, vía Wikimedia Commons: https://commons.wikimedia.org/wiki/File:Horreo_en_Paradela,_Bobor%C3%A1s.JPG"
01-horreo,Eira dos Horreos das Ventelas.jpg,https://commons.wikimedia.org/wiki/File:Eira_dos_Horreos_das_Ventelas.jpg,https://upload.wikimedia.org/wikipedia/commons/1/18/Eira_dos_Horreos_das_Ventelas.jpg,Songuer,CC BY-SA 4.0,3072x2304,2009-07-15,foto,4,4,"Puntuación = estimación automática por metadatos (título, resolución, categoría de calidad); SIN revisión visual | CC BY-SA: la obra derivada podría tener que compartirse igual (SA)","«Eira dos Horreos das Ventelas.jpg», Songuer, CC BY-SA 4.0, vía Wikimedia Commons: https://commons.wikimedia.org/wiki/File:Eira_dos_Horreos_das_Ventelas.jpg"
01-horreo,Eira e rua de As Ventelas.jpg,https://commons.wikimedia.org/wiki/File:Eira_e_rua_de_As_Ventelas.jpg,https://upload.wikimedia.org/wikipedia/commons/c/c4/Eira_e_rua_de_As_Ventelas.jpg,Songuer,CC BY-SA 4.0,4160x3120,2020-12-04,foto,4,4,"Puntuación = estimación automática por metadatos (título, resolución, categoría de calidad); SIN revisión visual | CC BY-SA: la obra derivada podría tener que compartirse igual (SA)","«Eira e rua de As Ventelas.jpg», Songuer, CC BY-SA 4.0, vía Wikimedia Commons: https://commons.wikimedia.org/wiki/File:Eira_e_rua_de_As_Ventelas.jpg"
01-horreo,"Bases de hórreos en Alcázar de Milmanda, Celanova.jpg","https://commons.wikimedia.org/wiki/File:Bases_de_h%C3%B3rreos_en_Alc%C3%A1zar_de_Milmanda,_Celanova.jpg",https://upload.wikimedia.org/wikipedia/commons/b/be/Bases_de_h%C3%B3rreos_en_Alc%C3%A1zar_de_Milmanda%2C_Celanova.jpg,Estevoaei,CC BY-SA 4.0,6000x4000,2026-01-31 17:18:03,foto,4,4,"Puntuación = estimación automática por metadatos (título, resolución, categoría de calidad); SIN revisión visual | CC BY-SA: la obra derivada podría tener que compartirse igual (SA)","«Bases de hórreos en Alcázar de Milmanda, Celanova.jpg», Estevoaei, CC BY-SA 4.0, vía Wikimedia Commons: https://commons.wikimedia.org/wiki/File:Bases_de_h%C3%B3rreos_en_Alc%C3%A1zar_de_Milmanda,_Celanova.jpg"
01-horreo,"Hórreos de Muimenta, Carballeda de Avia, Galiza.jpg","https://commons.wikimedia.org/wiki/File:H%C3%B3rreos_de_Muimenta,_Carballeda_de_Avia,_Galiza.jpg",https://upload.wikimedia.org/wikipedia/commons/3/31/H%C3%B3rreos_de_Muimenta%2C_Carballeda_de_Avia%2C_Galiza.jpg,José Antonio Gil Martínez,CC BY 2.0,3264x2448,2009-07-25 18:48:11,foto,4,4,"Puntuación = estimación automática por metadatos (título, resolución, categoría de calidad); SIN revisión visual","«Hórreos de Muimenta, Carballeda de Avia, Galiza.jpg», José Antonio Gil Martínez, CC BY 2.0, vía Wikimedia Commons: https://commons.wikimedia.org/wiki/File:H%C3%B3rreos_de_Muimenta,_Carballeda_de_Avia,_Galiza.jpg"
02-carro-bois,A Arnoia - Carro á beira do Miño - Galiza-3.jpg,https://commons.wikimedia.org/wiki/File:A_Arnoia_-_Carro_%C3%A1_beira_do_Mi%C3%B1o_-_Galiza-3.jpg,https://upload.wikimedia.org/wikipedia/commons/9/90/A_Arnoia_-_Carro_%C3%A1_beira_do_Mi%C3%B1o_-_Galiza-3.jpg,Lmbuga (Luis Miguel Bugallo Sánchez),CC BY-SA 3.0,5379x3587,2011-06-17,foto,4,4,"Puntuación = estimación automática por metadatos (título, resolución, categoría de calidad); SIN revisión visual | CC BY-SA: la obra derivada podría tener que compartirse igual (SA)","«A Arnoia - Carro á beira do Miño - Galiza-3.jpg», Lmbuga (Luis Miguel Bugallo Sánchez), CC BY-SA 3.0, vía Wikimedia Commons: https://commons.wikimedia.org/wiki/File:A_Arnoia_-_Carro_%C3%A1_beira_do_Mi%C3%B1o_-_Galiza-3.jpg"
02-carro-bois,Carros tradicionais na praia de Peralta. O Grove. Galiza-2.jpg,https://commons.wikimedia.org/wiki/File:Carros_tradicionais_na_praia_de_Peralta._O_Grove._Galiza-2.jpg,https://upload.wikimedia.org/wikipedia/commons/6/62/Carros_tradicionais_na_praia_de_Peralta._O_Grove._Galiza-2.jpg,Luis Miguel Bugallo Sánchez (Lmbuga),CC BY-SA 4.0,5527x1690,2014-06-13 16:49:16,foto,4,4,"Puntuación = estimación automática por metadatos (título, resolución, categoría de calidad); SIN revisión visual | CC BY-SA: la obra derivada podría tener que compartirse igual (SA)","«Carros tradicionais na praia de Peralta. O Grove. Galiza-2.jpg», Luis Miguel Bugallo Sánchez (Lmbuga), CC BY-SA 4.0, vía Wikimedia Commons: https://commons.wikimedia.org/wiki/File:Carros_tradicionais_na_praia_de_Peralta._O_Grove._Galiza-2.jpg"
02-carro-bois,Carros na praia de Peralto. Galicia. Galiza. Galicia.jpg,https://commons.wikimedia.org/wiki/File:Carros_na_praia_de_Peralto._Galicia._Galiza._Galicia.jpg,https://upload.wikimedia.org/wikipedia/commons/0/0f/Carros_na_praia_de_Peralto._Galicia._Galiza._Galicia.jpg,Luis Miguel Bugallo Sánchez (Lmbuga),CC BY-SA 4.0,3500x2333,2014-06-13 16:49:19,foto,4,4,"Puntuación = estimación automática por metadatos (título, resolución, categoría de calidad); SIN revisión visual | CC BY-SA: la obra derivada podría tener que compartirse igual (SA)","«Carros na praia de Peralto. Galicia. Galiza. Galicia.jpg», Luis Miguel Bugallo Sánchez (Lmbuga), CC BY-SA 4.0, vía Wikimedia Commons: https://commons.wikimedia.org/wiki/File:Carros_na_praia_de_Peralto._Galicia._Galiza._Galicia.jpg"
02-carro-bois,"Festa da Malla 2022, 17c.jpg","https://commons.wikimedia.org/wiki/File:Festa_da_Malla_2022,_17c.jpg",https://upload.wikimedia.org/wikipedia/commons/a/a1/Festa_da_Malla_2022%2C_17c.jpg,Lameiro,CC BY-SA 4.0,3088x2056,2022-08-14 14:15:14,foto,4,4,"Puntuación = estimación automática por metadatos (título, resolución, categoría de calidad); SIN revisión visual | CC BY-SA: la obra derivada podría tener que compartirse igual (SA) | Posible gente reconocible: revisar; usar solo como referencia de forma/ropa","«Festa da Malla 2022, 17c.jpg», Lameiro, CC BY-SA 4.0, vía Wikimedia Commons: https://commons.wikimedia.org/wiki/File:Festa_da_Malla_2022,_17c.jpg"
02-carro-bois,"Meaño, Coirón 01-01c.jpg","https://commons.wikimedia.org/wiki/File:Mea%C3%B1o,_Coir%C3%B3n_01-01c.jpg",https://upload.wikimedia.org/wikipedia/commons/a/a5/Mea%C3%B1o%2C_Coir%C3%B3n_01-01c.jpg,Lameiro,CC BY-SA 4.0,3088x2056,2017-03-17 13:51:27,foto,4,4,"Puntuación = estimación automática por metadatos (título, resolución, categoría de calidad); SIN revisión visual | CC BY-SA: la obra derivada podría tener que compartirse igual (SA)","«Meaño, Coirón 01-01c.jpg», Lameiro, CC BY-SA 4.0, vía Wikimedia Commons: https://commons.wikimedia.org/wiki/File:Mea%C3%B1o,_Coir%C3%B3n_01-01c.jpg"
02-carro-bois,"Meaño, Coirón 01-03b.jpg","https://commons.wikimedia.org/wiki/File:Mea%C3%B1o,_Coir%C3%B3n_01-03b.jpg",https://upload.wikimedia.org/wikipedia/commons/0/0e/Mea%C3%B1o%2C_Coir%C3%B3n_01-03b.jpg,Lameiro,CC BY-SA 4.0,3088x2056,2017-03-17 13:51:35,foto,4,4,"Puntuación = estimación automática por metadatos (título, resolución, categoría de calidad); SIN revisión visual | CC BY-SA: la obra derivada podría tener que compartirse igual (SA)","«Meaño, Coirón 01-03b.jpg», Lameiro, CC BY-SA 4.0, vía Wikimedia Commons: https://commons.wikimedia.org/wiki/File:Mea%C3%B1o,_Coir%C3%B3n_01-03b.jpg"
02-carro-bois,Mosteiro 1 Feira Labrega carro 06.jpg,https://commons.wikimedia.org/wiki/File:Mosteiro_1_Feira_Labrega_carro_06.jpg,https://upload.wikimedia.org/wikipedia/commons/e/ea/Mosteiro_1_Feira_Labrega_carro_06.jpg,http://gl.wikipedia.org/w/index.php?title=User:Lameiro,Public domain,2272x1704,6.07.2008 (subida o 8.02.2009),foto,4,4,"Puntuación = estimación automática por metadatos (título, resolución, categoría de calidad); SIN revisión visual | Posible gente reconocible: revisar; usar solo como referencia de forma/ropa | Dominio público declarado en Commons: verificar en la página","«Mosteiro 1 Feira Labrega carro 06.jpg», http://gl.wikipedia.org/w/index.php?title=User:Lameiro, Public domain, vía Wikimedia Commons: https://commons.wikimedia.org/wiki/File:Mosteiro_1_Feira_Labrega_carro_06.jpg"
02-carro-bois,"Poio, Combarro 02-04a.jpg","https://commons.wikimedia.org/wiki/File:Poio,_Combarro_02-04a.jpg",https://upload.wikimedia.org/wikipedia/commons/5/51/Poio%2C_Combarro_02-04a.jpg,Lameiro,CC BY-SA 4.0,3088x2056,2021-03-14 18:11:32,foto,4,4,"Puntuación = estimación automática por metadatos (título, resolución, categoría de calidad); SIN revisión visual | CC BY-SA: la obra derivada podría tener que compartirse igual (SA)","«Poio, Combarro 02-04a.jpg», Lameiro, CC BY-SA 4.0, vía Wikimedia Commons: https://commons.wikimedia.org/wiki/File:Poio,_Combarro_02-04a.jpg"
02-carro-bois,Carro Barraña Boiro Xullo 2006.jpg,https://commons.wikimedia.org/wiki/File:Carro_Barra%C3%B1a_Boiro_Xullo_2006.jpg,https://upload.wikimedia.org/wikipedia/commons/0/06/Carro_Barra%C3%B1a_Boiro_Xullo_2006.jpg,Luis Miguel Bugallo Sánchez (http://commons.wikimedia.org/wiki/User:Lmbuga),CC BY-SA 3.0,2000x1500,18-07 (xullo)-2006,foto,2,2,"Puntuación = estimación automática por metadatos (título, resolución, categoría de calidad); SIN revisión visual | CC BY-SA: la obra derivada podría tener que compartirse igual (SA)","«Carro Barraña Boiro Xullo 2006.jpg», Luis Miguel Bugallo Sánchez (http://commons.wikimedia.org/wiki/User:Lmbuga), CC BY-SA 3.0, vía Wikimedia Commons: https://commons.wikimedia.org/wiki/File:Carro_Barra%C3%B1a_Boiro_Xullo_2006.jpg"
02-carro-bois,Carro Barraña Boiro.jpg,https://commons.wikimedia.org/wiki/File:Carro_Barra%C3%B1a_Boiro.jpg,https://upload.wikimedia.org/wikipedia/commons/3/34/Carro_Barra%C3%B1a_Boiro.jpg,Luis Miguel Bugallo Sánchez (http://commons.wikimedia.org/wiki/User:Lmbuga),CC BY-SA 3.0,2000x1500,18-07 (xullo)-2006,foto,2,2,"Puntuación = estimación automática por metadatos (título, resolución, categoría de calidad); SIN revisión visual | CC BY-SA: la obra derivada podría tener que compartirse igual (SA)","«Carro Barraña Boiro.jpg», Luis Miguel Bugallo Sánchez (http://commons.wikimedia.org/wiki/User:Lmbuga), CC BY-SA 3.0, vía Wikimedia Commons: https://commons.wikimedia.org/wiki/File:Carro_Barra%C3%B1a_Boiro.jpg"
02-carro-bois,"Carro, Santiago de Compostela.jpg","https://commons.wikimedia.org/wiki/File:Carro,_Santiago_de_Compostela.jpg",https://upload.wikimedia.org/wikipedia/commons/2/24/Carro%2C_Santiago_de_Compostela.jpg,Noel Feans,CC BY 2.0,4899x3265,2010-01-08 09:53:09,foto,2,2,"Puntuación = estimación automática por metadatos (título, resolución, categoría de calidad); SIN revisión visual","«Carro, Santiago de Compostela.jpg», Noel Feans, CC BY 2.0, vía Wikimedia Commons: https://commons.wikimedia.org/wiki/File:Carro,_Santiago_de_Compostela.jpg"
02-carro-bois,Monumento ao carro en Padrón.jpg,https://commons.wikimedia.org/wiki/File:Monumento_ao_carro_en_Padr%C3%B3n.jpg,https://upload.wikimedia.org/wikipedia/commons/b/b8/Monumento_ao_carro_en_Padr%C3%B3n.jpg,Certo Xornal,CC BY 2.0,1536x2048,2009-11-28 11:52:58,foto,2,2,"Puntuación = estimación automática por metadatos (título, resolución, categoría de calidad); SIN revisión visual","«Monumento ao carro en Padrón.jpg», Certo Xornal, CC BY 2.0, vía Wikimedia Commons: https://commons.wikimedia.org/wiki/File:Monumento_ao_carro_en_Padr%C3%B3n.jpg"
02-carro-bois,Escultura dun carro na rúa do Sar - Padrón - Galiza - PA36.jpg,https://commons.wikimedia.org/wiki/File:Escultura_dun_carro_na_r%C3%BAa_do_Sar_-_Padr%C3%B3n_-_Galiza_-_PA36.jpg,https://upload.wikimedia.org/wikipedia/commons/d/d2/Escultura_dun_carro_na_r%C3%BAa_do_Sar_-_Padr%C3%B3n_-_Galiza_-_PA36.jpg,Luis Miguel Bugallo Sánchez (Lmbuga),CC BY-SA 3.0,4036x3582,2011-09-07,foto,2,2,"Puntuación = estimación automática por metadatos (título, resolución, categoría de calidad); SIN revisión visual | CC BY-SA: la obra derivada podría tener que compartirse igual (SA)","«Escultura dun carro na rúa do Sar - Padrón - Galiza - PA36.jpg», Luis Miguel Bugallo Sánchez (Lmbuga), CC BY-SA 3.0, vía Wikimedia Commons: https://commons.wikimedia.org/wiki/File:Escultura_dun_carro_na_r%C3%BAa_do_Sar_-_Padr%C3%B3n_-_Galiza_-_PA36.jpg"
02-carro-bois,"Coles, Albán, carro.JPG","https://commons.wikimedia.org/wiki/File:Coles,_Alb%C3%A1n,_carro.JPG",https://upload.wikimedia.org/wikipedia/commons/b/b3/Coles%2C_Alb%C3%A1n%2C_carro.JPG,HombreDHojalata,CC BY-SA 3.0,3368x2246,2012-07-04,foto,2,2,"Puntuación = estimación automática por metadatos (título, resolución, categoría de calidad); SIN revisión visual | CC BY-SA: la obra derivada podría tener que compartirse igual (SA)","«Coles, Albán, carro.JPG», HombreDHojalata, CC BY-SA 3.0, vía Wikimedia Commons: https://commons.wikimedia.org/wiki/File:Coles,_Alb%C3%A1n,_carro.JPG"
02-carro-bois,"Carro, Monte Pío, Santiago de Compostela.jpg","https://commons.wikimedia.org/wiki/File:Carro,_Monte_P%C3%ADo,_Santiago_de_Compostela.jpg",https://upload.wikimedia.org/wikipedia/commons/3/32/Carro%2C_Monte_P%C3%ADo%2C_Santiago_de_Compostela.jpg,Feans,CC BY 2.0,7325x4883,2014-07-17 00:25:39,foto,2,2,"Puntuación = estimación automática por metadatos (título, resolución, categoría de calidad); SIN revisión visual","«Carro, Monte Pío, Santiago de Compostela.jpg», Feans, CC BY 2.0, vía Wikimedia Commons: https://commons.wikimedia.org/wiki/File:Carro,_Monte_P%C3%ADo,_Santiago_de_Compostela.jpg"
02-carro-bois,El carro (15082527952).jpg,https://commons.wikimedia.org/wiki/File:El_carro_(15082527952).jpg,https://upload.wikimedia.org/wikipedia/commons/5/54/El_carro_%2815082527952%29.jpg,juantiagues,CC BY-SA 2.0,4608x3456,2014-05-31 17:08,foto,2,2,"Puntuación = estimación automática por metadatos (título, resolución, categoría de calidad); SIN revisión visual | CC BY-SA: la obra derivada podría tener que compartirse igual (SA)","«El carro (15082527952).jpg», juantiagues, CC BY-SA 2.0, vía Wikimedia Commons: https://commons.wikimedia.org/wiki/File:El_carro_(15082527952).jpg"
03-palloza-casa,El Cebreiro palloza ni.JPG,https://commons.wikimedia.org/wiki/File:El_Cebreiro_palloza_ni.JPG,https://upload.wikimedia.org/wikipedia/commons/a/a0/El_Cebreiro_palloza_ni.JPG,Nicolás Pérez,CC BY-SA 3.0,3264x2448,2010-10-30,foto,4,4,"Puntuación = estimación automática por metadatos (título, resolución, categoría de calidad); SIN revisión visual | CC BY-SA: la obra derivada podría tener que compartirse igual (SA)","«El Cebreiro palloza ni.JPG», Nicolás Pérez, CC BY-SA 3.0, vía Wikimedia Commons: https://commons.wikimedia.org/wiki/File:El_Cebreiro_palloza_ni.JPG"
03-palloza-casa,El Cebreiro Lugo palloza ni.jpg,https://commons.wikimedia.org/wiki/File:El_Cebreiro_Lugo_palloza_ni.jpg,https://upload.wikimedia.org/wikipedia/commons/1/19/El_Cebreiro_Lugo_palloza_ni.jpg,Nicolás Pérez,CC BY-SA 3.0,3264x2448,2010-10-30,foto,4,4,"Puntuación = estimación automática por metadatos (título, resolución, categoría de calidad); SIN revisión visual | CC BY-SA: la obra derivada podría tener que compartirse igual (SA)","«El Cebreiro Lugo palloza ni.jpg», Nicolás Pérez, CC BY-SA 3.0, vía Wikimedia Commons: https://commons.wikimedia.org/wiki/File:El_Cebreiro_Lugo_palloza_ni.jpg"
03-palloza-casa,Pallozas en Piornedo.JPG,https://commons.wikimedia.org/wiki/File:Pallozas_en_Piornedo.JPG,https://upload.wikimedia.org/wikipedia/commons/5/56/Pallozas_en_Piornedo.JPG,Vicente Maza Gómez,CC BY-SA 3.0,2048x1536,2008-12-24 15:08:39,foto,4,4,"Puntuación = estimación automática por metadatos (título, resolución, categoría de calidad); SIN revisión visual | CC BY-SA: la obra derivada podría tener que compartirse igual (SA)","«Pallozas en Piornedo.JPG», Vicente Maza Gómez, CC BY-SA 3.0, vía Wikimedia Commons: https://commons.wikimedia.org/wiki/File:Pallozas_en_Piornedo.JPG"
03-palloza-casa,Ancares 1976 63.jpg,https://commons.wikimedia.org/wiki/File:Ancares_1976_63.jpg,https://upload.wikimedia.org/wikipedia/commons/b/be/Ancares_1976_63.jpg,LBM1948,CC BY-SA 4.0,4421x2061,1976-08,foto,4,4,"Puntuación = estimación automática por metadatos (título, resolución, categoría de calidad); SIN revisión visual | CC BY-SA: la obra derivada podría tener que compartirse igual (SA)","«Ancares 1976 63.jpg», LBM1948, CC BY-SA 4.0, vía Wikimedia Commons: https://commons.wikimedia.org/wiki/File:Ancares_1976_63.jpg"
03-palloza-casa,Conxunto etnográfico das pallozas do Cebreiro.jpg,https://commons.wikimedia.org/wiki/File:Conxunto_etnogr%C3%A1fico_das_pallozas_do_Cebreiro.jpg,https://upload.wikimedia.org/wikipedia/commons/5/51/Conxunto_etnogr%C3%A1fico_das_pallozas_do_Cebreiro.jpg,Pacopac,CC BY-SA 4.0,5184x3888,2018-08-04 09:27:37,foto,4,4,"Puntuación = estimación automática por metadatos (título, resolución, categoría de calidad); SIN revisión visual | CC BY-SA: la obra derivada podría tener que compartirse igual (SA)","«Conxunto etnográfico das pallozas do Cebreiro.jpg», Pacopac, CC BY-SA 4.0, vía Wikimedia Commons: https://commons.wikimedia.org/wiki/File:Conxunto_etnogr%C3%A1fico_das_pallozas_do_Cebreiro.jpg"
03-palloza-casa,"Pallozas, O Piornedo, Cervantes.jpg","https://commons.wikimedia.org/wiki/File:Pallozas,_O_Piornedo,_Cervantes.jpg",https://upload.wikimedia.org/wikipedia/commons/5/52/Pallozas%2C_O_Piornedo%2C_Cervantes.jpg,Carlos de Paz,CC BY-SA 2.0,1105x644,2008-11-25 13:08:38,foto,3,3,"Puntuación = estimación automática por metadatos (título, resolución, categoría de calidad); SIN revisión visual | CC BY-SA: la obra derivada podría tener que compartirse igual (SA)","«Pallozas, O Piornedo, Cervantes.jpg», Carlos de Paz, CC BY-SA 2.0, vía Wikimedia Commons: https://commons.wikimedia.org/wiki/File:Pallozas,_O_Piornedo,_Cervantes.jpg"
03-palloza-casa,"Pallozas de San Román, Cervantes..jpg","https://commons.wikimedia.org/wiki/File:Pallozas_de_San_Rom%C3%A1n,_Cervantes..jpg",https://upload.wikimedia.org/wikipedia/commons/9/91/Pallozas_de_San_Rom%C3%A1n%2C_Cervantes..jpg,O Breixo,CC BY-SA 4.0,1566x881,2018-03-28,foto,3,3,"Puntuación = estimación automática por metadatos (título, resolución, categoría de calidad); SIN revisión visual | CC BY-SA: la obra derivada podría tener que compartirse igual (SA)","«Pallozas de San Román, Cervantes..jpg», O Breixo, CC BY-SA 4.0, vía Wikimedia Commons: https://commons.wikimedia.org/wiki/File:Pallozas_de_San_Rom%C3%A1n,_Cervantes..jpg"
03-palloza-casa,"Pallozas de San Román, en el municipio de Cervantes (Lugo, España).jpg","https://commons.wikimedia.org/wiki/File:Pallozas_de_San_Rom%C3%A1n,_en_el_municipio_de_Cervantes_(Lugo,_Espa%C3%B1a).jpg",https://upload.wikimedia.org/wikipedia/commons/5/57/Pallozas_de_San_Rom%C3%A1n%2C_en_el_municipio_de_Cervantes_%28Lugo%2C_Espa%C3%B1a%29.jpg,O Breixo,CC BY-SA 4.0,1262x718,2018-03-28,foto,3,3,"Puntuación = estimación automática por metadatos (título, resolución, categoría de calidad); SIN revisión visual | CC BY-SA: la obra derivada podría tener que compartirse igual (SA)","«Pallozas de San Román, en el municipio de Cervantes (Lugo, España).jpg», O Breixo, CC BY-SA 4.0, vía Wikimedia Commons: https://commons.wikimedia.org/wiki/File:Pallozas_de_San_Rom%C3%A1n,_en_el_municipio_de_Cervantes_(Lugo,_Espa%C3%B1a).jpg"
03-palloza-casa,"Pallozas nevadas, O Cebreiro.jpg","https://commons.wikimedia.org/wiki/File:Pallozas_nevadas,_O_Cebreiro.jpg",https://upload.wikimedia.org/wikipedia/commons/2/24/Pallozas_nevadas%2C_O_Cebreiro.jpg,Carlos de Paz,CC BY-SA 2.0,1200x452,2009-03-30 19:27:37,foto,3,3,"Puntuación = estimación automática por metadatos (título, resolución, categoría de calidad); SIN revisión visual | CC BY-SA: la obra derivada podría tener que compartirse igual (SA)","«Pallozas nevadas, O Cebreiro.jpg», Carlos de Paz, CC BY-SA 2.0, vía Wikimedia Commons: https://commons.wikimedia.org/wiki/File:Pallozas_nevadas,_O_Cebreiro.jpg"
03-palloza-casa,Palloza Cantexeira.jpg,https://commons.wikimedia.org/wiki/File:Palloza_Cantexeira.jpg,https://upload.wikimedia.org/wikipedia/commons/9/9a/Palloza_Cantexeira.jpg,FCPB,CC BY 3.0,2560x1920,2006-11,foto,2,2,"Puntuación = estimación automática por metadatos (título, resolución, categoría de calidad); SIN revisión visual","«Palloza Cantexeira.jpg», FCPB, CC BY 3.0, vía Wikimedia Commons: https://commons.wikimedia.org/wiki/File:Palloza_Cantexeira.jpg"
03-palloza-casa,Palloza galega.jpg,https://commons.wikimedia.org/wiki/File:Palloza_galega.jpg,https://upload.wikimedia.org/wikipedia/commons/2/20/Palloza_galega.jpg,gl:Usuario:Pablofc4,CC BY-SA 2.5 es,2272x1704,2004,foto,2,2,"Puntuación = estimación automática por metadatos (título, resolución, categoría de calidad); SIN revisión visual | CC BY-SA: la obra derivada podría tener que compartirse igual (SA)","«Palloza galega.jpg», gl:Usuario:Pablofc4, CC BY-SA 2.5 es, vía Wikimedia Commons: https://commons.wikimedia.org/wiki/File:Palloza_galega.jpg"
03-palloza-casa,Hotel Balneario de Pambre - 02 - Palloza.jpg,https://commons.wikimedia.org/wiki/File:Hotel_Balneario_de_Pambre_-_02_-_Palloza.jpg,https://upload.wikimedia.org/wikipedia/commons/d/d3/Hotel_Balneario_de_Pambre_-_02_-_Palloza.jpg,Xosema,CC BY-SA 4.0,3648x2736,2010-11-21,foto,2,2,"Puntuación = estimación automática por metadatos (título, resolución, categoría de calidad); SIN revisión visual | CC BY-SA: la obra derivada podría tener que compartirse igual (SA) | Posible gente reconocible: revisar; usar solo como referencia de forma/ropa","«Hotel Balneario de Pambre - 02 - Palloza.jpg», Xosema, CC BY-SA 4.0, vía Wikimedia Commons: https://commons.wikimedia.org/wiki/File:Hotel_Balneario_de_Pambre_-_02_-_Palloza.jpg"
03-palloza-casa,Hotel Balneario de Pambre - 03 - Palloza.jpg,https://commons.wikimedia.org/wiki/File:Hotel_Balneario_de_Pambre_-_03_-_Palloza.jpg,https://upload.wikimedia.org/wikipedia/commons/b/b2/Hotel_Balneario_de_Pambre_-_03_-_Palloza.jpg,Xosema,CC BY-SA 4.0,3648x2736,2010-11-21,foto,2,2,"Puntuación = estimación automática por metadatos (título, resolución, categoría de calidad); SIN revisión visual | CC BY-SA: la obra derivada podría tener que compartirse igual (SA) | Posible gente reconocible: revisar; usar solo como referencia de forma/ropa","«Hotel Balneario de Pambre - 03 - Palloza.jpg», Xosema, CC BY-SA 4.0, vía Wikimedia Commons: https://commons.wikimedia.org/wiki/File:Hotel_Balneario_de_Pambre_-_03_-_Palloza.jpg"
03-palloza-casa,Hotel Balneario de Pambre - 04 - Palloza.jpg,https://commons.wikimedia.org/wiki/File:Hotel_Balneario_de_Pambre_-_04_-_Palloza.jpg,https://upload.wikimedia.org/wikipedia/commons/8/8c/Hotel_Balneario_de_Pambre_-_04_-_Palloza.jpg,Xosema,CC BY-SA 4.0,3648x2736,2010-11-21,foto,2,2,"Puntuación = estimación automática por metadatos (título, resolución, categoría de calidad); SIN revisión visual | CC BY-SA: la obra derivada podría tener que compartirse igual (SA) | Posible gente reconocible: revisar; usar solo como referencia de forma/ropa","«Hotel Balneario de Pambre - 04 - Palloza.jpg», Xosema, CC BY-SA 4.0, vía Wikimedia Commons: https://commons.wikimedia.org/wiki/File:Hotel_Balneario_de_Pambre_-_04_-_Palloza.jpg"
03-palloza-casa,Hotel Balneario de Pambre - 06 - Palloza.jpg,https://commons.wikimedia.org/wiki/File:Hotel_Balneario_de_Pambre_-_06_-_Palloza.jpg,https://upload.wikimedia.org/wikipedia/commons/b/bf/Hotel_Balneario_de_Pambre_-_06_-_Palloza.jpg,Xosema,CC BY-SA 4.0,3648x2736,2010-11-21,foto,2,2,"Puntuación = estimación automática por metadatos (título, resolución, categoría de calidad); SIN revisión visual | CC BY-SA: la obra derivada podría tener que compartirse igual (SA) | Posible gente reconocible: revisar; usar solo como referencia de forma/ropa","«Hotel Balneario de Pambre - 06 - Palloza.jpg», Xosema, CC BY-SA 4.0, vía Wikimedia Commons: https://commons.wikimedia.org/wiki/File:Hotel_Balneario_de_Pambre_-_06_-_Palloza.jpg"
03-palloza-casa,Canedo 01 palloza by-dpc.jpg,https://commons.wikimedia.org/wiki/File:Canedo_01_palloza_by-dpc.jpg,https://upload.wikimedia.org/wikipedia/commons/1/17/Canedo_01_palloza_by-dpc.jpg,David Perez,CC BY 3.0,3872x2592,2012-12-06,foto,2,2,"Puntuación = estimación automática por metadatos (título, resolución, categoría de calidad); SIN revisión visual","«Canedo 01 palloza by-dpc.jpg», David Perez, CC BY 3.0, vía Wikimedia Commons: https://commons.wikimedia.org/wiki/File:Canedo_01_palloza_by-dpc.jpg"
04-pazo,"Pazo de Mariñán, fachada capilla.jpg","https://commons.wikimedia.org/wiki/File:Pazo_de_Mari%C3%B1%C3%A1n,_fachada_capilla.jpg",https://upload.wikimedia.org/wikipedia/commons/5/58/Pazo_de_Mari%C3%B1%C3%A1n%2C_fachada_capilla.jpg,Ird ge,CC BY-SA 3.0 es,2400x3600,2011-09-19,foto,4,4,"Puntuación = estimación automática por metadatos (título, resolución, categoría de calidad); SIN revisión visual | CC BY-SA: la obra derivada podría tener que compartirse igual (SA)","«Pazo de Mariñán, fachada capilla.jpg», Ird ge, CC BY-SA 3.0 es, vía Wikimedia Commons: https://commons.wikimedia.org/wiki/File:Pazo_de_Mari%C3%B1%C3%A1n,_fachada_capilla.jpg"
04-pazo,"Pazo de Mariñán, Fachada Capilla.jpg","https://commons.wikimedia.org/wiki/File:Pazo_de_Mari%C3%B1%C3%A1n,_Fachada_Capilla.jpg",https://upload.wikimedia.org/wikipedia/commons/a/a3/Pazo_de_Mari%C3%B1%C3%A1n%2C_Fachada_Capilla.jpg,Ird ge,CC BY-SA 3.0 es,2592x3888,2011-09-19,foto,4,4,"Puntuación = estimación automática por metadatos (título, resolución, categoría de calidad); SIN revisión visual | CC BY-SA: la obra derivada podría tener que compartirse igual (SA)","«Pazo de Mariñán, Fachada Capilla.jpg», Ird ge, CC BY-SA 3.0 es, vía Wikimedia Commons: https://commons.wikimedia.org/wiki/File:Pazo_de_Mari%C3%B1%C3%A1n,_Fachada_Capilla.jpg"
04-pazo,Entrada da Capela do Pazo de Rioboo.JPG,https://commons.wikimedia.org/wiki/File:Entrada_da_Capela_do_Pazo_de_Rioboo.JPG,https://upload.wikimedia.org/wikipedia/commons/3/31/Entrada_da_Capela_do_Pazo_de_Rioboo.JPG,Lansbricae,CC BY-SA 2.5 es,1536x2048,3/12/2006,foto,4,4,"Puntuación = estimación automática por metadatos (título, resolución, categoría de calidad); SIN revisión visual | CC BY-SA: la obra derivada podría tener que compartirse igual (SA)","«Entrada da Capela do Pazo de Rioboo.JPG», Lansbricae, CC BY-SA 2.5 es, vía Wikimedia Commons: https://commons.wikimedia.org/wiki/File:Entrada_da_Capela_do_Pazo_de_Rioboo.JPG"
04-pazo,"Fachada da capela de San Xoián Nepomuceno, pazo de Antequeira.jpg","https://commons.wikimedia.org/wiki/File:Fachada_da_capela_de_San_Xoi%C3%A1n_Nepomuceno,_pazo_de_Antequeira.jpg",https://upload.wikimedia.org/wikipedia/commons/2/27/Fachada_da_capela_de_San_Xoi%C3%A1n_Nepomuceno%2C_pazo_de_Antequeira.jpg,Dodro,CC BY-SA 4.0,2964x4022,2025-10-17,foto,4,4,"Puntuación = estimación automática por metadatos (título, resolución, categoría de calidad); SIN revisión visual | CC BY-SA: la obra derivada podría tener que compartirse igual (SA)","«Fachada da capela de San Xoián Nepomuceno, pazo de Antequeira.jpg», Dodro, CC BY-SA 4.0, vía Wikimedia Commons: https://commons.wikimedia.org/wiki/File:Fachada_da_capela_de_San_Xoi%C3%A1n_Nepomuceno,_pazo_de_Antequeira.jpg"
04-pazo,"Fachada principal da capela de San Xoián Nepomuceno, pazo de Antequeira.jpg","https://commons.wikimedia.org/wiki/File:Fachada_principal_da_capela_de_San_Xoi%C3%A1n_Nepomuceno,_pazo_de_Antequeira.jpg",https://upload.wikimedia.org/wikipedia/commons/b/b3/Fachada_principal_da_capela_de_San_Xoi%C3%A1n_Nepomuceno%2C_pazo_de_Antequeira.jpg,Dodro,CC BY-SA 4.0,3072x4096,2025-10-17 18:24:45,foto,4,4,"Puntuación = estimación automática por metadatos (título, resolución, categoría de calidad); SIN revisión visual | CC BY-SA: la obra derivada podría tener que compartirse igual (SA)","«Fachada principal da capela de San Xoián Nepomuceno, pazo de Antequeira.jpg», Dodro, CC BY-SA 4.0, vía Wikimedia Commons: https://commons.wikimedia.org/wiki/File:Fachada_principal_da_capela_de_San_Xoi%C3%A1n_Nepomuceno,_pazo_de_Antequeira.jpg"
04-pazo,Patio de Labor 03.jpg,https://commons.wikimedia.org/wiki/File:Patio_de_Labor_03.jpg,https://upload.wikimedia.org/wikipedia/commons/b/b9/Patio_de_Labor_03.jpg,Miguel Hermoso Cuesta,CC BY-SA 4.0,4032x3024,2017-08-18 12:35:29,foto,4,4,"Puntuación = estimación automática por metadatos (título, resolución, categoría de calidad); SIN revisión visual | CC BY-SA: la obra derivada podría tener que compartirse igual (SA)","«Patio de Labor 03.jpg», Miguel Hermoso Cuesta, CC BY-SA 4.0, vía Wikimedia Commons: https://commons.wikimedia.org/wiki/File:Patio_de_Labor_03.jpg"
04-pazo,"Torre do Pazo de Oca, A Estrada.jpg","https://commons.wikimedia.org/wiki/File:Torre_do_Pazo_de_Oca,_A_Estrada.jpg",https://upload.wikimedia.org/wikipedia/commons/9/92/Torre_do_Pazo_de_Oca%2C_A_Estrada.jpg,"Certo Xornal from Ribeira, Galicia, España",CC BY-SA 2.0,1536x2048,2010-08-14 18:04,foto,4,4,"Puntuación = estimación automática por metadatos (título, resolución, categoría de calidad); SIN revisión visual | CC BY-SA: la obra derivada podría tener que compartirse igual (SA)","«Torre do Pazo de Oca, A Estrada.jpg», Certo Xornal from Ribeira, Galicia, España, CC BY-SA 2.0, vía Wikimedia Commons: https://commons.wikimedia.org/wiki/File:Torre_do_Pazo_de_Oca,_A_Estrada.jpg"
04-pazo,Patio Pazo de Oca 01.jpg,https://commons.wikimedia.org/wiki/File:Patio_Pazo_de_Oca_01.jpg,https://upload.wikimedia.org/wikipedia/commons/7/7e/Patio_Pazo_de_Oca_01.jpg,Miguel Hermoso Cuesta,CC BY-SA 4.0,5184x3456,2017-08-18 12:56:04,foto,4,4,"Puntuación = estimación automática por metadatos (título, resolución, categoría de calidad); SIN revisión visual | CC BY-SA: la obra derivada podría tener que compartirse igual (SA)","«Patio Pazo de Oca 01.jpg», Miguel Hermoso Cuesta, CC BY-SA 4.0, vía Wikimedia Commons: https://commons.wikimedia.org/wiki/File:Patio_Pazo_de_Oca_01.jpg"
04-pazo,Pazo Baión-Dentro del palomar (15655398068).jpg,https://commons.wikimedia.org/wiki/File:Pazo_Bai%C3%B3n-Dentro_del_palomar_(15655398068).jpg,https://upload.wikimedia.org/wikipedia/commons/2/28/Pazo_Bai%C3%B3n-Dentro_del_palomar_%2815655398068%29.jpg,juantiagues,CC BY-SA 2.0,4608x3456,2014-10-18 12:01,foto,4,4,"Puntuación = estimación automática por metadatos (título, resolución, categoría de calidad); SIN revisión visual | CC BY-SA: la obra derivada podría tener que compartirse igual (SA)","«Pazo Baión-Dentro del palomar (15655398068).jpg», juantiagues, CC BY-SA 2.0, vía Wikimedia Commons: https://commons.wikimedia.org/wiki/File:Pazo_Bai%C3%B3n-Dentro_del_palomar_(15655398068).jpg"
04-pazo,"Pazo de Paizás, Cira, Silleda.jpg","https://commons.wikimedia.org/wiki/File:Pazo_de_Paiz%C3%A1s,_Cira,_Silleda.jpg",https://upload.wikimedia.org/wikipedia/commons/a/a8/Pazo_de_Paiz%C3%A1s%2C_Cira%2C_Silleda.jpg,Lansbricae,CC BY-SA 2.0,3072x2304,2009-02-28 12:36:31,foto,4,4,"Puntuación = estimación automática por metadatos (título, resolución, categoría de calidad); SIN revisión visual | CC BY-SA: la obra derivada podría tener que compartirse igual (SA)","«Pazo de Paizás, Cira, Silleda.jpg», Lansbricae, CC BY-SA 2.0, vía Wikimedia Commons: https://commons.wikimedia.org/wiki/File:Pazo_de_Paiz%C3%A1s,_Cira,_Silleda.jpg"
04-pazo,Pazo dos Besada.jpg,https://commons.wikimedia.org/wiki/File:Pazo_dos_Besada.jpg,https://upload.wikimedia.org/wikipedia/commons/b/ba/Pazo_dos_Besada.jpg,Adrián Estévez (Estevoaei),CC BY-SA 4.0,2888x2046,2015-01-26,foto,4,4,"Puntuación = estimación automática por metadatos (título, resolución, categoría de calidad); SIN revisión visual | CC BY-SA: la obra derivada podría tener que compartirse igual (SA)","«Pazo dos Besada.jpg», Adrián Estévez (Estevoaei), CC BY-SA 4.0, vía Wikimedia Commons: https://commons.wikimedia.org/wiki/File:Pazo_dos_Besada.jpg"
04-pazo,Fachada principal do Pazo de Mos.JPG,https://commons.wikimedia.org/wiki/File:Fachada_principal_do_Pazo_de_Mos.JPG,https://upload.wikimedia.org/wikipedia/commons/9/91/Fachada_principal_do_Pazo_de_Mos.JPG,Cunetas,CC BY-SA 3.0,3264x2448,2009-02-06,foto,4,4,"Puntuación = estimación automática por metadatos (título, resolución, categoría de calidad); SIN revisión visual | CC BY-SA: la obra derivada podría tener que compartirse igual (SA)","«Fachada principal do Pazo de Mos.JPG», Cunetas, CC BY-SA 3.0, vía Wikimedia Commons: https://commons.wikimedia.org/wiki/File:Fachada_principal_do_Pazo_de_Mos.JPG"
04-pazo,"Pazo da Toxeiriña en Silvoso (Lamas, Moraña) - capela.jpg","https://commons.wikimedia.org/wiki/File:Pazo_da_Toxeiri%C3%B1a_en_Silvoso_(Lamas,_Mora%C3%B1a)_-_capela.jpg",https://upload.wikimedia.org/wikipedia/commons/8/88/Pazo_da_Toxeiri%C3%B1a_en_Silvoso_%28Lamas%2C_Mora%C3%B1a%29_-_capela.jpg,Estevoaei,CC BY-SA 4.0,6000x4000,2026-03-21 11:32:44,foto,4,4,"Puntuación = estimación automática por metadatos (título, resolución, categoría de calidad); SIN revisión visual | CC BY-SA: la obra derivada podría tener que compartirse igual (SA)","«Pazo da Toxeiriña en Silvoso (Lamas, Moraña) - capela.jpg», Estevoaei, CC BY-SA 4.0, vía Wikimedia Commons: https://commons.wikimedia.org/wiki/File:Pazo_da_Toxeiri%C3%B1a_en_Silvoso_(Lamas,_Mora%C3%B1a)_-_capela.jpg"
04-pazo,Torre de Couso.JPG,https://commons.wikimedia.org/wiki/File:Torre_de_Couso.JPG,https://upload.wikimedia.org/wikipedia/commons/7/77/Torre_de_Couso.JPG,AlonsoMartinez,CC BY-SA 3.0,3258x2440,2014-04-18 19:13:00,foto,4,4,"Puntuación = estimación automática por metadatos (título, resolución, categoría de calidad); SIN revisión visual | CC BY-SA: la obra derivada podría tener que compartirse igual (SA)","«Torre de Couso.JPG», AlonsoMartinez, CC BY-SA 3.0, vía Wikimedia Commons: https://commons.wikimedia.org/wiki/File:Torre_de_Couso.JPG"
04-pazo,Vigo - Casa Torre de Pazos Figueroa 3.JPG,https://commons.wikimedia.org/wiki/File:Vigo_-_Casa_Torre_de_Pazos_Figueroa_3.JPG,https://upload.wikimedia.org/wikipedia/commons/3/3f/Vigo_-_Casa_Torre_de_Pazos_Figueroa_3.JPG,Zarateman,CC0,2048x1536,2015-09-20,foto,4,4,"Puntuación = estimación automática por metadatos (título, resolución, categoría de calidad); SIN revisión visual","«Vigo - Casa Torre de Pazos Figueroa 3.JPG», Zarateman, CC0, vía Wikimedia Commons: https://commons.wikimedia.org/wiki/File:Vigo_-_Casa_Torre_de_Pazos_Figueroa_3.JPG"
04-pazo,"Ribadumia, pazo de Sisán 01-02a.jpg","https://commons.wikimedia.org/wiki/File:Ribadumia,_pazo_de_Sis%C3%A1n_01-02a.jpg",https://upload.wikimedia.org/wikipedia/commons/f/f4/Ribadumia%2C_pazo_de_Sis%C3%A1n_01-02a.jpg,Lameiro,CC BY-SA 4.0,3088x2056,2017-09-11 19:34:45,foto,4,4,"Puntuación = estimación automática por metadatos (título, resolución, categoría de calidad); SIN revisión visual | CC BY-SA: la obra derivada podría tener que compartirse igual (SA)","«Ribadumia, pazo de Sisán 01-02a.jpg», Lameiro, CC BY-SA 4.0, vía Wikimedia Commons: https://commons.wikimedia.org/wiki/File:Ribadumia,_pazo_de_Sis%C3%A1n_01-02a.jpg"
05-cruceiro-peto,Peto de ánimas no Cruceiro do Acordo en Mañufe.jpg,https://commons.wikimedia.org/wiki/File:Peto_de_%C3%A1nimas_no_Cruceiro_do_Acordo_en_Ma%C3%B1ufe.jpg,https://upload.wikimedia.org/wikipedia/commons/d/df/Peto_de_%C3%A1nimas_no_Cruceiro_do_Acordo_en_Ma%C3%B1ufe.jpg,Varperalta,CC BY-SA 4.0,3456x5184,2020-05-30,foto,4,4,"Puntuación = estimación automática por metadatos (título, resolución, categoría de calidad); SIN revisión visual | CC BY-SA: la obra derivada podría tener que compartirse igual (SA)","«Peto de ánimas no Cruceiro do Acordo en Mañufe.jpg», Varperalta, CC BY-SA 4.0, vía Wikimedia Commons: https://commons.wikimedia.org/wiki/File:Peto_de_%C3%A1nimas_no_Cruceiro_do_Acordo_en_Ma%C3%B1ufe.jpg"
05-cruceiro-peto,Peto de ánimas en Portosín - Galiza-2.jpg,https://commons.wikimedia.org/wiki/File:Peto_de_%C3%A1nimas_en_Portos%C3%ADn_-_Galiza-2.jpg,https://upload.wikimedia.org/wikipedia/commons/9/9b/Peto_de_%C3%A1nimas_en_Portos%C3%ADn_-_Galiza-2.jpg,Luis Miguel Bugallo Sánchez,CC BY-SA 3.0,1508x3573,2010-08-30,foto,4,4,"Puntuación = estimación automática por metadatos (título, resolución, categoría de calidad); SIN revisión visual | CC BY-SA: la obra derivada podría tener que compartirse igual (SA)","«Peto de ánimas en Portosín - Galiza-2.jpg», Luis Miguel Bugallo Sánchez, CC BY-SA 3.0, vía Wikimedia Commons: https://commons.wikimedia.org/wiki/File:Peto_de_%C3%A1nimas_en_Portos%C3%ADn_-_Galiza-2.jpg"
05-cruceiro-peto,Peto de ánimas - Vilanova dos Infantes - Celanova - Galiza VI.01.jpg,https://commons.wikimedia.org/wiki/File:Peto_de_%C3%A1nimas_-_Vilanova_dos_Infantes_-_Celanova_-_Galiza_VI.01.jpg,https://upload.wikimedia.org/wikipedia/commons/f/f8/Peto_de_%C3%A1nimas_-_Vilanova_dos_Infantes_-_Celanova_-_Galiza_VI.01.jpg,Luis Miguel Bugallo Sánchez (Lmbuga),CC BY-SA 3.0,3011x3809,2011-10-16,foto,4,4,"Puntuación = estimación automática por metadatos (título, resolución, categoría de calidad); SIN revisión visual | CC BY-SA: la obra derivada podría tener que compartirse igual (SA)","«Peto de ánimas - Vilanova dos Infantes - Celanova - Galiza VI.01.jpg», Luis Miguel Bugallo Sánchez (Lmbuga), CC BY-SA 3.0, vía Wikimedia Commons: https://commons.wikimedia.org/wiki/File:Peto_de_%C3%A1nimas_-_Vilanova_dos_Infantes_-_Celanova_-_Galiza_VI.01.jpg"
05-cruceiro-peto,"36990 Noalla 03, A Revolta 02-04a.jpg","https://commons.wikimedia.org/wiki/File:36990_Noalla_03,_A_Revolta_02-04a.jpg",https://upload.wikimedia.org/wikipedia/commons/c/cd/36990_Noalla_03%2C_A_Revolta_02-04a.jpg,Lameiro,CC BY-SA 4.0,3088x2056,2017-02-08 17:36:29,foto,4,4,"Puntuación = estimación automática por metadatos (título, resolución, categoría de calidad); SIN revisión visual | CC BY-SA: la obra derivada podría tener que compartirse igual (SA)","«36990 Noalla 03, A Revolta 02-04a.jpg», Lameiro, CC BY-SA 4.0, vía Wikimedia Commons: https://commons.wikimedia.org/wiki/File:36990_Noalla_03,_A_Revolta_02-04a.jpg"
05-cruceiro-peto,"Peto de ánimas, Sobreira, Ourense.jpg","https://commons.wikimedia.org/wiki/File:Peto_de_%C3%A1nimas,_Sobreira,_Ourense.jpg",https://upload.wikimedia.org/wikipedia/commons/9/9b/Peto_de_%C3%A1nimas%2C_Sobreira%2C_Ourense.jpg,Simon Burchell,CC BY-SA 4.0,3096x4128,2018-08-17 11:19:26,foto,4,4,"Puntuación = estimación automática por metadatos (título, resolución, categoría de calidad); SIN revisión visual | CC BY-SA: la obra derivada podría tener que compartirse igual (SA)","«Peto de ánimas, Sobreira, Ourense.jpg», Simon Burchell, CC BY-SA 4.0, vía Wikimedia Commons: https://commons.wikimedia.org/wiki/File:Peto_de_%C3%A1nimas,_Sobreira,_Ourense.jpg"
05-cruceiro-peto,"Cambados 09, Castrelo 04-04r.jpg","https://commons.wikimedia.org/wiki/File:Cambados_09,_Castrelo_04-04r.jpg",https://upload.wikimedia.org/wikipedia/commons/b/bf/Cambados_09%2C_Castrelo_04-04r.jpg,Lameiro,CC BY-SA 4.0,1289x2226,2019-09-16 13:13:25,foto,4,4,"Puntuación = estimación automática por metadatos (título, resolución, categoría de calidad); SIN revisión visual | CC BY-SA: la obra derivada podría tener que compartirse igual (SA)","«Cambados 09, Castrelo 04-04r.jpg», Lameiro, CC BY-SA 4.0, vía Wikimedia Commons: https://commons.wikimedia.org/wiki/File:Cambados_09,_Castrelo_04-04r.jpg"
05-cruceiro-peto,"Baiona 01, Ponte da Ramallosa 01-03b.jpg","https://commons.wikimedia.org/wiki/File:Baiona_01,_Ponte_da_Ramallosa_01-03b.jpg",https://upload.wikimedia.org/wikipedia/commons/5/57/Baiona_01%2C_Ponte_da_Ramallosa_01-03b.jpg,Lameiro,CC BY-SA 4.0,3088x2056,2020-10-12 18:30:13,foto,4,4,"Puntuación = estimación automática por metadatos (título, resolución, categoría de calidad); SIN revisión visual | CC BY-SA: la obra derivada podría tener que compartirse igual (SA)","«Baiona 01, Ponte da Ramallosa 01-03b.jpg», Lameiro, CC BY-SA 4.0, vía Wikimedia Commons: https://commons.wikimedia.org/wiki/File:Baiona_01,_Ponte_da_Ramallosa_01-03b.jpg"
05-cruceiro-peto,PETO DAS ÁNIMAS.jpg,https://commons.wikimedia.org/wiki/File:PETO_DAS_%C3%81NIMAS.jpg,https://upload.wikimedia.org/wikipedia/commons/a/a6/PETO_DAS_%C3%81NIMAS.jpg,Pedro Losada,CC BY-SA 4.0,2736x3648,2020-08-18,foto,4,4,"Puntuación = estimación automática por metadatos (título, resolución, categoría de calidad); SIN revisión visual | CC BY-SA: la obra derivada podría tener que compartirse igual (SA)","«PETO DAS ÁNIMAS.jpg», Pedro Losada, CC BY-SA 4.0, vía Wikimedia Commons: https://commons.wikimedia.org/wiki/File:PETO_DAS_%C3%81NIMAS.jpg"
05-cruceiro-peto,2018. Cruceiro en Vigo. Galiza.jpg,https://commons.wikimedia.org/wiki/File:2018._Cruceiro_en_Vigo._Galiza.jpg,https://upload.wikimedia.org/wikipedia/commons/1/15/2018._Cruceiro_en_Vigo._Galiza.jpg,Luis Miguel Bugallo Sánchez (Lmbuga),CC BY-SA 4.0,2777x4165,2017-02-27 14:36:36,foto,4,4,"Puntuación = estimación automática por metadatos (título, resolución, categoría de calidad); SIN revisión visual | CC BY-SA: la obra derivada podría tener que compartirse igual (SA)","«2018. Cruceiro en Vigo. Galiza.jpg», Luis Miguel Bugallo Sánchez (Lmbuga), CC BY-SA 4.0, vía Wikimedia Commons: https://commons.wikimedia.org/wiki/File:2018._Cruceiro_en_Vigo._Galiza.jpg"
05-cruceiro-peto,"Peto de ánimas e muíño en Escuadra, A Lama.jpg","https://commons.wikimedia.org/wiki/File:Peto_de_%C3%A1nimas_e_mu%C3%AD%C3%B1o_en_Escuadra,_A_Lama.jpg",https://upload.wikimedia.org/wikipedia/commons/b/b8/Peto_de_%C3%A1nimas_e_mu%C3%AD%C3%B1o_en_Escuadra%2C_A_Lama.jpg,"Gabriel González from Valongo-Cotobade, España",CC BY-SA 2.0,3888x2592,2011-02-12 13:47,foto,4,4,"Puntuación = estimación automática por metadatos (título, resolución, categoría de calidad); SIN revisión visual | CC BY-SA: la obra derivada podría tener que compartirse igual (SA)","«Peto de ánimas e muíño en Escuadra, A Lama.jpg», Gabriel González from Valongo-Cotobade, España, CC BY-SA 2.0, vía Wikimedia Commons: https://commons.wikimedia.org/wiki/File:Peto_de_%C3%A1nimas_e_mu%C3%AD%C3%B1o_en_Escuadra,_A_Lama.jpg"
05-cruceiro-peto,"Forzáns, peto de ánimas, reloxo de sol.JPG","https://commons.wikimedia.org/wiki/File:Forz%C3%A1ns,_peto_de_%C3%A1nimas,_reloxo_de_sol.JPG",https://upload.wikimedia.org/wikipedia/commons/d/d4/Forz%C3%A1ns%2C_peto_de_%C3%A1nimas%2C_reloxo_de_sol.JPG,HombreDHojalata,CC BY-SA 3.0,3238x2590,Taken on 15 June 2012,foto,4,4,"Puntuación = estimación automática por metadatos (título, resolución, categoría de calidad); SIN revisión visual | CC BY-SA: la obra derivada podría tener que compartirse igual (SA)","«Forzáns, peto de ánimas, reloxo de sol.JPG», HombreDHojalata, CC BY-SA 3.0, vía Wikimedia Commons: https://commons.wikimedia.org/wiki/File:Forz%C3%A1ns,_peto_de_%C3%A1nimas,_reloxo_de_sol.JPG"
05-cruceiro-peto,Ponte Caldelas 02-01b.jpg,https://commons.wikimedia.org/wiki/File:Ponte_Caldelas_02-01b.jpg,https://upload.wikimedia.org/wikipedia/commons/2/23/Ponte_Caldelas_02-01b.jpg,Lameiro,CC BY-SA 4.0,2056x3088,2016-08-11 15:48:22,foto,4,4,"Puntuación = estimación automática por metadatos (título, resolución, categoría de calidad); SIN revisión visual | CC BY-SA: la obra derivada podría tener que compartirse igual (SA)","«Ponte Caldelas 02-01b.jpg», Lameiro, CC BY-SA 4.0, vía Wikimedia Commons: https://commons.wikimedia.org/wiki/File:Ponte_Caldelas_02-01b.jpg"
05-cruceiro-peto,Edícula do peto de ánimas do Toural.jpg,https://commons.wikimedia.org/wiki/File:Ed%C3%ADcula_do_peto_de_%C3%A1nimas_do_Toural.jpg,https://upload.wikimedia.org/wikipedia/commons/b/b7/Ed%C3%ADcula_do_peto_de_%C3%A1nimas_do_Toural.jpg,Marcos Dios Almeida,CC BY-SA 4.0,2000x1500,2020-08-24,foto,4,4,"Puntuación = estimación automática por metadatos (título, resolución, categoría de calidad); SIN revisión visual | CC BY-SA: la obra derivada podría tener que compartirse igual (SA)","«Edícula do peto de ánimas do Toural.jpg», Marcos Dios Almeida, CC BY-SA 4.0, vía Wikimedia Commons: https://commons.wikimedia.org/wiki/File:Ed%C3%ADcula_do_peto_de_%C3%A1nimas_do_Toural.jpg"
05-cruceiro-peto,Peto de ánimas de Sordos (Bande) - panel.jpg,https://commons.wikimedia.org/wiki/File:Peto_de_%C3%A1nimas_de_Sordos_(Bande)_-_panel.jpg,https://upload.wikimedia.org/wikipedia/commons/8/8e/Peto_de_%C3%A1nimas_de_Sordos_%28Bande%29_-_panel.jpg,Estevoaei,CC BY-SA 4.0,4000x6000,2025-04-04 10:47:15,foto,4,4,"Puntuación = estimación automática por metadatos (título, resolución, categoría de calidad); SIN revisión visual | CC BY-SA: la obra derivada podría tener que compartirse igual (SA)","«Peto de ánimas de Sordos (Bande) - panel.jpg», Estevoaei, CC BY-SA 4.0, vía Wikimedia Commons: https://commons.wikimedia.org/wiki/File:Peto_de_%C3%A1nimas_de_Sordos_(Bande)_-_panel.jpg"
05-cruceiro-peto,"Peto de ánimas de Santa Lucía, Caldas de Reis.jpg","https://commons.wikimedia.org/wiki/File:Peto_de_%C3%A1nimas_de_Santa_Luc%C3%ADa,_Caldas_de_Reis.jpg",https://upload.wikimedia.org/wikipedia/commons/0/0b/Peto_de_%C3%A1nimas_de_Santa_Luc%C3%ADa%2C_Caldas_de_Reis.jpg,Estevoaei,CC BY-SA 4.0,1438x1426,2011-06-09 09:05,foto,3,3,"Puntuación = estimación automática por metadatos (título, resolución, categoría de calidad); SIN revisión visual | CC BY-SA: la obra derivada podría tener que compartirse igual (SA)","«Peto de ánimas de Santa Lucía, Caldas de Reis.jpg», Estevoaei, CC BY-SA 4.0, vía Wikimedia Commons: https://commons.wikimedia.org/wiki/File:Peto_de_%C3%A1nimas_de_Santa_Luc%C3%ADa,_Caldas_de_Reis.jpg"
05-cruceiro-peto,Peto A Lama.jpg,https://commons.wikimedia.org/wiki/File:Peto_A_Lama.jpg,https://upload.wikimedia.org/wikipedia/commons/2/2f/Peto_A_Lama.jpg,Adrián Estévez (Estevoaei),CC BY-SA 4.0,1196x1568,2011-11-19,foto,3,3,"Puntuación = estimación automática por metadatos (título, resolución, categoría de calidad); SIN revisión visual | CC BY-SA: la obra derivada podría tener que compartirse igual (SA)","«Peto A Lama.jpg», Adrián Estévez (Estevoaei), CC BY-SA 4.0, vía Wikimedia Commons: https://commons.wikimedia.org/wiki/File:Peto_A_Lama.jpg"
06-cocina,"Festa da Malla 2022, 19.jpg","https://commons.wikimedia.org/wiki/File:Festa_da_Malla_2022,_19.jpg",https://upload.wikimedia.org/wikipedia/commons/1/17/Festa_da_Malla_2022%2C_19.jpg,Lameiro,CC BY-SA 4.0,3088x2056,2022-08-14 14:23:18,foto,4,4,"Puntuación = estimación automática por metadatos (título, resolución, categoría de calidad); SIN revisión visual | CC BY-SA: la obra derivada podría tener que compartirse igual (SA) | Posible gente reconocible: revisar; usar solo como referencia de forma/ropa","«Festa da Malla 2022, 19.jpg», Lameiro, CC BY-SA 4.0, vía Wikimedia Commons: https://commons.wikimedia.org/wiki/File:Festa_da_Malla_2022,_19.jpg"
06-cocina,Lareira rural.jpg,https://commons.wikimedia.org/wiki/File:Lareira_rural.jpg,https://upload.wikimedia.org/wikipedia/commons/f/f4/Lareira_rural.jpg,Pedro M. Martínez Corada (www.martinezcorada.es),CC BY-SA 4.0,3418x2278,2010-03-21 12:32:32,foto,4,4,"Puntuación = estimación automática por metadatos (título, resolución, categoría de calidad); SIN revisión visual | CC BY-SA: la obra derivada podría tener que compartirse igual (SA)","«Lareira rural.jpg», Pedro M. Martínez Corada (www.martinezcorada.es), CC BY-SA 4.0, vía Wikimedia Commons: https://commons.wikimedia.org/wiki/File:Lareira_rural.jpg"
06-cocina,"Reitoral de Beiro, Carballeda de Avia 3.jpg","https://commons.wikimedia.org/wiki/File:Reitoral_de_Beiro,_Carballeda_de_Avia_3.jpg",https://upload.wikimedia.org/wikipedia/commons/0/0a/Reitoral_de_Beiro%2C_Carballeda_de_Avia_3.jpg,José Antonio Gil Martínez,CC BY 2.0,3264x2448,2010-01-14 17:08:11,foto,2,2,"Puntuación = estimación automática por metadatos (título, resolución, categoría de calidad); SIN revisión visual","«Reitoral de Beiro, Carballeda de Avia 3.jpg», José Antonio Gil Martínez, CC BY 2.0, vía Wikimedia Commons: https://commons.wikimedia.org/wiki/File:Reitoral_de_Beiro,_Carballeda_de_Avia_3.jpg"
06-cocina,"Coles, Ucelle, Pazo de Fontefiz, lareira.JPG","https://commons.wikimedia.org/wiki/File:Coles,_Ucelle,_Pazo_de_Fontefiz,_lareira.JPG",https://upload.wikimedia.org/wikipedia/commons/4/46/Coles%2C_Ucelle%2C_Pazo_de_Fontefiz%2C_lareira.JPG,HombreDHojalata,CC BY-SA 3.0,3872x2592,2012-07-04,foto,2,2,"Puntuación = estimación automática por metadatos (título, resolución, categoría de calidad); SIN revisión visual | CC BY-SA: la obra derivada podría tener que compartirse igual (SA)","«Coles, Ucelle, Pazo de Fontefiz, lareira.JPG», HombreDHojalata, CC BY-SA 3.0, vía Wikimedia Commons: https://commons.wikimedia.org/wiki/File:Coles,_Ucelle,_Pazo_de_Fontefiz,_lareira.JPG"
06-cocina,"Lalín, Casa do Patrón 01-15b.JPG","https://commons.wikimedia.org/wiki/File:Lal%C3%ADn,_Casa_do_Patr%C3%B3n_01-15b.JPG",https://upload.wikimedia.org/wikipedia/commons/1/1d/Lal%C3%ADn%2C_Casa_do_Patr%C3%B3n_01-15b.JPG,P.Lameiro,CC BY-SA 3.0,2848x4272,2013-04-21 14:02:16,foto,2,2,"Puntuación = estimación automática por metadatos (título, resolución, categoría de calidad); SIN revisión visual | CC BY-SA: la obra derivada podría tener que compartirse igual (SA)","«Lalín, Casa do Patrón 01-15b.JPG», P.Lameiro, CC BY-SA 3.0, vía Wikimedia Commons: https://commons.wikimedia.org/wiki/File:Lal%C3%ADn,_Casa_do_Patr%C3%B3n_01-15b.JPG"
06-cocina,Lareira.JPG,https://commons.wikimedia.org/wiki/File:Lareira.JPG,https://upload.wikimedia.org/wikipedia/commons/a/a1/Lareira.JPG,Pementa,CC BY-SA 3.0,3888x2592,24 decembro de 2006,foto,2,2,"Puntuación = estimación automática por metadatos (título, resolución, categoría de calidad); SIN revisión visual | CC BY-SA: la obra derivada podría tener que compartirse igual (SA)","«Lareira.JPG», Pementa, CC BY-SA 3.0, vía Wikimedia Commons: https://commons.wikimedia.org/wiki/File:Lareira.JPG"
06-cocina,"Lareira, pazo de Antequeira, Rois.jpg","https://commons.wikimedia.org/wiki/File:Lareira,_pazo_de_Antequeira,_Rois.jpg",https://upload.wikimedia.org/wikipedia/commons/8/88/Lareira%2C_pazo_de_Antequeira%2C_Rois.jpg,Dodro,CC BY-SA 4.0,4096x3072,2025-10-17 18:09:37,foto,2,2,"Puntuación = estimación automática por metadatos (título, resolución, categoría de calidad); SIN revisión visual | CC BY-SA: la obra derivada podría tener que compartirse igual (SA)","«Lareira, pazo de Antequeira, Rois.jpg», Dodro, CC BY-SA 4.0, vía Wikimedia Commons: https://commons.wikimedia.org/wiki/File:Lareira,_pazo_de_Antequeira,_Rois.jpg"
06-cocina,Sobrado 01-35c.JPG,https://commons.wikimedia.org/wiki/File:Sobrado_01-35c.JPG,https://upload.wikimedia.org/wikipedia/commons/5/53/Sobrado_01-35c.JPG,P.Lameiro,CC BY-SA 3.0,4272x2848,2014-02-16 18:43:30,foto,2,2,"Puntuación = estimación automática por metadatos (título, resolución, categoría de calidad); SIN revisión visual | CC BY-SA: la obra derivada podría tener que compartirse igual (SA)","«Sobrado 01-35c.JPG», P.Lameiro, CC BY-SA 3.0, vía Wikimedia Commons: https://commons.wikimedia.org/wiki/File:Sobrado_01-35c.JPG"
06-cocina,Lareira en desuso.jpg,https://commons.wikimedia.org/wiki/File:Lareira_en_desuso.jpg,https://upload.wikimedia.org/wikipedia/commons/8/87/Lareira_en_desuso.jpg,Juan Mejuto,CC BY-SA 2.0,1024x768,2010-06-30 14:17:55,foto,2,2,"Puntuación = estimación automática por metadatos (título, resolución, categoría de calidad); SIN revisión visual | CC BY-SA: la obra derivada podría tener que compartirse igual (SA)","«Lareira en desuso.jpg», Juan Mejuto, CC BY-SA 2.0, vía Wikimedia Commons: https://commons.wikimedia.org/wiki/File:Lareira_en_desuso.jpg"
06-cocina,"Cociña de ferro, A Estrada, Galiza.jpg","https://commons.wikimedia.org/wiki/File:Coci%C3%B1a_de_ferro,_A_Estrada,_Galiza.jpg",https://upload.wikimedia.org/wikipedia/commons/9/98/Coci%C3%B1a_de_ferro%2C_A_Estrada%2C_Galiza.jpg,María López de la Calle,CC BY-SA 2.0,768x1024,2008-09-05 15:40:51,foto,2,2,"Puntuación = estimación automática por metadatos (título, resolución, categoría de calidad); SIN revisión visual | CC BY-SA: la obra derivada podría tener que compartirse igual (SA)","«Cociña de ferro, A Estrada, Galiza.jpg», María López de la Calle, CC BY-SA 2.0, vía Wikimedia Commons: https://commons.wikimedia.org/wiki/File:Coci%C3%B1a_de_ferro,_A_Estrada,_Galiza.jpg"
06-cocina,Cociña de leña. Forno.jpg,https://commons.wikimedia.org/wiki/File:Coci%C3%B1a_de_le%C3%B1a._Forno.jpg,https://upload.wikimedia.org/wikipedia/commons/9/90/Coci%C3%B1a_de_le%C3%B1a._Forno.jpg,Javi SA,CC BY 2.0,1024x768,2009-04-11 13:14:45,foto,2,2,"Puntuación = estimación automática por metadatos (título, resolución, categoría de calidad); SIN revisión visual","«Cociña de leña. Forno.jpg», Javi SA, CC BY 2.0, vía Wikimedia Commons: https://commons.wikimedia.org/wiki/File:Coci%C3%B1a_de_le%C3%B1a._Forno.jpg"
06-cocina,"Casa Perfeuto María, Outes, A Coruña, Galicia (Espagne).jpg","https://commons.wikimedia.org/wiki/File:Casa_Perfeuto_Mar%C3%ADa,_Outes,_A_Coru%C3%B1a,_Galicia_(Espagne).jpg",https://upload.wikimedia.org/wikipedia/commons/f/fb/Casa_Perfeuto_Mar%C3%ADa%2C_Outes%2C_A_Coru%C3%B1a%2C_Galicia_%28Espagne%29.jpg,Toprural,CC BY-SA 2.0,3494x2233,2008-03-17 04:55:04,foto,2,2,"Puntuación = estimación automática por metadatos (título, resolución, categoría de calidad); SIN revisión visual | CC BY-SA: la obra derivada podría tener que compartirse igual (SA)","«Casa Perfeuto María, Outes, A Coruña, Galicia (Espagne).jpg», Toprural, CC BY-SA 2.0, vía Wikimedia Commons: https://commons.wikimedia.org/wiki/File:Casa_Perfeuto_Mar%C3%ADa,_Outes,_A_Coru%C3%B1a,_Galicia_(Espagne).jpg"
06-cocina,Candil de carburo.jpg,https://commons.wikimedia.org/wiki/File:Candil_de_carburo.jpg,https://upload.wikimedia.org/wikipedia/commons/7/70/Candil_de_carburo.jpg,HombreDHojalata,CC BY-SA 3.0,3872x2592,2011-05-17,foto,2,2,"Puntuación = estimación automática por metadatos (título, resolución, categoría de calidad); SIN revisión visual | CC BY-SA: la obra derivada podría tener que compartirse igual (SA)","«Candil de carburo.jpg», HombreDHojalata, CC BY-SA 3.0, vía Wikimedia Commons: https://commons.wikimedia.org/wiki/File:Candil_de_carburo.jpg"
06-cocina,RFK-005-Feuerstelle-im-17-Jh.JPG,https://commons.wikimedia.org/wiki/File:RFK-005-Feuerstelle-im-17-Jh.JPG,https://upload.wikimedia.org/wikipedia/commons/9/96/RFK-005-Feuerstelle-im-17-Jh.JPG,"HOWI -  Horsch, Willy",CC BY 3.0,1536x2048,2007-10-20,foto,2,2,"Puntuación = estimación automática por metadatos (título, resolución, categoría de calidad); SIN revisión visual","«RFK-005-Feuerstelle-im-17-Jh.JPG», HOWI -  Horsch, Willy, CC BY 3.0, vía Wikimedia Commons: https://commons.wikimedia.org/wiki/File:RFK-005-Feuerstelle-im-17-Jh.JPG"
06-cocina,Burg Pyrmont 27.JPG,https://commons.wikimedia.org/wiki/File:Burg_Pyrmont_27.JPG,https://upload.wikimedia.org/wikipedia/commons/7/7d/Burg_Pyrmont_27.JPG,Kozuch,CC BY-SA 3.0,1536x2048,2008,foto,2,2,"Puntuación = estimación automática por metadatos (título, resolución, categoría de calidad); SIN revisión visual | CC BY-SA: la obra derivada podría tener que compartirse igual (SA)","«Burg Pyrmont 27.JPG», Kozuch, CC BY-SA 3.0, vía Wikimedia Commons: https://commons.wikimedia.org/wiki/File:Burg_Pyrmont_27.JPG"
06-cocina,Küche Türmerwohnung Stadtkirche Homberg-Efze.jpg,https://commons.wikimedia.org/wiki/File:K%C3%BCche_T%C3%BCrmerwohnung_Stadtkirche_Homberg-Efze.jpg,https://upload.wikimedia.org/wikipedia/commons/c/c0/K%C3%BCche_T%C3%BCrmerwohnung_Stadtkirche_Homberg-Efze.jpg,Dr. Klaus Lambrecht,CC BY-SA 3.0,4000x3000,2009-03-14,foto,2,2,"Puntuación = estimación automática por metadatos (título, resolución, categoría de calidad); SIN revisión visual | CC BY-SA: la obra derivada podría tener que compartirse igual (SA)","«Küche Türmerwohnung Stadtkirche Homberg-Efze.jpg», Dr. Klaus Lambrecht, CC BY-SA 3.0, vía Wikimedia Commons: https://commons.wikimedia.org/wiki/File:K%C3%BCche_T%C3%BCrmerwohnung_Stadtkirche_Homberg-Efze.jpg"
07-queimada,Queimada fuego.jpg,https://commons.wikimedia.org/wiki/File:Queimada_fuego.jpg,https://upload.wikimedia.org/wikipedia/commons/e/e4/Queimada_fuego.jpg,Alain Crespo,CC BY-SA 2.5,2592x1944,03/19/06,foto,2,2,"Puntuación = estimación automática por metadatos (título, resolución, categoría de calidad); SIN revisión visual | CC BY-SA: la obra derivada podría tener que compartirse igual (SA)","«Queimada fuego.jpg», Alain Crespo, CC BY-SA 2.5, vía Wikimedia Commons: https://commons.wikimedia.org/wiki/File:Queimada_fuego.jpg"
07-queimada,"Camino de Santiago, May 2008.jpg","https://commons.wikimedia.org/wiki/File:Camino_de_Santiago,_May_2008.jpg",https://upload.wikimedia.org/wikipedia/commons/0/01/Camino_de_Santiago%2C_May_2008.jpg,Alex Chang,CC BY 2.0,2592x1944,2008-05-19 13:02:39,foto,2,2,"Puntuación = estimación automática por metadatos (título, resolución, categoría de calidad); SIN revisión visual","«Camino de Santiago, May 2008.jpg», Alex Chang, CC BY 2.0, vía Wikimedia Commons: https://commons.wikimedia.org/wiki/File:Camino_de_Santiago,_May_2008.jpg"
07-queimada,Queimada em açao.jpg,https://commons.wikimedia.org/wiki/File:Queimada_em_a%C3%A7ao.jpg,https://upload.wikimedia.org/wikipedia/commons/4/4a/Queimada_em_a%C3%A7ao.jpg,zentolos,CC BY-SA 2.0,1806x2277,2007-01-07 23:23:35,foto,2,2,"Puntuación = estimación automática por metadatos (título, resolución, categoría de calidad); SIN revisión visual | CC BY-SA: la obra derivada podría tener que compartirse igual (SA)","«Queimada em açao.jpg», zentolos, CC BY-SA 2.0, vía Wikimedia Commons: https://commons.wikimedia.org/wiki/File:Queimada_em_a%C3%A7ao.jpg"
07-queimada,Queimada por Zentolos.jpg,https://commons.wikimedia.org/wiki/File:Queimada_por_Zentolos.jpg,https://upload.wikimedia.org/wikipedia/commons/d/d6/Queimada_por_Zentolos.jpg,zentolos,CC BY-SA 2.0,1729x2281,2007-01-07 23:22,foto,2,2,"Puntuación = estimación automática por metadatos (título, resolución, categoría de calidad); SIN revisión visual | CC BY-SA: la obra derivada podría tener que compartirse igual (SA)","«Queimada por Zentolos.jpg», zentolos, CC BY-SA 2.0, vía Wikimedia Commons: https://commons.wikimedia.org/wiki/File:Queimada_por_Zentolos.jpg"
07-queimada,"Meigas de la queimada, O Grove (4005163304).jpg","https://commons.wikimedia.org/wiki/File:Meigas_de_la_queimada,_O_Grove_(4005163304).jpg",https://upload.wikimedia.org/wikipedia/commons/c/c7/Meigas_de_la_queimada%2C_O_Grove_%284005163304%29.jpg,"Laura Suarez from Edinburgh, United Kingdom",CC BY-SA 2.0,2211x3454,2009-10-10 06:34,foto,2,2,"Puntuación = estimación automática por metadatos (título, resolución, categoría de calidad); SIN revisión visual | CC BY-SA: la obra derivada podría tener que compartirse igual (SA) | Posible gente reconocible: revisar; usar solo como referencia de forma/ropa","«Meigas de la queimada, O Grove (4005163304).jpg», Laura Suarez from Edinburgh, United Kingdom, CC BY-SA 2.0, vía Wikimedia Commons: https://commons.wikimedia.org/wiki/File:Meigas_de_la_queimada,_O_Grove_(4005163304).jpg"
07-queimada,Queimada.JPG,https://commons.wikimedia.org/wiki/File:Queimada.JPG,https://upload.wikimedia.org/wikipedia/commons/5/5f/Queimada.JPG,Rabalexo,Public domain,2112x2816,01-09-2008,foto,2,2,"Puntuación = estimación automática por metadatos (título, resolución, categoría de calidad); SIN revisión visual | Dominio público declarado en Commons: verificar en la página","«Queimada.JPG», Rabalexo, Public domain, vía Wikimedia Commons: https://commons.wikimedia.org/wiki/File:Queimada.JPG"
07-queimada,Mural da queimada en Cambre.jpg,https://commons.wikimedia.org/wiki/File:Mural_da_queimada_en_Cambre.jpg,https://upload.wikimedia.org/wikipedia/commons/c/c0/Mural_da_queimada_en_Cambre.jpg,Estevoaei,CC BY-SA 4.0,4160x3120,2024-04-19 19:18:03,foto,2,2,"Puntuación = estimación automática por metadatos (título, resolución, categoría de calidad); SIN revisión visual | CC BY-SA: la obra derivada podría tener que compartirse igual (SA) | Posible gente reconocible: revisar; usar solo como referencia de forma/ropa","«Mural da queimada en Cambre.jpg», Estevoaei, CC BY-SA 4.0, vía Wikimedia Commons: https://commons.wikimedia.org/wiki/File:Mural_da_queimada_en_Cambre.jpg"
07-queimada,Queimada Galicia 1.jpg,https://commons.wikimedia.org/wiki/File:Queimada_Galicia_1.jpg,https://upload.wikimedia.org/wikipedia/commons/6/61/Queimada_Galicia_1.jpg,Luis Miguel Bugallo Sánchez (http://commons.wikimedia.org/wiki/User:Lmbuga),CC BY-SA 3.0,1999x1498,04-02(febreiro)-2007,foto,2,2,"Puntuación = estimación automática por metadatos (título, resolución, categoría de calidad); SIN revisión visual | CC BY-SA: la obra derivada podría tener que compartirse igual (SA)","«Queimada Galicia 1.jpg», Luis Miguel Bugallo Sánchez (http://commons.wikimedia.org/wiki/User:Lmbuga), CC BY-SA 3.0, vía Wikimedia Commons: https://commons.wikimedia.org/wiki/File:Queimada_Galicia_1.jpg"
07-queimada,Pequena queimada.jpg,https://commons.wikimedia.org/wiki/File:Pequena_queimada.jpg,https://upload.wikimedia.org/wikipedia/commons/3/36/Pequena_queimada.jpg,Kimia Solutions,CC BY 2.0,1280x1024,2007-12-05 23:21:32,foto,2,2,"Puntuación = estimación automática por metadatos (título, resolución, categoría de calidad); SIN revisión visual","«Pequena queimada.jpg», Kimia Solutions, CC BY 2.0, vía Wikimedia Commons: https://commons.wikimedia.org/wiki/File:Pequena_queimada.jpg"
07-queimada,"São Miguel, 5470, Portugal - panoramio (100).jpg","https://commons.wikimedia.org/wiki/File:S%C3%A3o_Miguel,_5470,_Portugal_-_panoramio_(100).jpg",https://upload.wikimedia.org/wikipedia/commons/3/30/S%C3%A3o_Miguel%2C_5470%2C_Portugal_-_panoramio_%28100%29.jpg,Mauro Fernandes,CC BY-SA 3.0,3840x5760,Taken on 12 September 2015,foto,2,2,"Puntuación = estimación automática por metadatos (título, resolución, categoría de calidad); SIN revisión visual | CC BY-SA: la obra derivada podría tener que compartirse igual (SA)","«São Miguel, 5470, Portugal - panoramio (100).jpg», Mauro Fernandes, CC BY-SA 3.0, vía Wikimedia Commons: https://commons.wikimedia.org/wiki/File:S%C3%A3o_Miguel,_5470,_Portugal_-_panoramio_(100).jpg"
08-traje,2026 Domingo 26 de xullo. Desfile de traxes tradicionais. Santiago de Compostela.jpg,https://commons.wikimedia.org/wiki/File:2026_Domingo_26_de_xullo._Desfile_de_traxes_tradicionais._Santiago_de_Compostela.jpg,https://upload.wikimedia.org/wikipedia/commons/9/98/2026_Domingo_26_de_xullo._Desfile_de_traxes_tradicionais._Santiago_de_Compostela.jpg,Luis Miguel Bugallo Sánchez,CC BY-SA 4.0,4549x6722,2026-07-26 12:42:35,foto,4,4,"Puntuación = estimación automática por metadatos (título, resolución, categoría de calidad); SIN revisión visual | CC BY-SA: la obra derivada podría tener que compartirse igual (SA) | Posible gente reconocible: revisar; usar solo como referencia de forma/ropa","«2026 Domingo 26 de xullo. Desfile de traxes tradicionais. Santiago de Compostela.jpg», Luis Miguel Bugallo Sánchez, CC BY-SA 4.0, vía Wikimedia Commons: https://commons.wikimedia.org/wiki/File:2026_Domingo_26_de_xullo._Desfile_de_traxes_tradicionais._Santiago_de_Compostela.jpg"
08-traje,"""Gallega, galicienne, en costume de fête"" (19316007923).jpg","https://commons.wikimedia.org/wiki/File:%22Gallega,_galicienne,_en_costume_de_f%C3%AAte%22_(19316007923).jpg",https://upload.wikimedia.org/wikipedia/commons/4/41/%22Gallega%2C_galicienne%2C_en_costume_de_f%C3%AAte%22_%2819316007923%29.jpg,Gustave Doré,CC BY 2.0,1632x2484,1874,foto,2,2,"Puntuación = estimación automática por metadatos (título, resolución, categoría de calidad); SIN revisión visual | Posible gente reconocible: revisar; usar solo como referencia de forma/ropa | Grabado de Doré (PD por antigüedad); la licencia CC BY 2.0 es de la copia de Flickr","«""Gallega, galicienne, en costume de fête"" (19316007923).jpg», Gustave Doré, CC BY 2.0, vía Wikimedia Commons: https://commons.wikimedia.org/wiki/File:%22Gallega,_galicienne,_en_costume_de_f%C3%AAte%22_(19316007923).jpg"
08-traje,Traxe tradicional galego. Santiago de Compostela.jpg,https://commons.wikimedia.org/wiki/File:Traxe_tradicional_galego._Santiago_de_Compostela.jpg,https://upload.wikimedia.org/wikipedia/commons/c/c6/Traxe_tradicional_galego._Santiago_de_Compostela.jpg,Noel Feans,CC BY 2.0,2016x3024,2010-05-01 12:55:52,foto,2,2,"Puntuación = estimación automática por metadatos (título, resolución, categoría de calidad); SIN revisión visual | Posible gente reconocible: revisar; usar solo como referencia de forma/ropa","«Traxe tradicional galego. Santiago de Compostela.jpg», Noel Feans, CC BY 2.0, vía Wikimedia Commons: https://commons.wikimedia.org/wiki/File:Traxe_tradicional_galego._Santiago_de_Compostela.jpg"
08-traje,"Traxe tradicional galego, Santiago de Compostela.jpg","https://commons.wikimedia.org/wiki/File:Traxe_tradicional_galego,_Santiago_de_Compostela.jpg",https://upload.wikimedia.org/wikipedia/commons/e/e2/Traxe_tradicional_galego%2C_Santiago_de_Compostela.jpg,Noel Feans,CC BY 2.0,4141x2761,2010-05-01 12:45:49,foto,2,2,"Puntuación = estimación automática por metadatos (título, resolución, categoría de calidad); SIN revisión visual | Posible gente reconocible: revisar; usar solo como referencia de forma/ropa","«Traxe tradicional galego, Santiago de Compostela.jpg», Noel Feans, CC BY 2.0, vía Wikimedia Commons: https://commons.wikimedia.org/wiki/File:Traxe_tradicional_galego,_Santiago_de_Compostela.jpg"
08-traje,Galegos (14700300926).jpg,https://commons.wikimedia.org/wiki/File:Galegos_(14700300926).jpg,https://upload.wikimedia.org/wikipedia/commons/b/b6/Galegos_%2814700300926%29.jpg,juantiagues,CC BY-SA 2.0,4608x3456,2014-07-20 16:45,foto,2,2,"Puntuación = estimación automática por metadatos (título, resolución, categoría de calidad); SIN revisión visual | CC BY-SA: la obra derivada podría tener que compartirse igual (SA) | Posible gente reconocible: revisar; usar solo como referencia de forma/ropa","«Galegos (14700300926).jpg», juantiagues, CC BY-SA 2.0, vía Wikimedia Commons: https://commons.wikimedia.org/wiki/File:Galegos_(14700300926).jpg"
08-traje,"Traje de Peliqueiro (Laza, Ourense) en el Museo de Artes y Tradiciones Populares (15 de julio de 2016, Madrid).jpg","https://commons.wikimedia.org/wiki/File:Traje_de_Peliqueiro_(Laza,_Ourense)_en_el_Museo_de_Artes_y_Tradiciones_Populares_(15_de_julio_de_2016,_Madrid).jpg",https://upload.wikimedia.org/wikipedia/commons/f/f6/Traje_de_Peliqueiro_%28Laza%2C_Ourense%29_en_el_Museo_de_Artes_y_Tradiciones_Populares_%2815_de_julio_de_2016%2C_Madrid%29.jpg,Discasto,CC BY-SA 4.0,2050x3032,2016-07-15 18:40:51,foto,2,2,"Puntuación = estimación automática por metadatos (título, resolución, categoría de calidad); SIN revisión visual | CC BY-SA: la obra derivada podría tener que compartirse igual (SA) | Posible gente reconocible: revisar; usar solo como referencia de forma/ropa","«Traje de Peliqueiro (Laza, Ourense) en el Museo de Artes y Tradiciones Populares (15 de julio de 2016, Madrid).jpg», Discasto, CC BY-SA 4.0, vía Wikimedia Commons: https://commons.wikimedia.org/wiki/File:Traje_de_Peliqueiro_(Laza,_Ourense)_en_el_Museo_de_Artes_y_Tradiciones_Populares_(15_de_julio_de_2016,_Madrid).jpg"
08-traje,Home con traxe galego no Día das Letras Galegas 2023.jpg,https://commons.wikimedia.org/wiki/File:Home_con_traxe_galego_no_D%C3%ADa_das_Letras_Galegas_2023.jpg,https://upload.wikimedia.org/wikipedia/commons/8/82/Home_con_traxe_galego_no_D%C3%ADa_das_Letras_Galegas_2023.jpg,Estevoaei,CC BY-SA 4.0,2964x4000,2023-05-17 13:53:10,foto,2,2,"Puntuación = estimación automática por metadatos (título, resolución, categoría de calidad); SIN revisión visual | CC BY-SA: la obra derivada podría tener que compartirse igual (SA) | Posible gente reconocible: revisar; usar solo como referencia de forma/ropa","«Home con traxe galego no Día das Letras Galegas 2023.jpg», Estevoaei, CC BY-SA 4.0, vía Wikimedia Commons: https://commons.wikimedia.org/wiki/File:Home_con_traxe_galego_no_D%C3%ADa_das_Letras_Galegas_2023.jpg"
08-traje,Traxes Castelao.jpg,https://commons.wikimedia.org/wiki/File:Traxes_Castelao.jpg,https://upload.wikimedia.org/wikipedia/commons/9/9e/Traxes_Castelao.jpg,Bene Riobó,CC BY-SA 4.0,5625x3750,2025-07-11 18:57:12,foto,2,2,"Puntuación = estimación automática por metadatos (título, resolución, categoría de calidad); SIN revisión visual | CC BY-SA: la obra derivada podría tener que compartirse igual (SA) | Posible gente reconocible: revisar; usar solo como referencia de forma/ropa","«Traxes Castelao.jpg», Bene Riobó, CC BY-SA 4.0, vía Wikimedia Commons: https://commons.wikimedia.org/wiki/File:Traxes_Castelao.jpg"
08-traje,Gallegos traje regional.jpg,https://commons.wikimedia.org/wiki/File:Gallegos_traje_regional.jpg,https://upload.wikimedia.org/wikipedia/commons/8/87/Gallegos_traje_regional.jpg,Xemenendura,CC BY-SA 4.0,4000x3000,4 July 2026 (according to Exif,foto,2,2,"Puntuación = estimación automática por metadatos (título, resolución, categoría de calidad); SIN revisión visual | CC BY-SA: la obra derivada podría tener que compartirse igual (SA) | Posible gente reconocible: revisar; usar solo como referencia de forma/ropa","«Gallegos traje regional.jpg», Xemenendura, CC BY-SA 4.0, vía Wikimedia Commons: https://commons.wikimedia.org/wiki/File:Gallegos_traje_regional.jpg"
08-traje,"Zoca, San Salvador de Couzadoiro, Ortigueira.jpg","https://commons.wikimedia.org/wiki/File:Zoca,_San_Salvador_de_Couzadoiro,_Ortigueira.jpg",https://upload.wikimedia.org/wikipedia/commons/5/5f/Zoca%2C_San_Salvador_de_Couzadoiro%2C_Ortigueira.jpg,Amador Loureiro,CC BY-SA 2.0,2592x3872,2008-07-06 11:00:20,foto,2,2,"Puntuación = estimación automática por metadatos (título, resolución, categoría de calidad); SIN revisión visual | CC BY-SA: la obra derivada podría tener que compartirse igual (SA) | Posible gente reconocible: revisar; usar solo como referencia de forma/ropa","«Zoca, San Salvador de Couzadoiro, Ortigueira.jpg», Amador Loureiro, CC BY-SA 2.0, vía Wikimedia Commons: https://commons.wikimedia.org/wiki/File:Zoca,_San_Salvador_de_Couzadoiro,_Ortigueira.jpg"
08-traje,Zoca vertical (xogo popular). O Grove. Galiza.jpg,https://commons.wikimedia.org/wiki/File:Zoca_vertical_(xogo_popular)._O_Grove._Galiza.jpg,https://upload.wikimedia.org/wikipedia/commons/e/ee/Zoca_vertical_%28xogo_popular%29._O_Grove._Galiza.jpg,Luis Miguel Bugallo Sánchez (Lmbuga),CC BY-SA 3.0,3347x3347,2013-06-08 13:57:05,foto,2,2,"Puntuación = estimación automática por metadatos (título, resolución, categoría de calidad); SIN revisión visual | CC BY-SA: la obra derivada podría tener que compartirse igual (SA) | Posible gente reconocible: revisar; usar solo como referencia de forma/ropa","«Zoca vertical (xogo popular). O Grove. Galiza.jpg», Luis Miguel Bugallo Sánchez (Lmbuga), CC BY-SA 3.0, vía Wikimedia Commons: https://commons.wikimedia.org/wiki/File:Zoca_vertical_(xogo_popular)._O_Grove._Galiza.jpg"
08-traje,"Museo Liste, Vigo, zocas.jpg","https://commons.wikimedia.org/wiki/File:Museo_Liste,_Vigo,_zocas.jpg",https://upload.wikimedia.org/wikipedia/commons/7/74/Museo_Liste%2C_Vigo%2C_zocas.jpg,HombreDHojalata,CC BY-SA 3.0,3872x2592,2013-12-13 19:44:10,foto,2,2,"Puntuación = estimación automática por metadatos (título, resolución, categoría de calidad); SIN revisión visual | CC BY-SA: la obra derivada podría tener que compartirse igual (SA) | Posible gente reconocible: revisar; usar solo como referencia de forma/ropa","«Museo Liste, Vigo, zocas.jpg», HombreDHojalata, CC BY-SA 3.0, vía Wikimedia Commons: https://commons.wikimedia.org/wiki/File:Museo_Liste,_Vigo,_zocas.jpg"
08-traje,Ñusta cusqueña.jpg,https://commons.wikimedia.org/wiki/File:%C3%91usta_cusque%C3%B1a.jpg,https://upload.wikimedia.org/wikipedia/commons/5/50/%C3%91usta_cusque%C3%B1a.jpg,YusmarBlanco,CC BY-SA 4.0,1741x1827,2025-07-16 09:43:37,foto,2,2,"Puntuación = estimación automática por metadatos (título, resolución, categoría de calidad); SIN revisión visual | CC BY-SA: la obra derivada podría tener que compartirse igual (SA) | Posible gente reconocible: revisar; usar solo como referencia de forma/ropa","«Ñusta cusqueña.jpg», YusmarBlanco, CC BY-SA 4.0, vía Wikimedia Commons: https://commons.wikimedia.org/wiki/File:%C3%91usta_cusque%C3%B1a.jpg"
08-traje,Gaiteros galicien.jpg,https://commons.wikimedia.org/wiki/File:Gaiteros_galicien.jpg,https://upload.wikimedia.org/wikipedia/commons/9/92/Gaiteros_galicien.jpg,Metzner,CC BY-SA 3.0,5479x3622,1983-08,foto,2,2,"Puntuación = estimación automática por metadatos (título, resolución, categoría de calidad); SIN revisión visual | CC BY-SA: la obra derivada podría tener que compartirse igual (SA) | Posible gente reconocible: revisar; usar solo como referencia de forma/ropa","«Gaiteros galicien.jpg», Metzner, CC BY-SA 3.0, vía Wikimedia Commons: https://commons.wikimedia.org/wiki/File:Gaiteros_galicien.jpg"
08-traje,Gaiteiros em romaria galega.jpg,https://commons.wikimedia.org/wiki/File:Gaiteiros_em_romaria_galega.jpg,https://upload.wikimedia.org/wikipedia/commons/d/d7/Gaiteiros_em_romaria_galega.jpg,Dario Alvarez,CC BY 2.0,2304x1728,2008-05-19 02:39:00,foto,2,2,"Puntuación = estimación automática por metadatos (título, resolución, categoría de calidad); SIN revisión visual | Posible gente reconocible: revisar; usar solo como referencia de forma/ropa","«Gaiteiros em romaria galega.jpg», Dario Alvarez, CC BY 2.0, vía Wikimedia Commons: https://commons.wikimedia.org/wiki/File:Gaiteiros_em_romaria_galega.jpg"
08-traje,Día do traballo. Santiago de Compostela 2009 91.jpg,https://commons.wikimedia.org/wiki/File:D%C3%ADa_do_traballo._Santiago_de_Compostela_2009_91.jpg,https://upload.wikimedia.org/wikipedia/commons/d/d8/D%C3%ADa_do_traballo._Santiago_de_Compostela_2009_91.jpg,Ciga,Public domain,4416x3312,2009-05-01,foto,2,2,"Puntuación = estimación automática por metadatos (título, resolución, categoría de calidad); SIN revisión visual | Posible gente reconocible: revisar; usar solo como referencia de forma/ropa | Dominio público declarado en Commons: verificar en la página","«Día do traballo. Santiago de Compostela 2009 91.jpg», Ciga, Public domain, vía Wikimedia Commons: https://commons.wikimedia.org/wiki/File:D%C3%ADa_do_traballo._Santiago_de_Compostela_2009_91.jpg"
09-herramientas,Arado. Vimianzo. Galiza -V11.jpg,https://commons.wikimedia.org/wiki/File:Arado._Vimianzo._Galiza_-V11.jpg,https://upload.wikimedia.org/wikipedia/commons/4/45/Arado._Vimianzo._Galiza_-V11.jpg,Luis Miguel Bugallo Sánchez (Lmbuga),CC BY-SA 4.0,4630x3086,2014-08-18 14:45:34,foto,4,4,"Puntuación = estimación automática por metadatos (título, resolución, categoría de calidad); SIN revisión visual | CC BY-SA: la obra derivada podría tener que compartirse igual (SA)","«Arado. Vimianzo. Galiza -V11.jpg», Luis Miguel Bugallo Sánchez (Lmbuga), CC BY-SA 4.0, vía Wikimedia Commons: https://commons.wikimedia.org/wiki/File:Arado._Vimianzo._Galiza_-V11.jpg"
09-herramientas,"Festa da Malla 2017, 107.jpg","https://commons.wikimedia.org/wiki/File:Festa_da_Malla_2017,_107.jpg",https://upload.wikimedia.org/wikipedia/commons/a/a4/Festa_da_Malla_2017%2C_107.jpg,Lameiro,CC BY-SA 4.0,2056x3088,2017-08-06 13:06:30,foto,2,2,"Puntuación = estimación automática por metadatos (título, resolución, categoría de calidad); SIN revisión visual | CC BY-SA: la obra derivada podría tener que compartirse igual (SA) | Posible gente reconocible: revisar; usar solo como referencia de forma/ropa","«Festa da Malla 2017, 107.jpg», Lameiro, CC BY-SA 4.0, vía Wikimedia Commons: https://commons.wikimedia.org/wiki/File:Festa_da_Malla_2017,_107.jpg"
09-herramientas,Arado en Galiza.jpg,https://commons.wikimedia.org/wiki/File:Arado_en_Galiza.jpg,https://upload.wikimedia.org/wikipedia/commons/1/19/Arado_en_Galiza.jpg,IES MANUEL GARCÍA BARROS A ESTRADA- PONTEVEDRA,CC BY-SA 2.0,2048x1536,2010-01-13 18:45,foto,2,2,"Puntuación = estimación automática por metadatos (título, resolución, categoría de calidad); SIN revisión visual | CC BY-SA: la obra derivada podría tener que compartirse igual (SA)","«Arado en Galiza.jpg», IES MANUEL GARCÍA BARROS A ESTRADA- PONTEVEDRA, CC BY-SA 2.0, vía Wikimedia Commons: https://commons.wikimedia.org/wiki/File:Arado_en_Galiza.jpg"
09-herramientas,Arado. Galicia (Spain).jpg,https://commons.wikimedia.org/wiki/File:Arado._Galicia_(Spain).jpg,https://upload.wikimedia.org/wikipedia/commons/b/b7/Arado._Galicia_%28Spain%29.jpg,IES MANUEL GARCÍA BARROS A ESTRADA- PONTEVEDRA,CC BY-SA 2.0,2048x1536,2010-01-13 18:46,foto,2,2,"Puntuación = estimación automática por metadatos (título, resolución, categoría de calidad); SIN revisión visual | CC BY-SA: la obra derivada podría tener que compartirse igual (SA)","«Arado. Galicia (Spain).jpg», IES MANUEL GARCÍA BARROS A ESTRADA- PONTEVEDRA, CC BY-SA 2.0, vía Wikimedia Commons: https://commons.wikimedia.org/wiki/File:Arado._Galicia_(Spain).jpg"
09-herramientas,"Arado, Galicia (Spain).jpg","https://commons.wikimedia.org/wiki/File:Arado,_Galicia_(Spain).jpg",https://upload.wikimedia.org/wikipedia/commons/1/1d/Arado%2C_Galicia_%28Spain%29.jpg,IES MANUEL GARCÍA BARROS A ESTRADA- PONTEVEDRA,CC BY-SA 2.0,1536x2048,2010-01-13 18:46,foto,2,2,"Puntuación = estimación automática por metadatos (título, resolución, categoría de calidad); SIN revisión visual | CC BY-SA: la obra derivada podría tener que compartirse igual (SA)","«Arado, Galicia (Spain).jpg», IES MANUEL GARCÍA BARROS A ESTRADA- PONTEVEDRA, CC BY-SA 2.0, vía Wikimedia Commons: https://commons.wikimedia.org/wiki/File:Arado,_Galicia_(Spain).jpg"
09-herramientas,"Arado no Pazo de Hermida, Dodro.jpg","https://commons.wikimedia.org/wiki/File:Arado_no_Pazo_de_Hermida,_Dodro.jpg",https://upload.wikimedia.org/wikipedia/commons/c/c5/Arado_no_Pazo_de_Hermida%2C_Dodro.jpg,Certo Xornal,CC BY 2.0,2048x1536,2009-11-28 12:17:55,foto,2,2,"Puntuación = estimación automática por metadatos (título, resolución, categoría de calidad); SIN revisión visual","«Arado no Pazo de Hermida, Dodro.jpg», Certo Xornal, CC BY 2.0, vía Wikimedia Commons: https://commons.wikimedia.org/wiki/File:Arado_no_Pazo_de_Hermida,_Dodro.jpg"
09-herramientas,Arado Ajuria en Pontedeva.jpg,https://commons.wikimedia.org/wiki/File:Arado_Ajuria_en_Pontedeva.jpg,https://upload.wikimedia.org/wikipedia/commons/7/73/Arado_Ajuria_en_Pontedeva.jpg,Estevoaei,CC BY-SA 4.0,6000x4000,2026-01-31 15:22:32,foto,2,2,"Puntuación = estimación automática por metadatos (título, resolución, categoría de calidad); SIN revisión visual | CC BY-SA: la obra derivada podría tener que compartirse igual (SA)","«Arado Ajuria en Pontedeva.jpg», Estevoaei, CC BY-SA 4.0, vía Wikimedia Commons: https://commons.wikimedia.org/wiki/File:Arado_Ajuria_en_Pontedeva.jpg"
09-herramientas,Sachos e picarañas.jpg,https://commons.wikimedia.org/wiki/File:Sachos_e_picara%C3%B1as.jpg,https://upload.wikimedia.org/wikipedia/commons/d/d1/Sachos_e_picara%C3%B1as.jpg,Lameiro,Public domain,1137x1127,2007-06-17,foto,2,2,"Puntuación = estimación automática por metadatos (título, resolución, categoría de calidad); SIN revisión visual | Dominio público declarado en Commons: verificar en la página","«Sachos e picarañas.jpg», Lameiro, Public domain, vía Wikimedia Commons: https://commons.wikimedia.org/wiki/File:Sachos_e_picara%C3%B1as.jpg"
09-herramientas,Arado.JPG,https://commons.wikimedia.org/wiki/File:Arado.JPG,https://upload.wikimedia.org/wikipedia/commons/e/ef/Arado.JPG,Luis Miguel Bugallo Sánchez (Lmbuga Commons)(Lmbuga Galipedia),CC BY-SA 3.0,900x1200,05-01-2006,foto,2,2,"Puntuación = estimación automática por metadatos (título, resolución, categoría de calidad); SIN revisión visual | CC BY-SA: la obra derivada podría tener que compartirse igual (SA)","«Arado.JPG», Luis Miguel Bugallo Sánchez (Lmbuga Commons)(Lmbuga Galipedia), CC BY-SA 3.0, vía Wikimedia Commons: https://commons.wikimedia.org/wiki/File:Arado.JPG"
09-herramientas,Arados - Exposición.jpg,https://commons.wikimedia.org/wiki/File:Arados_-_Exposici%C3%B3n.jpg,https://upload.wikimedia.org/wikipedia/commons/b/be/Arados_-_Exposici%C3%B3n.jpg,Pablo Belay Fernández User:Pbelay,CC BY-SA 3.0,1574x1041,9 February 2006,foto,2,2,"Puntuación = estimación automática por metadatos (título, resolución, categoría de calidad); SIN revisión visual | CC BY-SA: la obra derivada podría tener que compartirse igual (SA)","«Arados - Exposición.jpg», Pablo Belay Fernández User:Pbelay, CC BY-SA 3.0, vía Wikimedia Commons: https://commons.wikimedia.org/wiki/File:Arados_-_Exposici%C3%B3n.jpg"
09-herramientas,Apeiro de labranza - panoramio.jpg,https://commons.wikimedia.org/wiki/File:Apeiro_de_labranza_-_panoramio.jpg,https://upload.wikimedia.org/wikipedia/commons/7/73/Apeiro_de_labranza_-_panoramio.jpg,m.dolores paderne sa…,CC BY-SA 3.0,2560x1920,Taken on 28 October 2007,foto,2,2,"Puntuación = estimación automática por metadatos (título, resolución, categoría de calidad); SIN revisión visual | CC BY-SA: la obra derivada podría tener que compartirse igual (SA)","«Apeiro de labranza - panoramio.jpg», m.dolores paderne sa…, CC BY-SA 3.0, vía Wikimedia Commons: https://commons.wikimedia.org/wiki/File:Apeiro_de_labranza_-_panoramio.jpg"
09-herramientas,Apeiros de labregos (4560316123).jpg,https://commons.wikimedia.org/wiki/File:Apeiros_de_labregos_(4560316123).jpg,https://upload.wikimedia.org/wikipedia/commons/5/5d/Apeiros_de_labregos_%284560316123%29.jpg,"Certo Xornal from Ribeira, Galicia, España",CC BY 2.0,2816x2112,2008-03-14 19:15,foto,2,2,"Puntuación = estimación automática por metadatos (título, resolución, categoría de calidad); SIN revisión visual","«Apeiros de labregos (4560316123).jpg», Certo Xornal from Ribeira, Galicia, España, CC BY 2.0, vía Wikimedia Commons: https://commons.wikimedia.org/wiki/File:Apeiros_de_labregos_(4560316123).jpg"
09-herramientas,Gadaña (2767974677).jpg,https://commons.wikimedia.org/wiki/File:Gada%C3%B1a_(2767974677).jpg,https://upload.wikimedia.org/wikipedia/commons/f/f7/Gada%C3%B1a_%282767974677%29.jpg,"dorfun from Ferrol, Galiza",CC0,2592x3872,2008-08-15 12:15,foto,2,2,"Puntuación = estimación automática por metadatos (título, resolución, categoría de calidad); SIN revisión visual","«Gadaña (2767974677).jpg», dorfun from Ferrol, Galiza, CC0, vía Wikimedia Commons: https://commons.wikimedia.org/wiki/File:Gada%C3%B1a_(2767974677).jpg"
09-herramientas,"Amoeiro, Amoeiro, O Formigueiro 01-06b.jpg","https://commons.wikimedia.org/wiki/File:Amoeiro,_Amoeiro,_O_Formigueiro_01-06b.jpg",https://upload.wikimedia.org/wikipedia/commons/4/4a/Amoeiro%2C_Amoeiro%2C_O_Formigueiro_01-06b.jpg,Lameiro,CC BY-SA 4.0,3088x2056,2018-04-27 18:28:50,foto,2,2,"Puntuación = estimación automática por metadatos (título, resolución, categoría de calidad); SIN revisión visual | CC BY-SA: la obra derivada podría tener que compartirse igual (SA)","«Amoeiro, Amoeiro, O Formigueiro 01-06b.jpg», Lameiro, CC BY-SA 4.0, vía Wikimedia Commons: https://commons.wikimedia.org/wiki/File:Amoeiro,_Amoeiro,_O_Formigueiro_01-06b.jpg"
09-herramientas,Fogar do Santiso. Teo. Galiza 2.jpg,https://commons.wikimedia.org/wiki/File:Fogar_do_Santiso._Teo._Galiza_2.jpg,https://upload.wikimedia.org/wikipedia/commons/c/c4/Fogar_do_Santiso._Teo._Galiza_2.jpg,gl:Usuario:Xan de ningures,CC BY-SA 3.0,4416x3312,2009-03-12,foto,2,2,"Puntuación = estimación automática por metadatos (título, resolución, categoría de calidad); SIN revisión visual | CC BY-SA: la obra derivada podría tener que compartirse igual (SA)","«Fogar do Santiso. Teo. Galiza 2.jpg», gl:Usuario:Xan de ningures, CC BY-SA 3.0, vía Wikimedia Commons: https://commons.wikimedia.org/wiki/File:Fogar_do_Santiso._Teo._Galiza_2.jpg"
09-herramientas,Tegas no castelo de Castro Caldelas.jpg,https://commons.wikimedia.org/wiki/File:Tegas_no_castelo_de_Castro_Caldelas.jpg,https://upload.wikimedia.org/wikipedia/commons/c/c4/Tegas_no_castelo_de_Castro_Caldelas.jpg,Froaringus,CC BY-SA 4.0,6000x4000,"Taken on 4 January 2020, 17:02",foto,2,2,"Puntuación = estimación automática por metadatos (título, resolución, categoría de calidad); SIN revisión visual | CC BY-SA: la obra derivada podría tener que compartirse igual (SA)","«Tegas no castelo de Castro Caldelas.jpg», Froaringus, CC BY-SA 4.0, vía Wikimedia Commons: https://commons.wikimedia.org/wiki/File:Tegas_no_castelo_de_Castro_Caldelas.jpg"
10-muino-fonte,Molino Batans do mosquetín.jpg,https://commons.wikimedia.org/wiki/File:Molino_Batans_do_mosquet%C3%ADn.jpg,https://upload.wikimedia.org/wikipedia/commons/0/02/Molino_Batans_do_mosquet%C3%ADn.jpg,Javier Pais,CC BY 2.0,794x1194,2007-10-21 18:20:30,foto,4,4,"Puntuación = estimación automática por metadatos (título, resolución, categoría de calidad); SIN revisión visual","«Molino Batans do mosquetín.jpg», Javier Pais, CC BY 2.0, vía Wikimedia Commons: https://commons.wikimedia.org/wiki/File:Molino_Batans_do_mosquet%C3%ADn.jpg"
10-muino-fonte,Portor - Negreira - Ponte Maceira - Interior de los molinos - 01.JPG,https://commons.wikimedia.org/wiki/File:Portor_-_Negreira_-_Ponte_Maceira_-_Interior_de_los_molinos_-_01.JPG,https://upload.wikimedia.org/wikipedia/commons/6/6e/Portor_-_Negreira_-_Ponte_Maceira_-_Interior_de_los_molinos_-_01.JPG,Xosema,CC BY-SA 4.0,2560x1920,2009-08-02,foto,4,4,"Puntuación = estimación automática por metadatos (título, resolución, categoría de calidad); SIN revisión visual | CC BY-SA: la obra derivada podría tener que compartirse igual (SA)","«Portor - Negreira - Ponte Maceira - Interior de los molinos - 01.JPG», Xosema, CC BY-SA 4.0, vía Wikimedia Commons: https://commons.wikimedia.org/wiki/File:Portor_-_Negreira_-_Ponte_Maceira_-_Interior_de_los_molinos_-_01.JPG"
10-muino-fonte,Muiño da veiga.jpg,https://commons.wikimedia.org/wiki/File:Mui%C3%B1o_da_veiga.jpg,https://upload.wikimedia.org/wikipedia/commons/8/87/Mui%C3%B1o_da_veiga.jpg,"Gabriel González from Boliñas-Aguasantas-Cotobade, España",CC BY 2.0,4000x3000,2012-05-19 11:28,foto,4,4,"Puntuación = estimación automática por metadatos (título, resolución, categoría de calidad); SIN revisión visual","«Muiño da veiga.jpg», Gabriel González from Boliñas-Aguasantas-Cotobade, España, CC BY 2.0, vía Wikimedia Commons: https://commons.wikimedia.org/wiki/File:Mui%C3%B1o_da_veiga.jpg"
10-muino-fonte,Rota dos muínhos do rio das Gándaras (33) - Muínho do Batám 1.jpg,https://commons.wikimedia.org/wiki/File:Rota_dos_mu%C3%ADnhos_do_rio_das_G%C3%A1ndaras_(33)_-_Mu%C3%ADnho_do_Bat%C3%A1m_1.jpg,https://upload.wikimedia.org/wikipedia/commons/8/8b/Rota_dos_mu%C3%ADnhos_do_rio_das_G%C3%A1ndaras_%2833%29_-_Mu%C3%ADnho_do_Bat%C3%A1m_1.jpg,One2,CC BY-SA 4.0,4160x3120,2020-05-31,foto,4,4,"Puntuación = estimación automática por metadatos (título, resolución, categoría de calidad); SIN revisión visual | CC BY-SA: la obra derivada podría tener que compartirse igual (SA)","«Rota dos muínhos do rio das Gándaras (33) - Muínho do Batám 1.jpg», One2, CC BY-SA 4.0, vía Wikimedia Commons: https://commons.wikimedia.org/wiki/File:Rota_dos_mu%C3%ADnhos_do_rio_das_G%C3%A1ndaras_(33)_-_Mu%C3%ADnho_do_Bat%C3%A1m_1.jpg"
10-muino-fonte,Noia - Muiño de Ponte da Traba - Molino de Ponte da Traba - Watermill of Ponte da Traba - 02.jpg,https://commons.wikimedia.org/wiki/File:Noia_-_Mui%C3%B1o_de_Ponte_da_Traba_-_Molino_de_Ponte_da_Traba_-_Watermill_of_Ponte_da_Traba_-_02.jpg,https://upload.wikimedia.org/wikipedia/commons/b/bc/Noia_-_Mui%C3%B1o_de_Ponte_da_Traba_-_Molino_de_Ponte_da_Traba_-_Watermill_of_Ponte_da_Traba_-_02.jpg,Xosema,CC BY-SA 4.0,5194x3457,2017-05-17 11:22:06,foto,4,4,"Puntuación = estimación automática por metadatos (título, resolución, categoría de calidad); SIN revisión visual | CC BY-SA: la obra derivada podría tener que compartirse igual (SA)","«Noia - Muiño de Ponte da Traba - Molino de Ponte da Traba - Watermill of Ponte da Traba - 02.jpg», Xosema, CC BY-SA 4.0, vía Wikimedia Commons: https://commons.wikimedia.org/wiki/File:Noia_-_Mui%C3%B1o_de_Ponte_da_Traba_-_Molino_de_Ponte_da_Traba_-_Watermill_of_Ponte_da_Traba_-_02.jpg"
10-muino-fonte,Muíño do Batán 1.JPG,https://commons.wikimedia.org/wiki/File:Mu%C3%AD%C3%B1o_do_Bat%C3%A1n_1.JPG,https://upload.wikimedia.org/wikipedia/commons/c/c4/Mu%C3%AD%C3%B1o_do_Bat%C3%A1n_1.JPG,PepedoCouto,CC BY-SA 3.0,2592x1944,5 February 2009 (original uplo,foto,4,4,"Puntuación = estimación automática por metadatos (título, resolución, categoría de calidad); SIN revisión visual | CC BY-SA: la obra derivada podría tener que compartirse igual (SA)","«Muíño do Batán 1.JPG», PepedoCouto, CC BY-SA 3.0, vía Wikimedia Commons: https://commons.wikimedia.org/wiki/File:Mu%C3%AD%C3%B1o_do_Bat%C3%A1n_1.JPG"
10-muino-fonte,"Moendo millo, Rianxo, Galiza.jpg","https://commons.wikimedia.org/wiki/File:Moendo_millo,_Rianxo,_Galiza.jpg",https://upload.wikimedia.org/wikipedia/commons/d/de/Moendo_millo%2C_Rianxo%2C_Galiza.jpg,Óscar (fotosderianxo/xindilo),CC BY-SA 2.0,2767x1847,2010-01-09 16:12:38,foto,4,4,"Puntuación = estimación automática por metadatos (título, resolución, categoría de calidad); SIN revisión visual | CC BY-SA: la obra derivada podría tener que compartirse igual (SA) | Posible gente reconocible: revisar; usar solo como referencia de forma/ropa","«Moendo millo, Rianxo, Galiza.jpg», Óscar (fotosderianxo/xindilo), CC BY-SA 2.0, vía Wikimedia Commons: https://commons.wikimedia.org/wiki/File:Moendo_millo,_Rianxo,_Galiza.jpg"
10-muino-fonte,Batanes (Interior).jpg,https://commons.wikimedia.org/wiki/File:Batanes_(Interior).jpg,https://upload.wikimedia.org/wikipedia/commons/2/20/Batanes_%28Interior%29.jpg,Javier Pais,CC BY 2.0,1189x789,2007-10-21 18:15:25,foto,3,3,"Puntuación = estimación automática por metadatos (título, resolución, categoría de calidad); SIN revisión visual","«Batanes (Interior).jpg», Javier Pais, CC BY 2.0, vía Wikimedia Commons: https://commons.wikimedia.org/wiki/File:Batanes_(Interior).jpg"
10-muino-fonte,Placa fonte e lavadoiro nas Xubias.jpg,https://commons.wikimedia.org/wiki/File:Placa_fonte_e_lavadoiro_nas_Xubias.jpg,https://upload.wikimedia.org/wikipedia/commons/d/d2/Placa_fonte_e_lavadoiro_nas_Xubias.jpg,Xavier36,CC BY-SA 4.0,1024x768,2014-09-02 02:53:58,foto,3,3,"Puntuación = estimación automática por metadatos (título, resolución, categoría de calidad); SIN revisión visual | CC BY-SA: la obra derivada podría tener que compartirse igual (SA)","«Placa fonte e lavadoiro nas Xubias.jpg», Xavier36, CC BY-SA 4.0, vía Wikimedia Commons: https://commons.wikimedia.org/wiki/File:Placa_fonte_e_lavadoiro_nas_Xubias.jpg"
10-muino-fonte,"Balneario de Requeixo (Vilaza, Monterrei) - muíño 3.jpg","https://commons.wikimedia.org/wiki/File:Balneario_de_Requeixo_(Vilaza,_Monterrei)_-_mu%C3%AD%C3%B1o_3.jpg",https://upload.wikimedia.org/wikipedia/commons/4/48/Balneario_de_Requeixo_%28Vilaza%2C_Monterrei%29_-_mu%C3%AD%C3%B1o_3.jpg,Estevoaei,CC BY-SA 4.0,6000x4000,2025-06-21 18:23:41,foto,2,2,"Puntuación = estimación automática por metadatos (título, resolución, categoría de calidad); SIN revisión visual | CC BY-SA: la obra derivada podría tener que compartirse igual (SA)","«Balneario de Requeixo (Vilaza, Monterrei) - muíño 3.jpg», Estevoaei, CC BY-SA 4.0, vía Wikimedia Commons: https://commons.wikimedia.org/wiki/File:Balneario_de_Requeixo_(Vilaza,_Monterrei)_-_mu%C3%AD%C3%B1o_3.jpg"
10-muino-fonte,Muiño Barbaña Ridimoas IMG 20250303 114900.jpg,https://commons.wikimedia.org/wiki/File:Mui%C3%B1o_Barba%C3%B1a_Ridimoas_IMG_20250303_114900.jpg,https://upload.wikimedia.org/wikipedia/commons/a/ae/Mui%C3%B1o_Barba%C3%B1a_Ridimoas_IMG_20250303_114900.jpg,Elisardojm,CC BY-SA 4.0,4080x3060,2025-03-03 11:49:00,foto,2,2,"Puntuación = estimación automática por metadatos (título, resolución, categoría de calidad); SIN revisión visual | CC BY-SA: la obra derivada podría tener que compartirse igual (SA)","«Muiño Barbaña Ridimoas IMG 20250303 114900.jpg», Elisardojm, CC BY-SA 4.0, vía Wikimedia Commons: https://commons.wikimedia.org/wiki/File:Mui%C3%B1o_Barba%C3%B1a_Ridimoas_IMG_20250303_114900.jpg"
10-muino-fonte,Muíño do Álvarez 2.jpg,https://commons.wikimedia.org/wiki/File:Mu%C3%AD%C3%B1o_do_%C3%81lvarez_2.jpg,https://upload.wikimedia.org/wikipedia/commons/2/2d/Mu%C3%AD%C3%B1o_do_%C3%81lvarez_2.jpg,Estevoaei,CC BY-SA 4.0,3008x2000,2021-03-21 19:03:30,foto,2,2,"Puntuación = estimación automática por metadatos (título, resolución, categoría de calidad); SIN revisión visual | CC BY-SA: la obra derivada podría tener que compartirse igual (SA)","«Muíño do Álvarez 2.jpg», Estevoaei, CC BY-SA 4.0, vía Wikimedia Commons: https://commons.wikimedia.org/wiki/File:Mu%C3%AD%C3%B1o_do_%C3%81lvarez_2.jpg"
10-muino-fonte,Muínho de Vilarraso no Deo (18).jpg,https://commons.wikimedia.org/wiki/File:Mu%C3%ADnho_de_Vilarraso_no_Deo_(18).jpg,https://upload.wikimedia.org/wikipedia/commons/f/fa/Mu%C3%ADnho_de_Vilarraso_no_Deo_%2818%29.jpg,One2,CC BY-SA 4.0,4160x3120,2021-01-11,foto,2,2,"Puntuación = estimación automática por metadatos (título, resolución, categoría de calidad); SIN revisión visual | CC BY-SA: la obra derivada podría tener que compartirse igual (SA)","«Muínho de Vilarraso no Deo (18).jpg», One2, CC BY-SA 4.0, vía Wikimedia Commons: https://commons.wikimedia.org/wiki/File:Mu%C3%ADnho_de_Vilarraso_no_Deo_(18).jpg"
10-muino-fonte,Muínho de Vilarraso no Deo (19).jpg,https://commons.wikimedia.org/wiki/File:Mu%C3%ADnho_de_Vilarraso_no_Deo_(19).jpg,https://upload.wikimedia.org/wikipedia/commons/c/c0/Mu%C3%ADnho_de_Vilarraso_no_Deo_%2819%29.jpg,One2,CC BY-SA 4.0,4160x3120,2021-01-11,foto,2,2,"Puntuación = estimación automática por metadatos (título, resolución, categoría de calidad); SIN revisión visual | CC BY-SA: la obra derivada podría tener que compartirse igual (SA)","«Muínho de Vilarraso no Deo (19).jpg», One2, CC BY-SA 4.0, vía Wikimedia Commons: https://commons.wikimedia.org/wiki/File:Mu%C3%ADnho_de_Vilarraso_no_Deo_(19).jpg"
10-muino-fonte,Muínho préto do Portalece (18).jpg,https://commons.wikimedia.org/wiki/File:Mu%C3%ADnho_pr%C3%A9to_do_Portalece_(18).jpg,https://upload.wikimedia.org/wikipedia/commons/0/08/Mu%C3%ADnho_pr%C3%A9to_do_Portalece_%2818%29.jpg,One2,CC BY-SA 4.0,4160x3120,2021-02-27,foto,2,2,"Puntuación = estimación automática por metadatos (título, resolución, categoría de calidad); SIN revisión visual | CC BY-SA: la obra derivada podría tener que compartirse igual (SA)","«Muínho préto do Portalece (18).jpg», One2, CC BY-SA 4.0, vía Wikimedia Commons: https://commons.wikimedia.org/wiki/File:Mu%C3%ADnho_pr%C3%A9to_do_Portalece_(18).jpg"
10-muino-fonte,Belén de Valga 2013 026.JPG,https://commons.wikimedia.org/wiki/File:Bel%C3%A9n_de_Valga_2013_026.JPG,https://upload.wikimedia.org/wikipedia/commons/c/cf/Bel%C3%A9n_de_Valga_2013_026.JPG,P.Lameiro,CC BY-SA 3.0,4272x2848,2013-12-28 18:55:02,foto,2,2,"Puntuación = estimación automática por metadatos (título, resolución, categoría de calidad); SIN revisión visual | CC BY-SA: la obra derivada podría tener que compartirse igual (SA)","«Belén de Valga 2013 026.JPG», P.Lameiro, CC BY-SA 3.0, vía Wikimedia Commons: https://commons.wikimedia.org/wiki/File:Bel%C3%A9n_de_Valga_2013_026.JPG"
11-barcos-costa,Nasa11dorna05eue.jpg,https://commons.wikimedia.org/wiki/File:Nasa11dorna05eue.jpg,https://upload.wikimedia.org/wikipedia/commons/f/fc/Nasa11dorna05eue.jpg,Luis Miguel Bugallo Sánchez (Lmbuga),CC BY-SA 3.0,1600x1200,"23 August 2005

23 August 2005",foto,4,4,"Puntuación = estimación automática por metadatos (título, resolución, categoría de calidad); SIN revisión visual | CC BY-SA: la obra derivada podría tener que compartirse igual (SA)","«Nasa11dorna05eue.jpg», Luis Miguel Bugallo Sánchez (Lmbuga), CC BY-SA 3.0, vía Wikimedia Commons: https://commons.wikimedia.org/wiki/File:Nasa11dorna05eue.jpg"
11-barcos-costa,Dornas na ría de Arousa.JPG,https://commons.wikimedia.org/wiki/File:Dornas_na_r%C3%ADa_de_Arousa.JPG,https://upload.wikimedia.org/wikipedia/commons/7/76/Dornas_na_r%C3%ADa_de_Arousa.JPG,Bemilladoiro,CC BY-SA 3.0,3648x2736,2009-08,foto,4,4,"Puntuación = estimación automática por metadatos (título, resolución, categoría de calidad); SIN revisión visual | CC BY-SA: la obra derivada podría tener que compartirse igual (SA)","«Dornas na ría de Arousa.JPG», Bemilladoiro, CC BY-SA 3.0, vía Wikimedia Commons: https://commons.wikimedia.org/wiki/File:Dornas_na_r%C3%ADa_de_Arousa.JPG"
11-barcos-costa,2016 Dorna afundida en Muros. Galiza 273.jpg,https://commons.wikimedia.org/wiki/File:2016_Dorna_afundida_en_Muros._Galiza_273.jpg,https://upload.wikimedia.org/wikipedia/commons/9/93/2016_Dorna_afundida_en_Muros._Galiza_273.jpg,Luis Miguel Bugallo Sánchez (Lmbuga),CC BY-SA 4.0,4206x2803,2016-07-22 16:51:16,foto,4,4,"Puntuación = estimación automática por metadatos (título, resolución, categoría de calidad); SIN revisión visual | CC BY-SA: la obra derivada podría tener que compartirse igual (SA)","«2016 Dorna afundida en Muros. Galiza 273.jpg», Luis Miguel Bugallo Sánchez (Lmbuga), CC BY-SA 4.0, vía Wikimedia Commons: https://commons.wikimedia.org/wiki/File:2016_Dorna_afundida_en_Muros._Galiza_273.jpg"
11-barcos-costa,2017. Dorna en Palmeira. Ribeira. Galiza Galicia.jpg,https://commons.wikimedia.org/wiki/File:2017._Dorna_en_Palmeira._Ribeira._Galiza_Galicia.jpg,https://upload.wikimedia.org/wikipedia/commons/d/d4/2017._Dorna_en_Palmeira._Ribeira._Galiza_Galicia.jpg,Luis Miguel Bugallo Sánchez (Lmbuga),CC BY-SA 4.0,3998x2665,2017-12-22 13:31:52,foto,4,4,"Puntuación = estimación automática por metadatos (título, resolución, categoría de calidad); SIN revisión visual | CC BY-SA: la obra derivada podría tener que compartirse igual (SA)","«2017. Dorna en Palmeira. Ribeira. Galiza Galicia.jpg», Luis Miguel Bugallo Sánchez (Lmbuga), CC BY-SA 4.0, vía Wikimedia Commons: https://commons.wikimedia.org/wiki/File:2017._Dorna_en_Palmeira._Ribeira._Galiza_Galicia.jpg"
11-barcos-costa,2017. Dúas dornas en Palmeira. Ribeira. Galiza Galicia.jpg,https://commons.wikimedia.org/wiki/File:2017._D%C3%BAas_dornas_en_Palmeira._Ribeira._Galiza_Galicia.jpg,https://upload.wikimedia.org/wikipedia/commons/c/c1/2017._D%C3%BAas_dornas_en_Palmeira._Ribeira._Galiza_Galicia.jpg,Luis Miguel Bugallo Sánchez (Lmbuga),CC BY-SA 4.0,5616x3744,2017-12-22 13:31:39,foto,4,4,"Puntuación = estimación automática por metadatos (título, resolución, categoría de calidad); SIN revisión visual | CC BY-SA: la obra derivada podría tener que compartirse igual (SA)","«2017. Dúas dornas en Palmeira. Ribeira. Galiza Galicia.jpg», Luis Miguel Bugallo Sánchez (Lmbuga), CC BY-SA 4.0, vía Wikimedia Commons: https://commons.wikimedia.org/wiki/File:2017._D%C3%BAas_dornas_en_Palmeira._Ribeira._Galiza_Galicia.jpg"
11-barcos-costa,2017 Ría de Muros-Noia 03.jpg,https://commons.wikimedia.org/wiki/File:2017_R%C3%ADa_de_Muros-Noia_03.jpg,https://upload.wikimedia.org/wikipedia/commons/7/76/2017_R%C3%ADa_de_Muros-Noia_03.jpg,Luis Miguel Bugallo Sánchez (Lmbuga),CC BY-SA 4.0,5233x3489,2017-11-04 13:46:55,foto,4,4,"Puntuación = estimación automática por metadatos (título, resolución, categoría de calidad); SIN revisión visual | CC BY-SA: la obra derivada podría tener que compartirse igual (SA)","«2017 Ría de Muros-Noia 03.jpg», Luis Miguel Bugallo Sánchez (Lmbuga), CC BY-SA 4.0, vía Wikimedia Commons: https://commons.wikimedia.org/wiki/File:2017_R%C3%ADa_de_Muros-Noia_03.jpg"
11-barcos-costa,Anoitecer Regoelle.jpg,https://commons.wikimedia.org/wiki/File:Anoitecer_Regoelle.jpg,https://upload.wikimedia.org/wikipedia/commons/9/9c/Anoitecer_Regoelle.jpg,Sonya Othero,CC BY-SA 3.0 es,4608x3072,2015-01-03 18:45:22,foto,4,4,"Puntuación = estimación automática por metadatos (título, resolución, categoría de calidad); SIN revisión visual | CC BY-SA: la obra derivada podría tener que compartirse igual (SA)","«Anoitecer Regoelle.jpg», Sonya Othero, CC BY-SA 3.0 es, vía Wikimedia Commons: https://commons.wikimedia.org/wiki/File:Anoitecer_Regoelle.jpg"
11-barcos-costa,Cruz y barco.png,https://commons.wikimedia.org/wiki/File:Cruz_y_barco.png,https://upload.wikimedia.org/wikipedia/commons/e/e2/Cruz_y_barco.png,Sethfromsomewhere,CC BY-SA 4.0,2048x2027,2015-06-05,foto,4,4,"Puntuación = estimación automática por metadatos (título, resolución, categoría de calidad); SIN revisión visual | CC BY-SA: la obra derivada podría tener que compartirse igual (SA)","«Cruz y barco.png», Sethfromsomewhere, CC BY-SA 4.0, vía Wikimedia Commons: https://commons.wikimedia.org/wiki/File:Cruz_y_barco.png"
11-barcos-costa,Monte Xalo 22V2016 02.jpg,https://commons.wikimedia.org/wiki/File:Monte_Xalo_22V2016_02.jpg,https://upload.wikimedia.org/wikipedia/commons/d/dd/Monte_Xalo_22V2016_02.jpg,Iago Casabiell González,CC BY-SA 4.0,3872x2592,2016-05-22 20:07:38,foto,4,4,"Puntuación = estimación automática por metadatos (título, resolución, categoría de calidad); SIN revisión visual | CC BY-SA: la obra derivada podría tener que compartirse igual (SA)","«Monte Xalo 22V2016 02.jpg», Iago Casabiell González, CC BY-SA 4.0, vía Wikimedia Commons: https://commons.wikimedia.org/wiki/File:Monte_Xalo_22V2016_02.jpg"
11-barcos-costa,Pablo Sanxiao - boats.jpg,https://commons.wikimedia.org/wiki/File:Pablo_Sanxiao_-_boats.jpg,https://upload.wikimedia.org/wikipedia/commons/3/33/Pablo_Sanxiao_-_boats.jpg,Photographs by Pablo Sanxiao,CC BY-SA 2.0,3385x1904,2018-07-27 19:54:06,foto,4,4,"Puntuación = estimación automática por metadatos (título, resolución, categoría de calidad); SIN revisión visual | CC BY-SA: la obra derivada podría tener que compartirse igual (SA)","«Pablo Sanxiao - boats.jpg», Photographs by Pablo Sanxiao, CC BY-SA 2.0, vía Wikimedia Commons: https://commons.wikimedia.org/wiki/File:Pablo_Sanxiao_-_boats.jpg"
11-barcos-costa,"Santander, regata en la Bahía 3.jpg","https://commons.wikimedia.org/wiki/File:Santander,_regata_en_la_Bah%C3%ADa_3.jpg",https://upload.wikimedia.org/wikipedia/commons/5/56/Santander%2C_regata_en_la_Bah%C3%ADa_3.jpg,LBM1948,CC BY-SA 4.0,3920x2460,2011-07-17 14:58:20,foto,4,4,"Puntuación = estimación automática por metadatos (título, resolución, categoría de calidad); SIN revisión visual | CC BY-SA: la obra derivada podría tener que compartirse igual (SA)","«Santander, regata en la Bahía 3.jpg», LBM1948, CC BY-SA 4.0, vía Wikimedia Commons: https://commons.wikimedia.org/wiki/File:Santander,_regata_en_la_Bah%C3%ADa_3.jpg"
11-barcos-costa,Dorna e Gamela.jpg,https://commons.wikimedia.org/wiki/File:Dorna_e_Gamela.jpg,https://upload.wikimedia.org/wikipedia/commons/8/8d/Dorna_e_Gamela.jpg,Froaringus,CC BY-SA 4.0,1600x1200,2006-01-12,foto,3,3,"Puntuación = estimación automática por metadatos (título, resolución, categoría de calidad); SIN revisión visual | CC BY-SA: la obra derivada podría tener que compartirse igual (SA)","«Dorna e Gamela.jpg», Froaringus, CC BY-SA 4.0, vía Wikimedia Commons: https://commons.wikimedia.org/wiki/File:Dorna_e_Gamela.jpg"
11-barcos-costa,Gamela e dorna.jpg,https://commons.wikimedia.org/wiki/File:Gamela_e_dorna.jpg,https://upload.wikimedia.org/wikipedia/commons/1/12/Gamela_e_dorna.jpg,Froaringus,CC BY-SA 4.0,1466x1100,2003-08-12,foto,3,3,"Puntuación = estimación automática por metadatos (título, resolución, categoría de calidad); SIN revisión visual | CC BY-SA: la obra derivada podría tener que compartirse igual (SA)","«Gamela e dorna.jpg», Froaringus, CC BY-SA 4.0, vía Wikimedia Commons: https://commons.wikimedia.org/wiki/File:Gamela_e_dorna.jpg"
11-barcos-costa,Dorna vela.jpg,https://commons.wikimedia.org/wiki/File:Dorna_vela.jpg,https://upload.wikimedia.org/wikipedia/commons/0/0c/Dorna_vela.jpg,Adrián Estévez (Estevoaei),CC BY-SA 4.0,1136x1360,2010-07-24,foto,3,3,"Puntuación = estimación automática por metadatos (título, resolución, categoría de calidad); SIN revisión visual | CC BY-SA: la obra derivada podría tener que compartirse igual (SA)","«Dorna vela.jpg», Adrián Estévez (Estevoaei), CC BY-SA 4.0, vía Wikimedia Commons: https://commons.wikimedia.org/wiki/File:Dorna_vela.jpg"
11-barcos-costa,"Dorna afundida. Taramancos, Boa, Noia.jpg","https://commons.wikimedia.org/wiki/File:Dorna_afundida._Taramancos,_Boa,_Noia.jpg",https://upload.wikimedia.org/wikipedia/commons/e/ea/Dorna_afundida._Taramancos%2C_Boa%2C_Noia.jpg,Xoan Anton aka txorima on Flickr,CC BY 2.0,4272x2848,2009-12-30 19:48:34,foto,2,2,"Puntuación = estimación automática por metadatos (título, resolución, categoría de calidad); SIN revisión visual","«Dorna afundida. Taramancos, Boa, Noia.jpg», Xoan Anton aka txorima on Flickr, CC BY 2.0, vía Wikimedia Commons: https://commons.wikimedia.org/wiki/File:Dorna_afundida._Taramancos,_Boa,_Noia.jpg"
11-barcos-costa,Dorna a vela. Rianxo de noite.jpg,https://commons.wikimedia.org/wiki/File:Dorna_a_vela._Rianxo_de_noite.jpg,https://upload.wikimedia.org/wikipedia/commons/9/92/Dorna_a_vela._Rianxo_de_noite.jpg,Xoan Anton,CC BY 2.0,3705x2056,2010-02-10 00:38:25,foto,2,2,"Puntuación = estimación automática por metadatos (título, resolución, categoría de calidad); SIN revisión visual","«Dorna a vela. Rianxo de noite.jpg», Xoan Anton, CC BY 2.0, vía Wikimedia Commons: https://commons.wikimedia.org/wiki/File:Dorna_a_vela._Rianxo_de_noite.jpg"
12-iconografia,Castelo de Pambre 2.JPG,https://commons.wikimedia.org/wiki/File:Castelo_de_Pambre_2.JPG,https://upload.wikimedia.org/wikipedia/commons/c/c4/Castelo_de_Pambre_2.JPG,AlmaGZ,CC BY-SA 3.0,3072x2304,2008-01-22,foto,4,4,"Puntuación = estimación automática por metadatos (título, resolución, categoría de calidad); SIN revisión visual | CC BY-SA: la obra derivada podría tener que compartirse igual (SA) | Subtema: Pambre","«Castelo de Pambre 2.JPG», AlmaGZ, CC BY-SA 3.0, vía Wikimedia Commons: https://commons.wikimedia.org/wiki/File:Castelo_de_Pambre_2.JPG"
12-iconografia,"Castelo de Pambre, Palas de Rei.jpg","https://commons.wikimedia.org/wiki/File:Castelo_de_Pambre,_Palas_de_Rei.jpg",https://upload.wikimedia.org/wikipedia/commons/b/bf/Castelo_de_Pambre%2C_Palas_de_Rei.jpg,José Antonio Gil Martínez,CC BY 2.0,3264x2448,"Taken on 18 April 2010, 11:12:",foto,4,4,"Puntuación = estimación automática por metadatos (título, resolución, categoría de calidad); SIN revisión visual | Subtema: Pambre","«Castelo de Pambre, Palas de Rei.jpg», José Antonio Gil Martínez, CC BY 2.0, vía Wikimedia Commons: https://commons.wikimedia.org/wiki/File:Castelo_de_Pambre,_Palas_de_Rei.jpg"
12-iconografia,Villasobrosomondariz018.jpg,https://commons.wikimedia.org/wiki/File:Villasobrosomondariz018.jpg,https://upload.wikimedia.org/wikipedia/commons/0/01/Villasobrosomondariz018.jpg,http://gl.wikipedia.org/w/index.php?title=User:Sapito,Public domain,2580x1932,2007-10-21,foto,4,4,"Puntuación = estimación automática por metadatos (título, resolución, categoría de calidad); SIN revisión visual | Dominio público declarado en Commons: verificar en la página | Subtema: Sobroso","«Villasobrosomondariz018.jpg», http://gl.wikipedia.org/w/index.php?title=User:Sapito, Public domain, vía Wikimedia Commons: https://commons.wikimedia.org/wiki/File:Villasobrosomondariz018.jpg"
12-iconografia,Dende a Fiestra (8578368554).jpg,https://commons.wikimedia.org/wiki/File:Dende_a_Fiestra_(8578368554).jpg,https://upload.wikimedia.org/wikipedia/commons/3/34/Dende_a_Fiestra_%288578368554%29.jpg,amaianos from Galicia,CC BY 2.0,3805x3216,2012-12-01 00:00,foto,4,4,"Puntuación = estimación automática por metadatos (título, resolución, categoría de calidad); SIN revisión visual | Subtema: Monterrei","«Dende a Fiestra (8578368554).jpg», amaianos from Galicia, CC BY 2.0, vía Wikimedia Commons: https://commons.wikimedia.org/wiki/File:Dende_a_Fiestra_(8578368554).jpg"
12-iconografia,Torre da Homenaxe dende a igrexa de Santa María Gracia.jpg,https://commons.wikimedia.org/wiki/File:Torre_da_Homenaxe_dende_a_igrexa_de_Santa_Mar%C3%ADa_Gracia.jpg,https://upload.wikimedia.org/wikipedia/commons/4/4d/Torre_da_Homenaxe_dende_a_igrexa_de_Santa_Mar%C3%ADa_Gracia.jpg,amaianos,CC BY 2.0,3320x3160,2011-01-01 00:44:21,foto,4,4,"Puntuación = estimación automática por metadatos (título, resolución, categoría de calidad); SIN revisión visual | Subtema: Monterrei","«Torre da Homenaxe dende a igrexa de Santa María Gracia.jpg», amaianos, CC BY 2.0, vía Wikimedia Commons: https://commons.wikimedia.org/wiki/File:Torre_da_Homenaxe_dende_a_igrexa_de_Santa_Mar%C3%ADa_Gracia.jpg"
12-iconografia,Ribadavia - Castillo - Castelo - 02.jpg,https://commons.wikimedia.org/wiki/File:Ribadavia_-_Castillo_-_Castelo_-_02.jpg,https://upload.wikimedia.org/wikipedia/commons/8/84/Ribadavia_-_Castillo_-_Castelo_-_02.jpg,Xosema,CC BY-SA 4.0,5194x3457,2023-04-06 12:22:57,foto,4,4,"Puntuación = estimación automática por metadatos (título, resolución, categoría de calidad); SIN revisión visual | CC BY-SA: la obra derivada podría tener que compartirse igual (SA) | Subtema: Ribadavia","«Ribadavia - Castillo - Castelo - 02.jpg», Xosema, CC BY-SA 4.0, vía Wikimedia Commons: https://commons.wikimedia.org/wiki/File:Ribadavia_-_Castillo_-_Castelo_-_02.jpg"
12-iconografia,2025 Capitel da Igrexa de Salomé. Santiago-1.jpg,https://commons.wikimedia.org/wiki/File:2025_Capitel_da_Igrexa_de_Salom%C3%A9._Santiago-1.jpg,https://upload.wikimedia.org/wikipedia/commons/6/6d/2025_Capitel_da_Igrexa_de_Salom%C3%A9._Santiago-1.jpg,Lmbuga,CC BY-SA 4.0,6625x4417,2025-08-17 13:41:49,foto,4,4,"Puntuación = estimación automática por metadatos (título, resolución, categoría de calidad); SIN revisión visual | CC BY-SA: la obra derivada podría tener que compartirse igual (SA) | Subtema: capitals","«2025 Capitel da Igrexa de Salomé. Santiago-1.jpg», Lmbuga, CC BY-SA 4.0, vía Wikimedia Commons: https://commons.wikimedia.org/wiki/File:2025_Capitel_da_Igrexa_de_Salom%C3%A9._Santiago-1.jpg"
12-iconografia,Monterrei Santa María de Gracia corbels175.JPG,https://commons.wikimedia.org/wiki/File:Monterrei_Santa_Mar%C3%ADa_de_Gracia_corbels175.JPG,https://upload.wikimedia.org/wikipedia/commons/5/50/Monterrei_Santa_Mar%C3%ADa_de_Gracia_corbels175.JPG,GFreihalter,CC BY-SA 3.0,2520x3776,2010-06-24,foto,4,4,"Puntuación = estimación automática por metadatos (título, resolución, categoría de calidad); SIN revisión visual | CC BY-SA: la obra derivada podría tener que compartirse igual (SA) | Subtema: corbels","«Monterrei Santa María de Gracia corbels175.JPG», GFreihalter, CC BY-SA 3.0, vía Wikimedia Commons: https://commons.wikimedia.org/wiki/File:Monterrei_Santa_Mar%C3%ADa_de_Gracia_corbels175.JPG"
12-iconografia,Portico da Gloria 06-03b.JPG,https://commons.wikimedia.org/wiki/File:Portico_da_Gloria_06-03b.JPG,https://upload.wikimedia.org/wikipedia/commons/c/c8/Portico_da_Gloria_06-03b.JPG,P.Lameiro,CC BY-SA 3.0,4272x2848,2011-01-29 18:44:51,foto,2,2,"Puntuación = estimación automática por metadatos (título, resolución, categoría de calidad); SIN revisión visual | CC BY-SA: la obra derivada podría tener que compartirse igual (SA) | Subtema: capitals","«Portico da Gloria 06-03b.JPG», P.Lameiro, CC BY-SA 3.0, vía Wikimedia Commons: https://commons.wikimedia.org/wiki/File:Portico_da_Gloria_06-03b.JPG"
12-iconografia,Iglesia de San Salvador de Asma 2.jpg,https://commons.wikimedia.org/wiki/File:Iglesia_de_San_Salvador_de_Asma_2.jpg,https://upload.wikimedia.org/wikipedia/commons/0/08/Iglesia_de_San_Salvador_de_Asma_2.jpg,José Antonio Gil Martínez,CC BY 2.0,2048x1536,"Taken on 24 November 2007, 14:",foto,2,2,"Puntuación = estimación automática por metadatos (título, resolución, categoría de calidad); SIN revisión visual | Subtema: corbels","«Iglesia de San Salvador de Asma 2.jpg», José Antonio Gil Martínez, CC BY 2.0, vía Wikimedia Commons: https://commons.wikimedia.org/wiki/File:Iglesia_de_San_Salvador_de_Asma_2.jpg"
12-iconografia,CortapezasCapitel.jpg,https://commons.wikimedia.org/wiki/File:CortapezasCapitel.jpg,https://upload.wikimedia.org/wikipedia/commons/4/40/CortapezasCapitel.jpg,Satna,CC BY-SA 4.0,2736x3648,2016-07-20 19:47:34,foto,2,2,"Puntuación = estimación automática por metadatos (título, resolución, categoría de calidad); SIN revisión visual | CC BY-SA: la obra derivada podría tener que compartirse igual (SA) | Subtema: corbels","«CortapezasCapitel.jpg», Satna, CC BY-SA 4.0, vía Wikimedia Commons: https://commons.wikimedia.org/wiki/File:CortapezasCapitel.jpg"
12-iconografia,Canecillo de la Iglesia de San Pedro (Vivero).jpg,https://commons.wikimedia.org/wiki/File:Canecillo_de_la_Iglesia_de_San_Pedro_(Vivero).jpg,https://upload.wikimedia.org/wikipedia/commons/6/61/Canecillo_de_la_Iglesia_de_San_Pedro_%28Vivero%29.jpg,Jl FilpoC,CC BY-SA 4.0,2968x3957,2020-01-14,foto,2,2,"Puntuación = estimación automática por metadatos (título, resolución, categoría de calidad); SIN revisión visual | CC BY-SA: la obra derivada podría tener que compartirse igual (SA) | Subtema: corbels","«Canecillo de la Iglesia de San Pedro (Vivero).jpg», Jl FilpoC, CC BY-SA 4.0, vía Wikimedia Commons: https://commons.wikimedia.org/wiki/File:Canecillo_de_la_Iglesia_de_San_Pedro_(Vivero).jpg"
12-iconografia,2017 Mosteiro de Oseira-9.jpg,https://commons.wikimedia.org/wiki/File:2017_Mosteiro_de_Oseira-9.jpg,https://upload.wikimedia.org/wikipedia/commons/5/51/2017_Mosteiro_de_Oseira-9.jpg,Luis Miguel Bugallo Sánchez (Lmbuga),CC BY-SA 4.0,2118x2657,2017-10-10 11:31:39,foto,2,2,"Puntuación = estimación automática por metadatos (título, resolución, categoría de calidad); SIN revisión visual | CC BY-SA: la obra derivada podría tener que compartirse igual (SA) | Subtema: Oseira","«2017 Mosteiro de Oseira-9.jpg», Luis Miguel Bugallo Sánchez (Lmbuga), CC BY-SA 4.0, vía Wikimedia Commons: https://commons.wikimedia.org/wiki/File:2017_Mosteiro_de_Oseira-9.jpg"
12-iconografia,"Afonso II o Casto, de Oviedo (Tumbo A), r.jpg","https://commons.wikimedia.org/wiki/File:Afonso_II_o_Casto,_de_Oviedo_(Tumbo_A),_r.jpg",https://upload.wikimedia.org/wikipedia/commons/0/0f/Afonso_II_o_Casto%2C_de_Oviedo_%28Tumbo_A%29%2C_r.jpg,Unknown authorUnknown author,Public domain,1531x1869,2013-08-29 01:17:49,miniatura/grabado,2,2,"Puntuación = estimación automática por metadatos (título, resolución, categoría de calidad); SIN revisión visual | Dominio público declarado en Commons: verificar en la página | Escaneo de manuscrito/obra antigua (dominio público por antigüedad de la obra; verificar)","«Afonso II o Casto, de Oviedo (Tumbo A), r.jpg», Unknown authorUnknown author, Public domain, vía Wikimedia Commons: https://commons.wikimedia.org/wiki/File:Afonso_II_o_Casto,_de_Oviedo_(Tumbo_A),_r.jpg"
12-iconografia,"Afonso III o Magno (Tumbo A), r.jpg","https://commons.wikimedia.org/wiki/File:Afonso_III_o_Magno_(Tumbo_A),_r.jpg",https://upload.wikimedia.org/wikipedia/commons/b/bd/Afonso_III_o_Magno_%28Tumbo_A%29%2C_r.jpg,Unknown authorUnknown author,Public domain,1474x1883,2013-08-29 01:18:43,miniatura/grabado,2,2,"Puntuación = estimación automática por metadatos (título, resolución, categoría de calidad); SIN revisión visual | Dominio público declarado en Commons: verificar en la página | Escaneo de manuscrito/obra antigua (dominio público por antigüedad de la obra; verificar)","«Afonso III o Magno (Tumbo A), r.jpg», Unknown authorUnknown author, Public domain, vía Wikimedia Commons: https://commons.wikimedia.org/wiki/File:Afonso_III_o_Magno_(Tumbo_A),_r.jpg"
12-iconografia,Bispo Teodomiro.jpg,https://commons.wikimedia.org/wiki/File:Bispo_Teodomiro.jpg,https://upload.wikimedia.org/wikipedia/commons/0/0c/Bispo_Teodomiro.jpg,AnonymousUnknown author,Public domain,2398x1723,2012-02-21 22:39:18,miniatura/grabado,2,2,"Puntuación = estimación automática por metadatos (título, resolución, categoría de calidad); SIN revisión visual | Dominio público declarado en Commons: verificar en la página | Escaneo de manuscrito/obra antigua (dominio público por antigüedad de la obra; verificar)","«Bispo Teodomiro.jpg», AnonymousUnknown author, Public domain, vía Wikimedia Commons: https://commons.wikimedia.org/wiki/File:Bispo_Teodomiro.jpg"
12-iconografia,Adeffonsus rex legionensium et gallecie.jpg,https://commons.wikimedia.org/wiki/File:Adeffonsus_rex_legionensium_et_gallecie.jpg,https://upload.wikimedia.org/wikipedia/commons/7/73/Adeffonsus_rex_legionensium_et_gallecie.jpg,Descoñecido. Unknown,Public domain,1503x2070,2012-10-26 05:04:15,miniatura/grabado,2,2,"Puntuación = estimación automática por metadatos (título, resolución, categoría de calidad); SIN revisión visual | Dominio público declarado en Commons: verificar en la página | Escaneo de manuscrito/obra antigua (dominio público por antigüedad de la obra; verificar)","«Adeffonsus rex legionensium et gallecie.jpg», Descoñecido. Unknown, Public domain, vía Wikimedia Commons: https://commons.wikimedia.org/wiki/File:Adeffonsus_rex_legionensium_et_gallecie.jpg"
12-iconografia,Fernando II de Galicia e Leon no tombo A.jpg,https://commons.wikimedia.org/wiki/File:Fernando_II_de_Galicia_e_Leon_no_tombo_A.jpg,https://upload.wikimedia.org/wikipedia/commons/d/d3/Fernando_II_de_Galicia_e_Leon_no_tombo_A.jpg,Unknown authorUnknown author,Public domain,875x1024,between circa 1175 and circa 1,miniatura/grabado,2,2,"Puntuación = estimación automática por metadatos (título, resolución, categoría de calidad); SIN revisión visual | Dominio público declarado en Commons: verificar en la página | Escaneo de manuscrito/obra antigua (dominio público por antigüedad de la obra; verificar)","«Fernando II de Galicia e Leon no tombo A.jpg», Unknown authorUnknown author, Public domain, vía Wikimedia Commons: https://commons.wikimedia.org/wiki/File:Fernando_II_de_Galicia_e_Leon_no_tombo_A.jpg"
12-iconografia,Fernando III como rei de Castela e Toledo e de Galiza e Leon no Tombo A.jpg,https://commons.wikimedia.org/wiki/File:Fernando_III_como_rei_de_Castela_e_Toledo_e_de_Galiza_e_Leon_no_Tombo_A.jpg,https://upload.wikimedia.org/wikipedia/commons/2/22/Fernando_III_como_rei_de_Castela_e_Toledo_e_de_Galiza_e_Leon_no_Tombo_A.jpg,Unknown authorUnknown author,Public domain,968x824,"13th centurydate QS:P,+1250-00",miniatura/grabado,2,2,"Puntuación = estimación automática por metadatos (título, resolución, categoría de calidad); SIN revisión visual | Dominio público declarado en Commons: verificar en la página | Escaneo de manuscrito/obra antigua (dominio público por antigüedad de la obra; verificar)","«Fernando III como rei de Castela e Toledo e de Galiza e Leon no Tombo A.jpg», Unknown authorUnknown author, Public domain, vía Wikimedia Commons: https://commons.wikimedia.org/wiki/File:Fernando_III_como_rei_de_Castela_e_Toledo_e_de_Galiza_e_Leon_no_Tombo_A.jpg"
12-iconografia,Caballeria Cantiga 106.jpg,https://commons.wikimedia.org/wiki/File:Caballeria_Cantiga_106.jpg,https://upload.wikimedia.org/wikipedia/commons/6/6a/Caballeria_Cantiga_106.jpg,Alfonso X el Sabio,Public domain,749x465,between 1252 and 1284date QS:P,miniatura/grabado,2,2,"Puntuación = estimación automática por metadatos (título, resolución, categoría de calidad); SIN revisión visual | Dominio público declarado en Commons: verificar en la página | Escaneo de manuscrito/obra antigua (dominio público por antigüedad de la obra; verificar)","«Caballeria Cantiga 106.jpg», Alfonso X el Sabio, Public domain, vía Wikimedia Commons: https://commons.wikimedia.org/wiki/File:Caballeria_Cantiga_106.jpg"
12-iconografia,Cantigas de Santa Maria. Codice de El Escorial. Cantiga 123 miniaturas.jpg,https://commons.wikimedia.org/wiki/File:Cantigas_de_Santa_Maria._Codice_de_El_Escorial._Cantiga_123_miniaturas.jpg,https://upload.wikimedia.org/wikipedia/commons/0/0a/Cantigas_de_Santa_Maria._Codice_de_El_Escorial._Cantiga_123_miniaturas.jpg,"Unknown Miniaturist, Spanish (active 1250-1300)",Public domain,3744x5616,between 1250 and 1300date QS:P,miniatura/grabado,2,2,"Puntuación = estimación automática por metadatos (título, resolución, categoría de calidad); SIN revisión visual | Dominio público declarado en Commons: verificar en la página | Escaneo de manuscrito/obra antigua (dominio público por antigüedad de la obra; verificar)","«Cantigas de Santa Maria. Codice de El Escorial. Cantiga 123 miniaturas.jpg», Unknown Miniaturist, Spanish (active 1250-1300), Public domain, vía Wikimedia Commons: https://commons.wikimedia.org/wiki/File:Cantigas_de_Santa_Maria._Codice_de_El_Escorial._Cantiga_123_miniaturas.jpg"
12-iconografia,Miniatura representant l’exèrcit almohade.jpg,https://commons.wikimedia.org/wiki/File:Miniatura_representant_l%E2%80%99ex%C3%A8rcit_almohade.jpg,https://upload.wikimedia.org/wikipedia/commons/6/6d/Miniatura_representant_l%E2%80%99ex%C3%A8rcit_almohade.jpg,Antoni Ripoll,Public domain,1024x941,2015-05-22 18:36:20,miniatura/grabado,2,2,"Puntuación = estimación automática por metadatos (título, resolución, categoría de calidad); SIN revisión visual | Dominio público declarado en Commons: verificar en la página | Escaneo de manuscrito/obra antigua (dominio público por antigüedad de la obra; verificar)","«Miniatura representant l’exèrcit almohade.jpg», Antoni Ripoll, Public domain, vía Wikimedia Commons: https://commons.wikimedia.org/wiki/File:Miniatura_representant_l%E2%80%99ex%C3%A8rcit_almohade.jpg"
14-samos-antiguo,Portada románica del Monasterio de San Julián de Samos.jpg,https://commons.wikimedia.org/wiki/File:Portada_rom%C3%A1nica_del_Monasterio_de_San_Juli%C3%A1n_de_Samos.jpg,https://upload.wikimedia.org/wikipedia/commons/a/a8/Portada_rom%C3%A1nica_del_Monasterio_de_San_Juli%C3%A1n_de_Samos.jpg,Jl FilpoC,CC BY-SA 4.0,2934x3911,2020-01-13,foto,4,4,"Puntuación = estimación automática por metadatos (título, resolución, categoría de calidad); SIN revisión visual | CC BY-SA: la obra derivada podría tener que compartirse igual (SA)","«Portada románica del Monasterio de San Julián de Samos.jpg», Jl FilpoC, CC BY-SA 4.0, vía Wikimedia Commons: https://commons.wikimedia.org/wiki/File:Portada_rom%C3%A1nica_del_Monasterio_de_San_Juli%C3%A1n_de_Samos.jpg"
14-samos-antiguo,2017 Mosteiro de Samos. Samos. Galiza-3.jpg,https://commons.wikimedia.org/wiki/File:2017_Mosteiro_de_Samos._Samos._Galiza-3.jpg,https://upload.wikimedia.org/wikipedia/commons/b/b0/2017_Mosteiro_de_Samos._Samos._Galiza-3.jpg,Luis Miguel Bugallo Sánchez (Lmbuga),CC BY-SA 4.0,5549x3699,2017-08-02 17:13:50,foto,4,4,"Puntuación = estimación automática por metadatos (título, resolución, categoría de calidad); SIN revisión visual | CC BY-SA: la obra derivada podría tener que compartirse igual (SA)","«2017 Mosteiro de Samos. Samos. Galiza-3.jpg», Luis Miguel Bugallo Sánchez (Lmbuga), CC BY-SA 4.0, vía Wikimedia Commons: https://commons.wikimedia.org/wiki/File:2017_Mosteiro_de_Samos._Samos._Galiza-3.jpg"
14-samos-antiguo,2017 Portal do Mosteiro de Samos. Galiza.jpg,https://commons.wikimedia.org/wiki/File:2017_Portal_do_Mosteiro_de_Samos._Galiza.jpg,https://upload.wikimedia.org/wikipedia/commons/2/2c/2017_Portal_do_Mosteiro_de_Samos._Galiza.jpg,Luis Miguel Bugallo Sánchez (Lmbuga),CC BY-SA 4.0,3261x4614,2017-08-02 17:02:09,foto,4,4,"Puntuación = estimación automática por metadatos (título, resolución, categoría de calidad); SIN revisión visual | CC BY-SA: la obra derivada podría tener que compartirse igual (SA)","«2017 Portal do Mosteiro de Samos. Galiza.jpg», Luis Miguel Bugallo Sánchez (Lmbuga), CC BY-SA 4.0, vía Wikimedia Commons: https://commons.wikimedia.org/wiki/File:2017_Portal_do_Mosteiro_de_Samos._Galiza.jpg"
14-samos-antiguo,2017 Mosteiro de Samos. Galiza-6.jpg,https://commons.wikimedia.org/wiki/File:2017_Mosteiro_de_Samos._Galiza-6.jpg,https://upload.wikimedia.org/wikipedia/commons/2/2b/2017_Mosteiro_de_Samos._Galiza-6.jpg,Luis Miguel Bugallo Sánchez (Lmbuga),CC BY-SA 4.0,3060x3187,2017-08-02 17:17:55,foto,4,4,"Puntuación = estimación automática por metadatos (título, resolución, categoría de calidad); SIN revisión visual | CC BY-SA: la obra derivada podría tener que compartirse igual (SA)","«2017 Mosteiro de Samos. Galiza-6.jpg», Luis Miguel Bugallo Sánchez (Lmbuga), CC BY-SA 4.0, vía Wikimedia Commons: https://commons.wikimedia.org/wiki/File:2017_Mosteiro_de_Samos._Galiza-6.jpg"
14-samos-antiguo,Exhibition Ruth Anderson in Pontevedra 03.jpg,https://commons.wikimedia.org/wiki/File:Exhibition_Ruth_Anderson_in_Pontevedra_03.jpg,https://upload.wikimedia.org/wikipedia/commons/1/10/Exhibition_Ruth_Anderson_in_Pontevedra_03.jpg,Munfarid1,CC BY-SA 4.0,1840x3264,2022-08-23 16:22:09,foto,4,4,"Puntuación = estimación automática por metadatos (título, resolución, categoría de calidad); SIN revisión visual | CC BY-SA: la obra derivada podría tener que compartirse igual (SA)","«Exhibition Ruth Anderson in Pontevedra 03.jpg», Munfarid1, CC BY-SA 4.0, vía Wikimedia Commons: https://commons.wikimedia.org/wiki/File:Exhibition_Ruth_Anderson_in_Pontevedra_03.jpg"
14-samos-antiguo,Fonte das Nereidas - Claustro do Mosteiro de Samos - Galiza.jpg,https://commons.wikimedia.org/wiki/File:Fonte_das_Nereidas_-_Claustro_do_Mosteiro_de_Samos_-_Galiza.jpg,https://upload.wikimedia.org/wikipedia/commons/5/5f/Fonte_das_Nereidas_-_Claustro_do_Mosteiro_de_Samos_-_Galiza.jpg,Lansbricae,CC BY-SA 2.0,2986x3982,2010-02-13 17:13:10,foto,4,4,"Puntuación = estimación automática por metadatos (título, resolución, categoría de calidad); SIN revisión visual | CC BY-SA: la obra derivada podría tener que compartirse igual (SA)","«Fonte das Nereidas - Claustro do Mosteiro de Samos - Galiza.jpg», Lansbricae, CC BY-SA 2.0, vía Wikimedia Commons: https://commons.wikimedia.org/wiki/File:Fonte_das_Nereidas_-_Claustro_do_Mosteiro_de_Samos_-_Galiza.jpg"
14-samos-antiguo,Samos monasterio claustro.jpg,https://commons.wikimedia.org/wiki/File:Samos_monasterio_claustro.jpg,https://upload.wikimedia.org/wikipedia/commons/1/1e/Samos_monasterio_claustro.jpg,Cruccone,CC BY-SA 3.0 es,3072x2304,2010-05-21,foto,4,4,"Puntuación = estimación automática por metadatos (título, resolución, categoría de calidad); SIN revisión visual | CC BY-SA: la obra derivada podría tener que compartirse igual (SA)","«Samos monasterio claustro.jpg», Cruccone, CC BY-SA 3.0 es, vía Wikimedia Commons: https://commons.wikimedia.org/wiki/File:Samos_monasterio_claustro.jpg"
14-samos-antiguo,Samos monasterio claustro superior.jpg,https://commons.wikimedia.org/wiki/File:Samos_monasterio_claustro_superior.jpg,https://upload.wikimedia.org/wikipedia/commons/e/ea/Samos_monasterio_claustro_superior.jpg,Cruccone,CC BY-SA 3.0 es,3072x2304,2010-05-21,foto,4,4,"Puntuación = estimación automática por metadatos (título, resolución, categoría de calidad); SIN revisión visual | CC BY-SA: la obra derivada podría tener que compartirse igual (SA)","«Samos monasterio claustro superior.jpg», Cruccone, CC BY-SA 3.0 es, vía Wikimedia Commons: https://commons.wikimedia.org/wiki/File:Samos_monasterio_claustro_superior.jpg"
14-samos-antiguo,Claustro grande del Monasterio de San Julián de Samos.jpg,https://commons.wikimedia.org/wiki/File:Claustro_grande_del_Monasterio_de_San_Juli%C3%A1n_de_Samos.jpg,https://upload.wikimedia.org/wikipedia/commons/c/c8/Claustro_grande_del_Monasterio_de_San_Juli%C3%A1n_de_Samos.jpg,Jl FilpoC,CC BY-SA 4.0,4069x2712,2020-01-13,foto,4,4,"Puntuación = estimación automática por metadatos (título, resolución, categoría de calidad); SIN revisión visual | CC BY-SA: la obra derivada podría tener que compartirse igual (SA)","«Claustro grande del Monasterio de San Julián de Samos.jpg», Jl FilpoC, CC BY-SA 4.0, vía Wikimedia Commons: https://commons.wikimedia.org/wiki/File:Claustro_grande_del_Monasterio_de_San_Juli%C3%A1n_de_Samos.jpg"
14-samos-antiguo,Galería superior del Claustro Grande (Monasterio de Samos).jpg,https://commons.wikimedia.org/wiki/File:Galer%C3%ADa_superior_del_Claustro_Grande_(Monasterio_de_Samos).jpg,https://upload.wikimedia.org/wikipedia/commons/9/99/Galer%C3%ADa_superior_del_Claustro_Grande_%28Monasterio_de_Samos%29.jpg,Jl FilpoC,CC BY-SA 4.0,2888x2888,2020-01-13,foto,4,4,"Puntuación = estimación automática por metadatos (título, resolución, categoría de calidad); SIN revisión visual | CC BY-SA: la obra derivada podría tener que compartirse igual (SA)","«Galería superior del Claustro Grande (Monasterio de Samos).jpg», Jl FilpoC, CC BY-SA 4.0, vía Wikimedia Commons: https://commons.wikimedia.org/wiki/File:Galer%C3%ADa_superior_del_Claustro_Grande_(Monasterio_de_Samos).jpg"
14-samos-antiguo,Claustro grande y monumento a Feijoo (Monasterio de Samos).jpg,https://commons.wikimedia.org/wiki/File:Claustro_grande_y_monumento_a_Feijoo_(Monasterio_de_Samos).jpg,https://upload.wikimedia.org/wikipedia/commons/1/11/Claustro_grande_y_monumento_a_Feijoo_%28Monasterio_de_Samos%29.jpg,Jl FilpoC,CC BY-SA 4.0,4003x3002,2020-01-13,foto,4,4,"Puntuación = estimación automática por metadatos (título, resolución, categoría de calidad); SIN revisión visual | CC BY-SA: la obra derivada podría tener que compartirse igual (SA)","«Claustro grande y monumento a Feijoo (Monasterio de Samos).jpg», Jl FilpoC, CC BY-SA 4.0, vía Wikimedia Commons: https://commons.wikimedia.org/wiki/File:Claustro_grande_y_monumento_a_Feijoo_(Monasterio_de_Samos).jpg"
14-samos-antiguo,Claustro Monasterio de San Juan de Samos.jpg,https://commons.wikimedia.org/wiki/File:Claustro_Monasterio_de_San_Juan_de_Samos.jpg,https://upload.wikimedia.org/wikipedia/commons/c/c2/Claustro_Monasterio_de_San_Juan_de_Samos.jpg,Juanky32,CC BY-SA 4.0,4624x2080,2023-04-05 16:33:31,foto,4,4,"Puntuación = estimación automática por metadatos (título, resolución, categoría de calidad); SIN revisión visual | CC BY-SA: la obra derivada podría tener que compartirse igual (SA)","«Claustro Monasterio de San Juan de Samos.jpg», Juanky32, CC BY-SA 4.0, vía Wikimedia Commons: https://commons.wikimedia.org/wiki/File:Claustro_Monasterio_de_San_Juan_de_Samos.jpg"
14-samos-antiguo,Claustro Monasterio San Juan de Samos.jpg,https://commons.wikimedia.org/wiki/File:Claustro_Monasterio_San_Juan_de_Samos.jpg,https://upload.wikimedia.org/wikipedia/commons/5/5a/Claustro_Monasterio_San_Juan_de_Samos.jpg,Juanky32,CC BY-SA 4.0,4624x2080,2023-04-05 16:36:04,foto,4,4,"Puntuación = estimación automática por metadatos (título, resolución, categoría de calidad); SIN revisión visual | CC BY-SA: la obra derivada podría tener que compartirse igual (SA)","«Claustro Monasterio San Juan de Samos.jpg», Juanky32, CC BY-SA 4.0, vía Wikimedia Commons: https://commons.wikimedia.org/wiki/File:Claustro_Monasterio_San_Juan_de_Samos.jpg"
14-samos-antiguo,Claustro de las Nereidas de la Abadía de Samos (lugo).jpg,https://commons.wikimedia.org/wiki/File:Claustro_de_las_Nereidas_de_la_Abad%C3%ADa_de_Samos_(lugo).jpg,https://upload.wikimedia.org/wikipedia/commons/f/f9/Claustro_de_las_Nereidas_de_la_Abad%C3%ADa_de_Samos_%28lugo%29.jpg,Peregrinoteca,CC BY-SA 4.0,1004x1535,2008-05-03 11:25:42,foto,3,3,"Puntuación = estimación automática por metadatos (título, resolución, categoría de calidad); SIN revisión visual | CC BY-SA: la obra derivada podría tener que compartirse igual (SA)","«Claustro de las Nereidas de la Abadía de Samos (lugo).jpg», Peregrinoteca, CC BY-SA 4.0, vía Wikimedia Commons: https://commons.wikimedia.org/wiki/File:Claustro_de_las_Nereidas_de_la_Abad%C3%ADa_de_Samos_(lugo).jpg"
14-samos-antiguo,Claustro del Padre Feijoo de la Real Abadía de Samos (Lugo).jpg,https://commons.wikimedia.org/wiki/File:Claustro_del_Padre_Feijoo_de_la_Real_Abad%C3%ADa_de_Samos_(Lugo).jpg,https://upload.wikimedia.org/wikipedia/commons/5/51/Claustro_del_Padre_Feijoo_de_la_Real_Abad%C3%ADa_de_Samos_%28Lugo%29.jpg,Peregrinoteca,CC BY-SA 4.0,1004x1535,2008-05-03 11:24:14,foto,3,3,"Puntuación = estimación automática por metadatos (título, resolución, categoría de calidad); SIN revisión visual | CC BY-SA: la obra derivada podría tener que compartirse igual (SA)","«Claustro del Padre Feijoo de la Real Abadía de Samos (Lugo).jpg», Peregrinoteca, CC BY-SA 4.0, vía Wikimedia Commons: https://commons.wikimedia.org/wiki/File:Claustro_del_Padre_Feijoo_de_la_Real_Abad%C3%ADa_de_Samos_(Lugo).jpg"
14-samos-antiguo,Plata superior del claustro.jpg,https://commons.wikimedia.org/wiki/File:Plata_superior_del_claustro.jpg,https://upload.wikimedia.org/wikipedia/commons/9/91/Plata_superior_del_claustro.jpg,Juanky32,CC BY-SA 4.0,4624x2080,2023-04-05,foto,2,2,"Puntuación = estimación automática por metadatos (título, resolución, categoría de calidad); SIN revisión visual | CC BY-SA: la obra derivada podría tener que compartirse igual (SA)","«Plata superior del claustro.jpg», Juanky32, CC BY-SA 4.0, vía Wikimedia Commons: https://commons.wikimedia.org/wiki/File:Plata_superior_del_claustro.jpg"
13-armas-ropa,Rapier of Prince-Elector Christian II of Saxony (1583–1611) (dated 1606),https://www.metmuseum.org/art/collection/search/24860,https://images.metmuseum.org/CRDImages/aa/original/LC-1970_77-001.jpg,Israel Schuech,CC0 (The Met Open Access),"no verificada (original del Met, normalmente >2000 px)",dated 1606,objeto de museo (foto),3,3,"Puntuación = estimación automática por metadatos (título, resolución, categoría de calidad); SIN revisión visual | Resolución no verificada | hilt, German, Dresden; blade, Spanish, Toledo; Fletcher Fund, 1970","«Rapier of Prince-Elector Christian II of Saxony (1583–1611) (dated 1606)», Israel Schuech, CC0 (The Met Open Access), vía The Met Open Access: https://www.metmuseum.org/art/collection/search/24860"
13-armas-ropa,Smallsword in the Spanish Style (ca. 1775),https://www.metmuseum.org/art/collection/search/22926,https://images.metmuseum.org/CRDImages/aa/original/LC-26_145_295-001.jpg,Spanish,CC0 (The Met Open Access),"no verificada (original del Met, normalmente >2000 px)",ca. 1775,objeto de museo (foto),3,3,"Puntuación = estimación automática por metadatos (título, resolución, categoría de calidad); SIN revisión visual | Resolución no verificada | Spanish; Gift of Jean Jacques Reubell, in memory of his mother, Julia C. Coster, and of his wife, Adeline E. Post, both of New York City, 1926","«Smallsword in the Spanish Style (ca. 1775)», Spanish, CC0 (The Met Open Access), vía The Met Open Access: https://www.metmuseum.org/art/collection/search/22926"
13-armas-ropa,Sword (ca. 1500),https://www.metmuseum.org/art/collection/search/27459,https://images.metmuseum.org/CRDImages/aa/original/LC-14_25_1098-003.jpg,Spanish,CC0 (The Met Open Access),"no verificada (original del Met, normalmente >2000 px)",ca. 1500,objeto de museo (foto),3,3,"Puntuación = estimación automática por metadatos (título, resolución, categoría de calidad); SIN revisión visual | Resolución no verificada | Spanish; Gift of William H. Riggs, 1913","«Sword (ca. 1500)», Spanish, CC0 (The Met Open Access), vía The Met Open Access: https://www.metmuseum.org/art/collection/search/27459"
13-armas-ropa,Thrusting Sword (<i>Spada da Stocco</i>) (ca. 1500),https://www.metmuseum.org/art/collection/search/35716,https://images.metmuseum.org/CRDImages/aa/original/LC-14_25_1165-002.jpg,probably Italian or Spanish,CC0 (The Met Open Access),"no verificada (original del Met, normalmente >2000 px)",ca. 1500,objeto de museo (foto),3,3,"Puntuación = estimación automática por metadatos (título, resolución, categoría de calidad); SIN revisión visual | Resolución no verificada | probably Italian or Spanish; Gift of William H. Riggs, 1913","«Thrusting Sword (<i>Spada da Stocco</i>) (ca. 1500)», probably Italian or Spanish, CC0 (The Met Open Access), vía The Met Open Access: https://www.metmuseum.org/art/collection/search/35716"
13-armas-ropa,"Transitional Rapier (hilt, ca. 1625–50; blade, 17th century)",https://www.metmuseum.org/art/collection/search/27450,https://images.metmuseum.org/CRDImages/aa/original/LC-14_25_1084-005.jpg,Tomas Aiala,CC0 (The Met Open Access),"no verificada (original del Met, normalmente >2000 px)","hilt, ca. 1625–50; blade, 17th century",objeto de museo (foto),3,3,"Puntuación = estimación automática por metadatos (título, resolución, categoría de calidad); SIN revisión visual | Resolución no verificada | Hilt, possibly French or Spanish; blade, Spanish, Toledo; Gift of William H. Riggs, 1913","«Transitional Rapier (hilt, ca. 1625–50; blade, 17th century)», Tomas Aiala, CC0 (The Met Open Access), vía The Met Open Access: https://www.metmuseum.org/art/collection/search/27450"
13-armas-ropa,Cup-Hilted Rapier (ca. 1650),https://www.metmuseum.org/art/collection/search/635707,https://images.metmuseum.org/CRDImages/aa/original/LC-14_25_1176-001-2.jpg,Pedro de Velmonte,CC0 (The Met Open Access),"no verificada (original del Met, normalmente >2000 px)",ca. 1650,objeto de museo (foto),3,3,"Puntuación = estimación automática por metadatos (título, resolución, categoría de calidad); SIN revisión visual | Resolución no verificada | Spanish; Gift of William H. Riggs, 1913","«Cup-Hilted Rapier (ca. 1650)», Pedro de Velmonte, CC0 (The Met Open Access), vía The Met Open Access: https://www.metmuseum.org/art/collection/search/635707"
13-armas-ropa,Rapier (ca. 1600),https://www.metmuseum.org/art/collection/search/21936,https://images.metmuseum.org/CRDImages/aa/original/LC-04_3_25-001-2.jpg,Thomas de Aiala,CC0 (The Met Open Access),"no verificada (original del Met, normalmente >2000 px)",ca. 1600,objeto de museo (foto),3,3,"Puntuación = estimación automática por metadatos (título, resolución, categoría de calidad); SIN revisión visual | Resolución no verificada | Italian; blade, Spanish; Rogers Fund, 1904","«Rapier (ca. 1600)», Thomas de Aiala, CC0 (The Met Open Access), vía The Met Open Access: https://www.metmuseum.org/art/collection/search/21936"
13-armas-ropa,Sword with Scabbard (late 15th century),https://www.metmuseum.org/art/collection/search/25573,https://images.metmuseum.org/CRDImages/aa/original/2285.jpg,Spanish,CC0 (The Met Open Access),"no verificada (original del Met, normalmente >2000 px)",late 15th century,objeto de museo (foto),3,3,"Puntuación = estimación automática por metadatos (título, resolución, categoría de calidad); SIN revisión visual | Resolución no verificada | Spanish; Rogers Fund, 1904","«Sword with Scabbard (late 15th century)», Spanish, CC0 (The Met Open Access), vía The Met Open Access: https://www.metmuseum.org/art/collection/search/25573"
13-armas-ropa,Rapier (dated 1773),https://www.metmuseum.org/art/collection/search/27415,https://images.metmuseum.org/CRDImages/aa/original/LC-14_25_1025-001.jpg,Spanish,CC0 (The Met Open Access),"no verificada (original del Met, normalmente >2000 px)",dated 1773,objeto de museo (foto),3,3,"Puntuación = estimación automática por metadatos (título, resolución, categoría de calidad); SIN revisión visual | Resolución no verificada | Spanish; Gift of William H. Riggs, 1913","«Rapier (dated 1773)», Spanish, CC0 (The Met Open Access), vía The Met Open Access: https://www.metmuseum.org/art/collection/search/27415"
13-armas-ropa,Cup-Hilted Rapier (17th century),https://www.metmuseum.org/art/collection/search/27364,https://images.metmuseum.org/CRDImages/aa/original/LC-14_25_998-001.jpg,Spanish,CC0 (The Met Open Access),"no verificada (original del Met, normalmente >2000 px)",17th century,objeto de museo (foto),3,3,"Puntuación = estimación automática por metadatos (título, resolución, categoría de calidad); SIN revisión visual | Resolución no verificada | Spanish; Gift of William H. Riggs, 1913","«Cup-Hilted Rapier (17th century)», Spanish, CC0 (The Met Open Access), vía The Met Open Access: https://www.metmuseum.org/art/collection/search/27364"
13-armas-ropa,Cup-Hilted Rapier (ca. 1650),https://www.metmuseum.org/art/collection/search/27362,https://images.metmuseum.org/CRDImages/aa/original/LC-14_25_995-002-2.jpg,Spanish,CC0 (The Met Open Access),"no verificada (original del Met, normalmente >2000 px)",ca. 1650,objeto de museo (foto),3,3,"Puntuación = estimación automática por metadatos (título, resolución, categoría de calidad); SIN revisión visual | Resolución no verificada | Spanish; Gift of William H. Riggs, 1913","«Cup-Hilted Rapier (ca. 1650)», Spanish, CC0 (The Met Open Access), vía The Met Open Access: https://www.metmuseum.org/art/collection/search/27362"
13-armas-ropa,Helmet (Sallet) (late 15th–early 16th century),https://www.metmuseum.org/art/collection/search/24900,https://images.metmuseum.org/CRDImages/aa/original/DP160368.jpg,"Spanish, possibly Granada",CC0 (The Met Open Access),"no verificada (original del Met, normalmente >2000 px)",late 15th–early 16th century,objeto de museo (foto),3,3,"Puntuación = estimación automática por metadatos (título, resolución, categoría de calidad); SIN revisión visual | Resolución no verificada | Spanish, possibly Granada; From the Lord Astor of Hever Collection, Purchase, The Vincent Astor Foundation Gift, 1983","«Helmet (Sallet) (late 15th–early 16th century)», Spanish, possibly Granada, CC0 (The Met Open Access), vía The Met Open Access: https://www.metmuseum.org/art/collection/search/24900"
13-armas-ropa,War Hat (late 15th century),https://www.metmuseum.org/art/collection/search/23092,https://images.metmuseum.org/CRDImages/aa/original/DP-12880-030.jpg,Spanish,CC0 (The Met Open Access),"no verificada (original del Met, normalmente >2000 px)",late 15th century,objeto de museo (foto),3,3,"Puntuación = estimación automática por metadatos (título, resolución, categoría de calidad); SIN revisión visual | Resolución no verificada | Spanish; Bashford Dean Memorial Collection, Bequest of Bashford Dean, 1928","«War Hat (late 15th century)», Spanish, CC0 (The Met Open Access), vía The Met Open Access: https://www.metmuseum.org/art/collection/search/23092"
13-armas-ropa,Helmet (16th century),https://www.metmuseum.org/art/collection/search/81541,https://images.metmuseum.org/CRDImages/ci/original/DP101962.jpg,Spanish,CC0 (The Met Open Access),"no verificada (original del Met, normalmente >2000 px)",16th century,objeto de museo (foto),3,3,"Puntuación = estimación automática por metadatos (título, resolución, categoría de calidad); SIN revisión visual | Resolución no verificada | Spanish; Rogers Fund, 1932","«Helmet (16th century)», Spanish, CC0 (The Met Open Access), vía The Met Open Access: https://www.metmuseum.org/art/collection/search/81541"
13-armas-ropa,Sallet (ca. 1450–1500),https://www.metmuseum.org/art/collection/search/25394,https://images.metmuseum.org/CRDImages/aa/original/DP22311.jpg,Spanish,CC0 (The Met Open Access),"no verificada (original del Met, normalmente >2000 px)",ca. 1450–1500,objeto de museo (foto),3,3,"Puntuación = estimación automática por metadatos (título, resolución, categoría de calidad); SIN revisión visual | Resolución no verificada | Spanish; Rogers Fund, 1904","«Sallet (ca. 1450–1500)», Spanish, CC0 (The Met Open Access), vía The Met Open Access: https://www.metmuseum.org/art/collection/search/25394"
13-armas-ropa,Cabasset (second half 16th century),https://www.metmuseum.org/art/collection/search/27105,https://images.metmuseum.org/CRDImages/aa/original/14.25.533_005AA2015.jpg,possibly Spanish,CC0 (The Met Open Access),"no verificada (original del Met, normalmente >2000 px)",second half 16th century,objeto de museo (foto),3,3,"Puntuación = estimación automática por metadatos (título, resolución, categoría de calidad); SIN revisión visual | Resolución no verificada | possibly Spanish; Gift of William H. Riggs, 1913","«Cabasset (second half 16th century)», possibly Spanish, CC0 (The Met Open Access), vía The Met Open Access: https://www.metmuseum.org/art/collection/search/27105"
13-armas-ropa,Sallet (late 15th century),https://www.metmuseum.org/art/collection/search/26452,https://images.metmuseum.org/CRDImages/aa/original/29.158.3a_007may2015.jpg,Spanish or Italian,CC0 (The Met Open Access),"no verificada (original del Met, normalmente >2000 px)",late 15th century,objeto de museo (foto),3,3,"Puntuación = estimación automática por metadatos (título, resolución, categoría de calidad); SIN revisión visual | Resolución no verificada | Spanish or Italian; Bashford Dean Memorial Collection, Funds from various donors, 1929","«Sallet (late 15th century)», Spanish or Italian, CC0 (The Met Open Access), vía The Met Open Access: https://www.metmuseum.org/art/collection/search/26452"
13-armas-ropa,Close-Helmet for the Tournament on Foot (ca. 1600–1610),https://www.metmuseum.org/art/collection/search/26520,https://images.metmuseum.org/CRDImages/aa/original/14.25.595_008mar2015.jpg,"Italian, Milan; or Spanish, Eugui",CC0 (The Met Open Access),"no verificada (original del Met, normalmente >2000 px)",ca. 1600–1610,objeto de museo (foto),3,3,"Puntuación = estimación automática por metadatos (título, resolución, categoría de calidad); SIN revisión visual | Resolución no verificada | Italian, Milan; or Spanish, Eugui; Gift of William H. Riggs, 1913","«Close-Helmet for the Tournament on Foot (ca. 1600–1610)», Italian, Milan; or Spanish, Eugui, CC0 (The Met Open Access), vía The Met Open Access: https://www.metmuseum.org/art/collection/search/26520"
